[-----------------------------------------]
[ PEAK RP1210(C) LOG
[ Record start: Mon Dec  5 13:29:52 2022
[-----------------------------------------]
Mon Dec  5 13:29:52.599 - [08984] RP1210_ClientConnect(0,1,'CAN:Baud=Auto',0,0,0): 1

[-----------------------------------------]
[ PEAK RP1210(C) LOG
[ Record start: Mon Dec  5 13:30:01 2022
[-----------------------------------------]
Mon Dec  5 13:30:01.013 - [11192] RP1210_ClientConnect(0,1,'CAN:Baud=Auto',0,0,0): ERR_HARDWARE_NOT_RESPONDING
Mon Dec  5 13:30:02.551 - [13048] RP1210_ClientConnect(0,1,'CAN:Baud=Auto',0,0,0): ERR_HARDWARE_NOT_RESPONDING
[-----------------------------------------]
[ PEAK RP1210(C) LOG
[ Record start: Mon Dec  5 13:31:00 2022
[-----------------------------------------]
Mon Dec  5 13:31:00.904 - [14044] RP1210_ClientConnect(0,1,'CAN:Baud=Auto',0,0,0): ERR_HARDWARE_NOT_RESPONDING
[-----------------------------------------]
[ PEAK RP1210(C) LOG
[ Record start: Mon Dec  5 13:31:29 2022
[-----------------------------------------]
Mon Dec  5 13:31:29.394 - [12148] RP1210_ClientConnect(0,1,'CAN:Baud=Auto',0,0,0): ERR_HARDWARE_NOT_RESPONDING
[-----------------------------------------]
[ PEAK RP1210(C) LOG
[ Record start: Mon Dec  5 13:33:14 2022
[-----------------------------------------]
Mon Dec  5 13:33:14.236 - [07532] RP1210_ClientConnect(0,1,'CAN:Baud=Auto',0,0,0): ERR_HARDWARE_NOT_RESPONDING
Mon Dec  5 13:33:29.630 - [10232] RP1210_ClientConnect(0,1,'CAN:Baud=Auto',0,0,0): 1
[-----------------------------------------]
[ PEAK RP1210(C) LOG
[ Record start: Mon Dec 12 12:47:40 2022
[-----------------------------------------]
Mon Dec 12 12:47:40.693 - [17868] RP1210_ClientConnect(0,1,'CAN:Baud=Auto',0,0,0): 1
Mon Dec 12 12:47:55.134 - [02832] RP1210_ClientConnect(0,1,'CAN:Baud=Auto',0,0,0): ERR_HARDWARE_NOT_RESPONDING
Mon Dec 12 12:49:21.117 - [07176] RP1210_ClientConnect(0,1,'CAN:Baud=Auto',0,0,0): ERR_HARDWARE_NOT_RESPONDING
Mon Dec 12 12:49:35.543 - [07236] RP1210_ClientConnect(0,1,'CAN:Baud=Auto',0,0,0): 2
[-----------------------------------------]
[ PEAK RP1210(C) LOG
[ Record start: Mon Dec 12 13:02:34 2022
[-----------------------------------------]
Mon Dec 12 13:02:34.612 - [18744] RP1210_ClientConnect(0,1,'CAN:Baud=Auto',0,0,0): ERR_HARDWARE_NOT_RESPONDING
[-----------------------------------------]
[ PEAK RP1210(C) LOG
[ Record start: Mon Dec 12 13:03:55 2022
[-----------------------------------------]
Mon Dec 12 13:03:55.404 - [16608] RP1210_ClientConnect(0,1,'CAN:Baud=Auto',0,0,0): ERR_HARDWARE_NOT_RESPONDING

[-----------------------------------------]
[ PEAK RP1210(C) LOG
[ Record start: Mon Dec 12 16:06:49 2022
[-----------------------------------------]
Mon Dec 12 16:06:49.595 - [13064] RP1210_ClientConnect(0,1,'CAN:Baud=Auto',0,0,0): ERR_HARDWARE_NOT_RESPONDING
Mon Dec 12 16:07:52.648 - [19296] RP1210_ClientConnect(0,1,'CAN:Baud=Auto',0,0,0): 1
[-----------------------------------------]
[ PEAK RP1210(C) LOG
[ Record start: Mon Dec 12 16:14:19 2022
[-----------------------------------------]
Mon Dec 12 16:14:19.331 - [09444] RP1210_ClientConnect(0,1,'CAN:Baud=Auto',0,0,0): 1

[-----------------------------------------]
[ PEAK RP1210(C) LOG
[ Record start: Mon Dec 12 16:26:40 2022
[-----------------------------------------]
Mon Dec 12 16:26:40.975 - [19220] RP1210_ClientConnect(0,1,'CAN:Baud=Auto',0,0,0): ERR_HARDWARE_NOT_RESPONDING

[-----------------------------------------]
[ PEAK RP1210(C) LOG
[ Record start: Mon Dec 12 16:27:00 2022
[-----------------------------------------]
Mon Dec 12 16:27:00.209 - [17708] RP1210_ClientConnect(0,1,'CAN:Baud=Auto',0,0,0): 1
[-----------------------------------------]
[ PEAK RP1210(C) LOG
[ Record start: Mon Dec 12 16:44:25 2022
[-----------------------------------------]
Mon Dec 12 16:44:25.192 - [06328] RP1210_ClientConnect(0,1,'CAN:Baud=Auto',0,0,0): ERR_HARDWARE_NOT_RESPONDING
[-----------------------------------------]
[ PEAK RP1210(C) LOG
[ Record start: Mon Dec 12 16:50:34 2022
[-----------------------------------------]
Mon Dec 12 16:50:34.279 - [13088] RP1210_ClientConnect(0,1,'CAN:Baud=Auto',0,0,0): ERR_HARDWARE_NOT_RESPONDING

[-----------------------------------------]
[ PEAK RP1210(C) LOG
[ Record start: Mon Dec 12 16:57:43 2022
[-----------------------------------------]
Mon Dec 12 16:57:43.822 - [04296] RP1210_ClientConnect(0,1,'CAN:Baud=Auto',0,0,0): ERR_HARDWARE_NOT_RESPONDING

[-----------------------------------------]
[ PEAK RP1210(C) LOG
[ Record start: Mon Dec 12 16:58:04 2022
[-----------------------------------------]
Mon Dec 12 16:58:04.154 - [02988] RP1210_ClientConnect(0,1,'CAN:Baud=Auto',0,0,0): ERR_HARDWARE_NOT_RESPONDING
[-----------------------------------------]
[ PEAK RP1210(C) LOG
[ Record start: Mon Dec 12 16:58:33 2022
[-----------------------------------------]
Mon Dec 12 16:58:33.616 - [16332] RP1210_ClientConnect(0,1,'CAN:Baud=Auto',0,0,0): ERR_HARDWARE_NOT_RESPONDING

[-----------------------------------------]
[ PEAK RP1210(C) LOG
[ Record start: Mon Dec 12 17:00:12 2022
[-----------------------------------------]
Mon Dec 12 17:00:12.455 - [14520] RP1210_ClientConnect(0,1,'CAN:Baud=Auto',0,0,0): ERR_HARDWARE_NOT_RESPONDING

[-----------------------------------------]
[ PEAK RP1210(C) LOG
[ Record start: Mon Dec 12 17:02:05 2022
[-----------------------------------------]
Mon Dec 12 17:02:05.570 - [12580] RP1210_ClientConnect(0,1,'CAN:Baud=Auto',0,0,0): ERR_HARDWARE_NOT_RESPONDING
Mon Dec 12 17:03:16.084 - [19496] RP1210_ClientConnect(0,1,'CAN:Baud=Auto',0,0,0): ERR_HARDWARE_NOT_RESPONDING
[-----------------------------------------]
[ PEAK RP1210(C) LOG
[ Record start: Tue Dec 13 15:19:37 2022
[-----------------------------------------]
Tue Dec 13 15:19:37.650 - [15568] RP1210_ClientConnect(0,1,'CAN:Baud=Auto',0,0,0): 1
Tue Dec 13 15:19:43.526 - [20236] RP1210_ClientConnect(0,1,'CAN:Baud=Auto',0,0,0): 2
[-----------------------------------------]
[ PEAK RP1210(C) LOG
[ Record start: Tue Dec 13 15:50:14 2022
[-----------------------------------------]
Tue Dec 13 15:50:14.076 - [18168] RP1210_ClientConnect(0,1,'CAN:Baud=Auto',0,0,0): 1

[-----------------------------------------]
[ PEAK RP1210(C) LOG
[ Record start: Tue Dec 13 15:50:19 2022
[-----------------------------------------]
Tue Dec 13 15:50:19.097 - [09084] RP1210_ClientConnect(0,1,'CAN:Baud=Auto',0,0,0): 1
[-----------------------------------------]
[ PEAK RP1210(C) LOG
[ Record start: Tue Dec 13 16:34:00 2022
[-----------------------------------------]
Tue Dec 13 16:34:00.540 - [18844] RP1210_ClientConnect(0,1,'CAN:Baud=Auto',0,0,0): 1

[-----------------------------------------]
[ PEAK RP1210(C) LOG
[ Record start: Tue Dec 13 16:34:11 2022
[-----------------------------------------]
Tue Dec 13 16:34:11.620 - [16516] RP1210_ClientConnect(0,1,'CAN:Baud=Auto',0,0,0): 1
[-----------------------------------------]
[ PEAK RP1210(C) LOG
[ Record start: Tue Dec 13 16:44:17 2022
[-----------------------------------------]
Tue Dec 13 16:44:17.209 - [19764] RP1210_ClientConnect(0,1,'CAN:Baud=Auto',0,0,0): 1

[-----------------------------------------]
[ PEAK RP1210(C) LOG
[ Record start: Tue Dec 13 16:44:18 2022
[-----------------------------------------]
Tue Dec 13 16:44:18.141 - [01620] RP1210_ClientConnect(0,1,'CAN:Baud=Auto',0,0,0): 1
Tue Dec 13 16:44:19.043 - [02732] RP1210_ClientConnect(0,1,'CAN:Baud=Auto',0,0,0): 2
Tue Dec 13 16:44:19.805 - [16020] RP1210_ClientConnect(0,1,'CAN:Baud=Auto',0,0,0): 3
Tue Dec 13 16:44:20.512 - [19800] RP1210_ClientConnect(0,1,'CAN:Baud=Auto',0,0,0): 4
[-----------------------------------------]
[ PEAK RP1210(C) LOG
[ Record start: Tue Dec 13 16:45:52 2022
[-----------------------------------------]
Tue Dec 13 16:45:52.554 - [05044] RP1210_ClientConnect(0,1,'CAN:Baud=Auto',0,0,0): 1
Tue Dec 13 16:45:53.580 - [11188] RP1210_ClientConnect(0,1,'CAN:Baud=Auto',0,0,0): 2
Tue Dec 13 16:45:54.650 - [06524] RP1210_ClientConnect(0,1,'CAN:Baud=Auto',0,0,0): 3
Tue Dec 13 16:45:55.471 - [03524] RP1210_ClientConnect(0,1,'CAN:Baud=Auto',0,0,0): 4
Tue Dec 13 16:45:56.389 - [14916] RP1210_ClientConnect(0,1,'CAN:Baud=Auto',0,0,0): 5
[-----------------------------------------]
[ PEAK RP1210(C) LOG
[ Record start: Tue Dec 13 16:46:25 2022
[-----------------------------------------]
Tue Dec 13 16:46:25.486 - [05464] RP1210_ClientConnect(0,1,'CAN:Baud=Auto',0,0,0): 1
Tue Dec 13 16:46:26.255 - [08408] RP1210_ClientConnect(0,1,'CAN:Baud=Auto',0,0,0): 2
Tue Dec 13 16:46:26.971 - [01272] RP1210_ClientConnect(0,1,'CAN:Baud=Auto',0,0,0): 3
Tue Dec 13 16:46:27.630 - [09104] RP1210_ClientConnect(0,1,'CAN:Baud=Auto',0,0,0): 4
Tue Dec 13 16:46:28.097 - [11816] RP1210_ClientConnect(0,1,'CAN:Baud=Auto',0,0,0): 5
Tue Dec 13 16:46:28.494 - [06528] RP1210_ClientConnect(0,1,'CAN:Baud=Auto',0,0,0): 6
Tue Dec 13 16:46:28.818 - [06480] RP1210_ClientConnect(0,1,'CAN:Baud=Auto',0,0,0): 7
[-----------------------------------------]
[ PEAK RP1210(C) LOG
[ Record start: Tue Dec 13 16:48:32 2022
[-----------------------------------------]
Tue Dec 13 16:48:32.813 - [12748] RP1210_ClientConnect(0,1,'CAN:Baud=Auto',0,0,0): 1
Tue Dec 13 16:48:39.043 - [15076] RP1210_ClientConnect(0,1,'CAN:Baud=Auto',0,0,0): 2
Tue Dec 13 16:48:47.370 - [19064] RP1210_ClientConnect(0,1,'CAN:Baud=Auto',0,0,0): 3
[-----------------------------------------]
[ PEAK RP1210(C) LOG
[ Record start: Tue Dec 13 16:53:06 2022
[-----------------------------------------]
Tue Dec 13 16:53:06.989 - [07912] RP1210_ClientConnect(0,1,'CAN:Baud=Auto',0,0,0): 1
Tue Dec 13 16:53:06.999 - [07912] RP1210_ClientConnect(0,1,'CAN:Baud=Auto',0,0,0): 2
Tue Dec 13 16:53:07.007 - [07912] RP1210_ClientConnect(0,1,'CAN:Baud=Auto',0,0,0): 3
Tue Dec 13 16:53:07.016 - [07912] RP1210_ClientConnect(0,1,'CAN:Baud=Auto',0,0,0): 4
Tue Dec 13 16:53:07.026 - [07912] RP1210_ClientConnect(0,1,'CAN:Baud=Auto',0,0,0): 5
Tue Dec 13 16:53:07.038 - [07912] RP1210_ClientConnect(0,1,'CAN:Baud=Auto',0,0,0): 6
Tue Dec 13 16:53:07.045 - [07912] RP1210_ClientConnect(0,1,'CAN:Baud=Auto',0,0,0): 7
Tue Dec 13 16:53:07.054 - [07912] RP1210_ClientConnect(0,1,'CAN:Baud=Auto',0,0,0): 8
Tue Dec 13 16:53:07.060 - [07912] RP1210_ClientConnect(0,1,'CAN:Baud=Auto',0,0,0): 9
Tue Dec 13 16:53:07.069 - [07912] RP1210_ClientConnect(0,1,'CAN:Baud=Auto',0,0,0): 10
Tue Dec 13 16:53:07.076 - [07912] RP1210_ClientConnect(0,1,'CAN:Baud=Auto',0,0,0): 11
Tue Dec 13 16:53:07.090 - [07912] RP1210_ClientConnect(0,1,'CAN:Baud=Auto',0,0,0): 12
Tue Dec 13 16:53:07.101 - [07912] RP1210_ClientConnect(0,1,'CAN:Baud=Auto',0,0,0): 13
Tue Dec 13 16:53:07.108 - [07912] RP1210_ClientConnect(0,1,'CAN:Baud=Auto',0,0,0): 14
Tue Dec 13 16:53:07.114 - [07912] RP1210_ClientConnect(0,1,'CAN:Baud=Auto',0,0,0): 15
Tue Dec 13 16:53:07.121 - [07912] RP1210_ClientConnect(0,1,'CAN:Baud=Auto',0,0,0): 16
Tue Dec 13 16:53:07.154 - [07912] RP1210_ClientConnect(0,1,'CAN:Baud=Auto',0,0,0): 17
Tue Dec 13 16:53:07.160 - [07912] RP1210_ClientConnect(0,1,'CAN:Baud=Auto',0,0,0): 18
Tue Dec 13 16:53:07.168 - [07912] RP1210_ClientConnect(0,1,'CAN:Baud=Auto',0,0,0): 19
Tue Dec 13 16:53:07.175 - [07912] RP1210_ClientConnect(0,1,'CAN:Baud=Auto',0,0,0): 20
Tue Dec 13 16:53:07.183 - [07912] RP1210_ClientConnect(0,1,'CAN:Baud=Auto',0,0,0): 21
Tue Dec 13 16:53:07.189 - [07912] RP1210_ClientConnect(0,1,'CAN:Baud=Auto',0,0,0): 22
Tue Dec 13 16:53:07.194 - [07912] RP1210_ClientConnect(0,1,'CAN:Baud=Auto',0,0,0): 23
Tue Dec 13 16:53:07.203 - [07912] RP1210_ClientConnect(0,1,'CAN:Baud=Auto',0,0,0): 24
Tue Dec 13 16:53:07.209 - [07912] RP1210_ClientConnect(0,1,'CAN:Baud=Auto',0,0,0): 25
Tue Dec 13 16:53:07.219 - [07912] RP1210_ClientConnect(0,1,'CAN:Baud=Auto',0,0,0): 26
Tue Dec 13 16:53:07.224 - [07912] RP1210_ClientConnect(0,1,'CAN:Baud=Auto',0,0,0): 27
Tue Dec 13 16:53:07.233 - [07912] RP1210_ClientConnect(0,1,'CAN:Baud=Auto',0,0,0): 28
Tue Dec 13 16:53:07.239 - [07912] RP1210_ClientConnect(0,1,'CAN:Baud=Auto',0,0,0): 29
Tue Dec 13 16:53:07.248 - [07912] RP1210_ClientConnect(0,1,'CAN:Baud=Auto',0,0,0): 30
Tue Dec 13 16:53:07.258 - [07912] RP1210_ClientConnect(0,1,'CAN:Baud=Auto',0,0,0): 31
Tue Dec 13 16:53:07.265 - [07912] RP1210_ClientConnect(0,1,'CAN:Baud=Auto',0,0,0): 32
Tue Dec 13 16:53:07.272 - [07912] RP1210_ClientConnect(0,1,'CAN:Baud=Auto',0,0,0): 33
Tue Dec 13 16:53:07.279 - [07912] RP1210_ClientConnect(0,1,'CAN:Baud=Auto',0,0,0): 34
Tue Dec 13 16:53:07.286 - [07912] RP1210_ClientConnect(0,1,'CAN:Baud=Auto',0,0,0): 35
Tue Dec 13 16:53:07.292 - [07912] RP1210_ClientConnect(0,1,'CAN:Baud=Auto',0,0,0): 36
Tue Dec 13 16:53:07.300 - [07912] RP1210_ClientConnect(0,1,'CAN:Baud=Auto',0,0,0): 37
Tue Dec 13 16:53:07.306 - [07912] RP1210_ClientConnect(0,1,'CAN:Baud=Auto',0,0,0): 38
Tue Dec 13 16:53:07.314 - [07912] RP1210_ClientConnect(0,1,'CAN:Baud=Auto',0,0,0): 39
Tue Dec 13 16:53:07.320 - [07912] RP1210_ClientConnect(0,1,'CAN:Baud=Auto',0,0,0): 40
Tue Dec 13 16:53:07.327 - [07912] RP1210_ClientConnect(0,1,'CAN:Baud=Auto',0,0,0): 41
Tue Dec 13 16:53:07.336 - [07912] RP1210_ClientConnect(0,1,'CAN:Baud=Auto',0,0,0): 42
Tue Dec 13 16:53:07.343 - [07912] RP1210_ClientConnect(0,1,'CAN:Baud=Auto',0,0,0): 43
Tue Dec 13 16:53:07.351 - [07912] RP1210_ClientConnect(0,1,'CAN:Baud=Auto',0,0,0): 44
Tue Dec 13 16:53:07.357 - [07912] RP1210_ClientConnect(0,1,'CAN:Baud=Auto',0,0,0): 45
Tue Dec 13 16:53:07.366 - [07912] RP1210_ClientConnect(0,1,'CAN:Baud=Auto',0,0,0): 46
Tue Dec 13 16:53:07.372 - [07912] RP1210_ClientConnect(0,1,'CAN:Baud=Auto',0,0,0): 47
Tue Dec 13 16:53:07.377 - [07912] RP1210_ClientConnect(0,1,'CAN:Baud=Auto',0,0,0): 48
Tue Dec 13 16:53:07.385 - [07912] RP1210_ClientConnect(0,1,'CAN:Baud=Auto',0,0,0): 49
Tue Dec 13 16:53:07.392 - [07912] RP1210_ClientConnect(0,1,'CAN:Baud=Auto',0,0,0): 50
Tue Dec 13 16:53:07.402 - [07912] RP1210_ClientConnect(0,1,'CAN:Baud=Auto',0,0,0): 51
Tue Dec 13 16:53:07.408 - [07912] RP1210_ClientConnect(0,1,'CAN:Baud=Auto',0,0,0): 52
Tue Dec 13 16:53:07.417 - [07912] RP1210_ClientConnect(0,1,'CAN:Baud=Auto',0,0,0): 53
Tue Dec 13 16:53:07.424 - [07912] RP1210_ClientConnect(0,1,'CAN:Baud=Auto',0,0,0): 54
Tue Dec 13 16:53:07.433 - [07912] RP1210_ClientConnect(0,1,'CAN:Baud=Auto',0,0,0): 55
Tue Dec 13 16:53:07.440 - [07912] RP1210_ClientConnect(0,1,'CAN:Baud=Auto',0,0,0): 56
Tue Dec 13 16:53:07.450 - [07912] RP1210_ClientConnect(0,1,'CAN:Baud=Auto',0,0,0): 57
Tue Dec 13 16:53:07.457 - [07912] RP1210_ClientConnect(0,1,'CAN:Baud=Auto',0,0,0): 58
Tue Dec 13 16:53:07.465 - [07912] RP1210_ClientConnect(0,1,'CAN:Baud=Auto',0,0,0): 59
Tue Dec 13 16:53:07.472 - [07912] RP1210_ClientConnect(0,1,'CAN:Baud=Auto',0,0,0): 60
Tue Dec 13 16:53:07.477 - [07912] RP1210_ClientConnect(0,1,'CAN:Baud=Auto',0,0,0): 61
Tue Dec 13 16:53:07.485 - [07912] RP1210_ClientConnect(0,1,'CAN:Baud=Auto',0,0,0): 62
Tue Dec 13 16:53:07.491 - [07912] RP1210_ClientConnect(0,1,'CAN:Baud=Auto',0,0,0): 63
Tue Dec 13 16:53:07.498 - [07912] RP1210_ClientConnect(0,1,'CAN:Baud=Auto',0,0,0): ERR_HARDWARE_NOT_RESPONDING
Tue Dec 13 16:53:07.503 - [07912] RP1210_ClientConnect(0,1,'CAN:Baud=Auto',0,0,0): ERR_HARDWARE_NOT_RESPONDING
Tue Dec 13 16:53:07.509 - [07912] RP1210_ClientConnect(0,1,'CAN:Baud=Auto',0,0,0): ERR_HARDWARE_NOT_RESPONDING
Tue Dec 13 16:53:07.517 - [07912] RP1210_ClientConnect(0,1,'CAN:Baud=Auto',0,0,0): ERR_HARDWARE_NOT_RESPONDING
Tue Dec 13 16:53:07.522 - [07912] RP1210_ClientConnect(0,1,'CAN:Baud=Auto',0,0,0): ERR_HARDWARE_NOT_RESPONDING
Tue Dec 13 16:53:07.528 - [07912] RP1210_ClientConnect(0,1,'CAN:Baud=Auto',0,0,0): ERR_HARDWARE_NOT_RESPONDING
Tue Dec 13 16:53:07.536 - [07912] RP1210_ClientConnect(0,1,'CAN:Baud=Auto',0,0,0): ERR_HARDWARE_NOT_RESPONDING
Tue Dec 13 16:53:07.541 - [07912] RP1210_ClientConnect(0,1,'CAN:Baud=Auto',0,0,0): ERR_HARDWARE_NOT_RESPONDING
Tue Dec 13 16:53:07.548 - [07912] RP1210_ClientConnect(0,1,'CAN:Baud=Auto',0,0,0): ERR_HARDWARE_NOT_RESPONDING
Tue Dec 13 16:53:07.554 - [07912] RP1210_ClientConnect(0,1,'CAN:Baud=Auto',0,0,0): ERR_HARDWARE_NOT_RESPONDING
Tue Dec 13 16:53:07.559 - [07912] RP1210_ClientConnect(0,1,'CAN:Baud=Auto',0,0,0): ERR_HARDWARE_NOT_RESPONDING
Tue Dec 13 16:53:07.567 - [07912] RP1210_ClientConnect(0,1,'CAN:Baud=Auto',0,0,0): ERR_HARDWARE_NOT_RESPONDING
Tue Dec 13 16:53:07.573 - [07912] RP1210_ClientConnect(0,1,'CAN:Baud=Auto',0,0,0): ERR_HARDWARE_NOT_RESPONDING
Tue Dec 13 16:53:07.579 - [07912] RP1210_ClientConnect(0,1,'CAN:Baud=Auto',0,0,0): ERR_HARDWARE_NOT_RESPONDING
Tue Dec 13 16:53:07.585 - [07912] RP1210_ClientConnect(0,1,'CAN:Baud=Auto',0,0,0): ERR_HARDWARE_NOT_RESPONDING
Tue Dec 13 16:53:07.591 - [07912] RP1210_ClientConnect(0,1,'CAN:Baud=Auto',0,0,0): ERR_HARDWARE_NOT_RESPONDING
Tue Dec 13 16:53:07.598 - [07912] RP1210_ClientConnect(0,1,'CAN:Baud=Auto',0,0,0): ERR_HARDWARE_NOT_RESPONDING
Tue Dec 13 16:53:07.604 - [07912] RP1210_ClientConnect(0,1,'CAN:Baud=Auto',0,0,0): ERR_HARDWARE_NOT_RESPONDING
Tue Dec 13 16:53:07.610 - [07912] RP1210_ClientConnect(0,1,'CAN:Baud=Auto',0,0,0): ERR_HARDWARE_NOT_RESPONDING
Tue Dec 13 16:53:07.622 - [07912] RP1210_ClientConnect(0,1,'CAN:Baud=Auto',0,0,0): ERR_HARDWARE_NOT_RESPONDING
Tue Dec 13 16:53:07.627 - [07912] RP1210_ClientConnect(0,1,'CAN:Baud=Auto',0,0,0): ERR_HARDWARE_NOT_RESPONDING
Tue Dec 13 16:53:07.637 - [07912] RP1210_ClientConnect(0,1,'CAN:Baud=Auto',0,0,0): ERR_HARDWARE_NOT_RESPONDING
Tue Dec 13 16:53:07.643 - [07912] RP1210_ClientConnect(0,1,'CAN:Baud=Auto',0,0,0): ERR_HARDWARE_NOT_RESPONDING
Tue Dec 13 16:53:07.651 - [07912] RP1210_ClientConnect(0,1,'CAN:Baud=Auto',0,0,0): ERR_HARDWARE_NOT_RESPONDING
Tue Dec 13 16:53:07.656 - [07912] RP1210_ClientConnect(0,1,'CAN:Baud=Auto',0,0,0): ERR_HARDWARE_NOT_RESPONDING
Tue Dec 13 16:53:07.660 - [07912] RP1210_ClientConnect(0,1,'CAN:Baud=Auto',0,0,0): ERR_HARDWARE_NOT_RESPONDING
Tue Dec 13 16:53:07.667 - [07912] RP1210_ClientConnect(0,1,'CAN:Baud=Auto',0,0,0): ERR_HARDWARE_NOT_RESPONDING
Tue Dec 13 16:53:07.672 - [07912] RP1210_ClientConnect(0,1,'CAN:Baud=Auto',0,0,0): ERR_HARDWARE_NOT_RESPONDING
Tue Dec 13 16:53:07.678 - [07912] RP1210_ClientConnect(0,1,'CAN:Baud=Auto',0,0,0): ERR_HARDWARE_NOT_RESPONDING
Tue Dec 13 16:53:07.685 - [07912] RP1210_ClientConnect(0,1,'CAN:Baud=Auto',0,0,0): ERR_HARDWARE_NOT_RESPONDING
Tue Dec 13 16:53:07.690 - [07912] RP1210_ClientConnect(0,1,'CAN:Baud=Auto',0,0,0): ERR_HARDWARE_NOT_RESPONDING
Tue Dec 13 16:53:07.696 - [07912] RP1210_ClientConnect(0,1,'CAN:Baud=Auto',0,0,0): ERR_HARDWARE_NOT_RESPONDING
Tue Dec 13 16:53:07.702 - [07912] RP1210_ClientConnect(0,1,'CAN:Baud=Auto',0,0,0): ERR_HARDWARE_NOT_RESPONDING
Tue Dec 13 16:53:07.707 - [07912] RP1210_ClientConnect(0,1,'CAN:Baud=Auto',0,0,0): ERR_HARDWARE_NOT_RESPONDING
Tue Dec 13 16:53:07.713 - [07912] RP1210_ClientConnect(0,1,'CAN:Baud=Auto',0,0,0): ERR_HARDWARE_NOT_RESPONDING
Tue Dec 13 16:53:07.719 - [07912] RP1210_ClientConnect(0,1,'CAN:Baud=Auto',0,0,0): ERR_HARDWARE_NOT_RESPONDING
Tue Dec 13 16:53:07.724 - [07912] RP1210_ClientConnect(0,1,'CAN:Baud=Auto',0,0,0): ERR_HARDWARE_NOT_RESPONDING
Tue Dec 13 16:53:07.730 - [07912] RP1210_ClientConnect(0,1,'CAN:Baud=Auto',0,0,0): ERR_HARDWARE_NOT_RESPONDING
Tue Dec 13 16:53:07.738 - [07912] RP1210_ClientConnect(0,1,'CAN:Baud=Auto',0,0,0): ERR_HARDWARE_NOT_RESPONDING
Tue Dec 13 16:53:07.745 - [07912] RP1210_ClientConnect(0,1,'CAN:Baud=Auto',0,0,0): ERR_HARDWARE_NOT_RESPONDING
Tue Dec 13 16:53:07.752 - [07912] RP1210_ClientConnect(0,1,'CAN:Baud=Auto',0,0,0): ERR_HARDWARE_NOT_RESPONDING
Tue Dec 13 16:53:07.758 - [07912] RP1210_ClientConnect(0,1,'CAN:Baud=Auto',0,0,0): ERR_HARDWARE_NOT_RESPONDING
Tue Dec 13 16:53:07.765 - [07912] RP1210_ClientConnect(0,1,'CAN:Baud=Auto',0,0,0): ERR_HARDWARE_NOT_RESPONDING
Tue Dec 13 16:53:07.770 - [07912] RP1210_ClientConnect(0,1,'CAN:Baud=Auto',0,0,0): ERR_HARDWARE_NOT_RESPONDING
Tue Dec 13 16:53:07.775 - [07912] RP1210_ClientConnect(0,1,'CAN:Baud=Auto',0,0,0): ERR_HARDWARE_NOT_RESPONDING
Tue Dec 13 16:53:07.781 - [07912] RP1210_ClientConnect(0,1,'CAN:Baud=Auto',0,0,0): ERR_HARDWARE_NOT_RESPONDING
Tue Dec 13 16:53:07.786 - [07912] RP1210_ClientConnect(0,1,'CAN:Baud=Auto',0,0,0): ERR_HARDWARE_NOT_RESPONDING
Tue Dec 13 16:53:07.792 - [07912] RP1210_ClientConnect(0,1,'CAN:Baud=Auto',0,0,0): ERR_HARDWARE_NOT_RESPONDING
Tue Dec 13 16:53:07.799 - [07912] RP1210_ClientConnect(0,1,'CAN:Baud=Auto',0,0,0): ERR_HARDWARE_NOT_RESPONDING
Tue Dec 13 16:53:07.804 - [07912] RP1210_ClientConnect(0,1,'CAN:Baud=Auto',0,0,0): ERR_HARDWARE_NOT_RESPONDING
Tue Dec 13 16:53:07.810 - [07912] RP1210_ClientConnect(0,1,'CAN:Baud=Auto',0,0,0): ERR_HARDWARE_NOT_RESPONDING
Tue Dec 13 16:53:07.817 - [07912] RP1210_ClientConnect(0,1,'CAN:Baud=Auto',0,0,0): ERR_HARDWARE_NOT_RESPONDING
Tue Dec 13 16:53:07.822 - [07912] RP1210_ClientConnect(0,1,'CAN:Baud=Auto',0,0,0): ERR_HARDWARE_NOT_RESPONDING
Tue Dec 13 16:53:07.827 - [07912] RP1210_ClientConnect(0,1,'CAN:Baud=Auto',0,0,0): ERR_HARDWARE_NOT_RESPONDING
Tue Dec 13 16:53:07.834 - [07912] RP1210_ClientConnect(0,1,'CAN:Baud=Auto',0,0,0): ERR_HARDWARE_NOT_RESPONDING
Tue Dec 13 16:53:07.839 - [07912] RP1210_ClientConnect(0,1,'CAN:Baud=Auto',0,0,0): ERR_HARDWARE_NOT_RESPONDING
Tue Dec 13 16:53:07.844 - [07912] RP1210_ClientConnect(0,1,'CAN:Baud=Auto',0,0,0): ERR_HARDWARE_NOT_RESPONDING
Tue Dec 13 16:53:07.851 - [07912] RP1210_ClientConnect(0,1,'CAN:Baud=Auto',0,0,0): ERR_HARDWARE_NOT_RESPONDING
Tue Dec 13 16:53:07.857 - [07912] RP1210_ClientConnect(0,1,'CAN:Baud=Auto',0,0,0): ERR_HARDWARE_NOT_RESPONDING
Tue Dec 13 16:53:07.862 - [07912] RP1210_ClientConnect(0,1,'CAN:Baud=Auto',0,0,0): ERR_HARDWARE_NOT_RESPONDING
Tue Dec 13 16:53:07.869 - [07912] RP1210_ClientConnect(0,1,'CAN:Baud=Auto',0,0,0): ERR_HARDWARE_NOT_RESPONDING
Tue Dec 13 16:53:07.874 - [07912] RP1210_ClientConnect(0,1,'CAN:Baud=Auto',0,0,0): ERR_HARDWARE_NOT_RESPONDING
Tue Dec 13 16:53:07.880 - [07912] RP1210_ClientConnect(0,1,'CAN:Baud=Auto',0,0,0): ERR_HARDWARE_NOT_RESPONDING
Tue Dec 13 16:53:07.886 - [07912] RP1210_ClientConnect(0,1,'CAN:Baud=Auto',0,0,0): ERR_HARDWARE_NOT_RESPONDING
Tue Dec 13 16:53:07.891 - [07912] RP1210_ClientConnect(0,1,'CAN:Baud=Auto',0,0,0): ERR_HARDWARE_NOT_RESPONDING
Tue Dec 13 16:53:07.897 - [07912] RP1210_ClientConnect(0,1,'CAN:Baud=Auto',0,0,0): ERR_HARDWARE_NOT_RESPONDING
Tue Dec 13 16:53:07.903 - [07912] RP1210_ClientConnect(0,1,'CAN:Baud=Auto',0,0,0): ERR_HARDWARE_NOT_RESPONDING
Tue Dec 13 16:53:07.911 - [07912] RP1210_ClientConnect(0,1,'CAN:Baud=Auto',0,0,0): ERR_HARDWARE_NOT_RESPONDING
Tue Dec 13 16:53:07.918 - [07912] RP1210_ClientConnect(0,1,'CAN:Baud=Auto',0,0,0): ERR_HARDWARE_NOT_RESPONDING
Tue Dec 13 16:53:07.924 - [07912] RP1210_ClientConnect(0,1,'CAN:Baud=Auto',0,0,0): ERR_HARDWARE_NOT_RESPONDING
Tue Dec 13 16:53:07.930 - [07912] RP1210_ClientConnect(0,1,'CAN:Baud=Auto',0,0,0): ERR_HARDWARE_NOT_RESPONDING
Tue Dec 13 16:53:07.936 - [07912] RP1210_ClientConnect(0,1,'CAN:Baud=Auto',0,0,0): ERR_HARDWARE_NOT_RESPONDING
Tue Dec 13 16:53:07.941 - [07912] RP1210_ClientConnect(0,1,'CAN:Baud=Auto',0,0,0): ERR_HARDWARE_NOT_RESPONDING
Tue Dec 13 16:53:07.947 - [07912] RP1210_ClientConnect(0,1,'CAN:Baud=Auto',0,0,0): ERR_HARDWARE_NOT_RESPONDING
Tue Dec 13 16:53:07.953 - [07912] RP1210_ClientConnect(0,1,'CAN:Baud=Auto',0,0,0): ERR_HARDWARE_NOT_RESPONDING
Tue Dec 13 16:53:07.960 - [07912] RP1210_ClientConnect(0,1,'CAN:Baud=Auto',0,0,0): ERR_HARDWARE_NOT_RESPONDING
Tue Dec 13 16:53:07.967 - [07912] RP1210_ClientConnect(0,1,'CAN:Baud=Auto',0,0,0): ERR_HARDWARE_NOT_RESPONDING
Tue Dec 13 16:53:07.972 - [07912] RP1210_ClientConnect(0,1,'CAN:Baud=Auto',0,0,0): ERR_HARDWARE_NOT_RESPONDING
Tue Dec 13 16:53:07.978 - [07912] RP1210_ClientConnect(0,1,'CAN:Baud=Auto',0,0,0): ERR_HARDWARE_NOT_RESPONDING
Tue Dec 13 16:53:07.985 - [07912] RP1210_ClientConnect(0,1,'CAN:Baud=Auto',0,0,0): ERR_HARDWARE_NOT_RESPONDING
Tue Dec 13 16:53:07.991 - [07912] RP1210_ClientConnect(0,1,'CAN:Baud=Auto',0,0,0): ERR_HARDWARE_NOT_RESPONDING
Tue Dec 13 16:53:07.998 - [07912] RP1210_ClientConnect(0,1,'CAN:Baud=Auto',0,0,0): ERR_HARDWARE_NOT_RESPONDING
Tue Dec 13 16:53:08.003 - [07912] RP1210_ClientConnect(0,1,'CAN:Baud=Auto',0,0,0): ERR_HARDWARE_NOT_RESPONDING
Tue Dec 13 16:53:08.008 - [07912] RP1210_ClientConnect(0,1,'CAN:Baud=Auto',0,0,0): ERR_HARDWARE_NOT_RESPONDING
Tue Dec 13 16:53:08.015 - [07912] RP1210_ClientConnect(0,1,'CAN:Baud=Auto',0,0,0): ERR_HARDWARE_NOT_RESPONDING
Tue Dec 13 16:53:08.020 - [07912] RP1210_ClientConnect(0,1,'CAN:Baud=Auto',0,0,0): ERR_HARDWARE_NOT_RESPONDING
Tue Dec 13 16:53:08.026 - [07912] RP1210_ClientConnect(0,1,'CAN:Baud=Auto',0,0,0): ERR_HARDWARE_NOT_RESPONDING
Tue Dec 13 16:53:08.033 - [07912] RP1210_ClientConnect(0,1,'CAN:Baud=Auto',0,0,0): ERR_HARDWARE_NOT_RESPONDING
Tue Dec 13 16:53:08.039 - [07912] RP1210_ClientConnect(0,1,'CAN:Baud=Auto',0,0,0): ERR_HARDWARE_NOT_RESPONDING
Tue Dec 13 16:53:08.044 - [07912] RP1210_ClientConnect(0,1,'CAN:Baud=Auto',0,0,0): ERR_HARDWARE_NOT_RESPONDING
Tue Dec 13 16:53:08.051 - [07912] RP1210_ClientConnect(0,1,'CAN:Baud=Auto',0,0,0): ERR_HARDWARE_NOT_RESPONDING
Tue Dec 13 16:53:08.056 - [07912] RP1210_ClientConnect(0,1,'CAN:Baud=Auto',0,0,0): ERR_HARDWARE_NOT_RESPONDING
Tue Dec 13 16:53:08.062 - [07912] RP1210_ClientConnect(0,1,'CAN:Baud=Auto',0,0,0): ERR_HARDWARE_NOT_RESPONDING
Tue Dec 13 16:53:08.068 - [07912] RP1210_ClientConnect(0,1,'CAN:Baud=Auto',0,0,0): ERR_HARDWARE_NOT_RESPONDING
Tue Dec 13 16:53:08.074 - [07912] RP1210_ClientConnect(0,1,'CAN:Baud=Auto',0,0,0): ERR_HARDWARE_NOT_RESPONDING
Tue Dec 13 16:53:08.079 - [07912] RP1210_ClientConnect(0,1,'CAN:Baud=Auto',0,0,0): ERR_HARDWARE_NOT_RESPONDING
Tue Dec 13 16:53:08.085 - [07912] RP1210_ClientConnect(0,1,'CAN:Baud=Auto',0,0,0): ERR_HARDWARE_NOT_RESPONDING
Tue Dec 13 16:53:08.091 - [07912] RP1210_ClientConnect(0,1,'CAN:Baud=Auto',0,0,0): ERR_HARDWARE_NOT_RESPONDING
Tue Dec 13 16:53:08.096 - [07912] RP1210_ClientConnect(0,1,'CAN:Baud=Auto',0,0,0): ERR_HARDWARE_NOT_RESPONDING
Tue Dec 13 16:53:08.102 - [07912] RP1210_ClientConnect(0,1,'CAN:Baud=Auto',0,0,0): ERR_HARDWARE_NOT_RESPONDING
Tue Dec 13 16:53:08.107 - [07912] RP1210_ClientConnect(0,1,'CAN:Baud=Auto',0,0,0): ERR_HARDWARE_NOT_RESPONDING
Tue Dec 13 16:53:08.114 - [07912] RP1210_ClientConnect(0,1,'CAN:Baud=Auto',0,0,0): ERR_HARDWARE_NOT_RESPONDING
Tue Dec 13 16:53:08.120 - [07912] RP1210_ClientConnect(0,1,'CAN:Baud=Auto',0,0,0): ERR_HARDWARE_NOT_RESPONDING
Tue Dec 13 16:53:08.125 - [07912] RP1210_ClientConnect(0,1,'CAN:Baud=Auto',0,0,0): ERR_HARDWARE_NOT_RESPONDING
Tue Dec 13 16:53:08.130 - [07912] RP1210_ClientConnect(0,1,'CAN:Baud=Auto',0,0,0): ERR_HARDWARE_NOT_RESPONDING
Tue Dec 13 16:53:08.136 - [07912] RP1210_ClientConnect(0,1,'CAN:Baud=Auto',0,0,0): ERR_HARDWARE_NOT_RESPONDING
Tue Dec 13 16:53:08.143 - [07912] RP1210_ClientConnect(0,1,'CAN:Baud=Auto',0,0,0): ERR_HARDWARE_NOT_RESPONDING
Tue Dec 13 16:53:08.150 - [07912] RP1210_ClientConnect(0,1,'CAN:Baud=Auto',0,0,0): ERR_HARDWARE_NOT_RESPONDING
Tue Dec 13 16:53:08.156 - [07912] RP1210_ClientConnect(0,1,'CAN:Baud=Auto',0,0,0): ERR_HARDWARE_NOT_RESPONDING
Tue Dec 13 16:53:08.162 - [07912] RP1210_ClientConnect(0,1,'CAN:Baud=Auto',0,0,0): ERR_HARDWARE_NOT_RESPONDING
Tue Dec 13 16:53:08.169 - [07912] RP1210_ClientConnect(0,1,'CAN:Baud=Auto',0,0,0): ERR_HARDWARE_NOT_RESPONDING
Tue Dec 13 16:53:08.175 - [07912] RP1210_ClientConnect(0,1,'CAN:Baud=Auto',0,0,0): ERR_HARDWARE_NOT_RESPONDING
Tue Dec 13 16:53:08.181 - [07912] RP1210_ClientConnect(0,1,'CAN:Baud=Auto',0,0,0): ERR_HARDWARE_NOT_RESPONDING
Tue Dec 13 16:53:08.186 - [07912] RP1210_ClientConnect(0,1,'CAN:Baud=Auto',0,0,0): ERR_HARDWARE_NOT_RESPONDING
Tue Dec 13 16:53:08.191 - [07912] RP1210_ClientConnect(0,1,'CAN:Baud=Auto',0,0,0): ERR_HARDWARE_NOT_RESPONDING
Tue Dec 13 16:53:08.199 - [07912] RP1210_ClientConnect(0,1,'CAN:Baud=Auto',0,0,0): ERR_HARDWARE_NOT_RESPONDING
Tue Dec 13 16:53:08.204 - [07912] RP1210_ClientConnect(0,1,'CAN:Baud=Auto',0,0,0): ERR_HARDWARE_NOT_RESPONDING
Tue Dec 13 16:53:08.209 - [07912] RP1210_ClientConnect(0,1,'CAN:Baud=Auto',0,0,0): ERR_HARDWARE_NOT_RESPONDING
Tue Dec 13 16:53:08.217 - [07912] RP1210_ClientConnect(0,1,'CAN:Baud=Auto',0,0,0): ERR_HARDWARE_NOT_RESPONDING
Tue Dec 13 16:53:08.223 - [07912] RP1210_ClientConnect(0,1,'CAN:Baud=Auto',0,0,0): ERR_HARDWARE_NOT_RESPONDING
Tue Dec 13 16:53:08.228 - [07912] RP1210_ClientConnect(0,1,'CAN:Baud=Auto',0,0,0): ERR_HARDWARE_NOT_RESPONDING
Tue Dec 13 16:53:08.238 - [07912] RP1210_ClientConnect(0,1,'CAN:Baud=Auto',0,0,0): ERR_HARDWARE_NOT_RESPONDING
Tue Dec 13 16:53:08.244 - [07912] RP1210_ClientConnect(0,1,'CAN:Baud=Auto',0,0,0): ERR_HARDWARE_NOT_RESPONDING
Tue Dec 13 16:53:08.252 - [07912] RP1210_ClientConnect(0,1,'CAN:Baud=Auto',0,0,0): ERR_HARDWARE_NOT_RESPONDING
Tue Dec 13 16:53:08.258 - [07912] RP1210_ClientConnect(0,1,'CAN:Baud=Auto',0,0,0): ERR_HARDWARE_NOT_RESPONDING
Tue Dec 13 16:53:08.263 - [07912] RP1210_ClientConnect(0,1,'CAN:Baud=Auto',0,0,0): ERR_HARDWARE_NOT_RESPONDING
Tue Dec 13 16:53:08.272 - [07912] RP1210_ClientConnect(0,1,'CAN:Baud=Auto',0,0,0): ERR_HARDWARE_NOT_RESPONDING
Tue Dec 13 16:53:08.277 - [07912] RP1210_ClientConnect(0,1,'CAN:Baud=Auto',0,0,0): ERR_HARDWARE_NOT_RESPONDING
Tue Dec 13 16:53:08.286 - [07912] RP1210_ClientConnect(0,1,'CAN:Baud=Auto',0,0,0): ERR_HARDWARE_NOT_RESPONDING
Tue Dec 13 16:53:08.291 - [07912] RP1210_ClientConnect(0,1,'CAN:Baud=Auto',0,0,0): ERR_HARDWARE_NOT_RESPONDING
Tue Dec 13 16:53:08.297 - [07912] RP1210_ClientConnect(0,1,'CAN:Baud=Auto',0,0,0): ERR_HARDWARE_NOT_RESPONDING
Tue Dec 13 16:53:08.303 - [07912] RP1210_ClientConnect(0,1,'CAN:Baud=Auto',0,0,0): ERR_HARDWARE_NOT_RESPONDING
Tue Dec 13 16:53:08.309 - [07912] RP1210_ClientConnect(0,1,'CAN:Baud=Auto',0,0,0): ERR_HARDWARE_NOT_RESPONDING
Tue Dec 13 16:53:08.317 - [07912] RP1210_ClientConnect(0,1,'CAN:Baud=Auto',0,0,0): ERR_HARDWARE_NOT_RESPONDING
Tue Dec 13 16:53:08.322 - [07912] RP1210_ClientConnect(0,1,'CAN:Baud=Auto',0,0,0): ERR_HARDWARE_NOT_RESPONDING
Tue Dec 13 16:53:08.327 - [07912] RP1210_ClientConnect(0,1,'CAN:Baud=Auto',0,0,0): ERR_HARDWARE_NOT_RESPONDING
Tue Dec 13 16:53:08.334 - [07912] RP1210_ClientConnect(0,1,'CAN:Baud=Auto',0,0,0): ERR_HARDWARE_NOT_RESPONDING
Tue Dec 13 16:53:08.340 - [07912] RP1210_ClientConnect(0,1,'CAN:Baud=Auto',0,0,0): ERR_HARDWARE_NOT_RESPONDING
Tue Dec 13 16:53:08.345 - [07912] RP1210_ClientConnect(0,1,'CAN:Baud=Auto',0,0,0): ERR_HARDWARE_NOT_RESPONDING
Tue Dec 13 16:53:08.353 - [07912] RP1210_ClientConnect(0,1,'CAN:Baud=Auto',0,0,0): ERR_HARDWARE_NOT_RESPONDING
Tue Dec 13 16:53:08.359 - [07912] RP1210_ClientConnect(0,1,'CAN:Baud=Auto',0,0,0): ERR_HARDWARE_NOT_RESPONDING
Tue Dec 13 16:53:08.367 - [07912] RP1210_ClientConnect(0,1,'CAN:Baud=Auto',0,0,0): ERR_HARDWARE_NOT_RESPONDING
Tue Dec 13 16:53:08.373 - [07912] RP1210_ClientConnect(0,1,'CAN:Baud=Auto',0,0,0): ERR_HARDWARE_NOT_RESPONDING
Tue Dec 13 16:53:08.380 - [07912] RP1210_ClientConnect(0,1,'CAN:Baud=Auto',0,0,0): ERR_HARDWARE_NOT_RESPONDING
Tue Dec 13 16:53:08.387 - [07912] RP1210_ClientConnect(0,1,'CAN:Baud=Auto',0,0,0): ERR_HARDWARE_NOT_RESPONDING
Tue Dec 13 16:53:08.392 - [07912] RP1210_ClientConnect(0,1,'CAN:Baud=Auto',0,0,0): ERR_HARDWARE_NOT_RESPONDING
Tue Dec 13 16:53:08.399 - [07912] RP1210_ClientConnect(0,1,'CAN:Baud=Auto',0,0,0): ERR_HARDWARE_NOT_RESPONDING
Tue Dec 13 16:53:08.404 - [07912] RP1210_ClientConnect(0,1,'CAN:Baud=Auto',0,0,0): ERR_HARDWARE_NOT_RESPONDING
Tue Dec 13 16:53:08.409 - [07912] RP1210_ClientConnect(0,1,'CAN:Baud=Auto',0,0,0): ERR_HARDWARE_NOT_RESPONDING
Tue Dec 13 16:53:08.415 - [07912] RP1210_ClientConnect(0,1,'CAN:Baud=Auto',0,0,0): ERR_HARDWARE_NOT_RESPONDING
Tue Dec 13 16:53:08.422 - [07912] RP1210_ClientConnect(0,1,'CAN:Baud=Auto',0,0,0): ERR_HARDWARE_NOT_RESPONDING
Tue Dec 13 16:53:08.428 - [07912] RP1210_ClientConnect(0,1,'CAN:Baud=Auto',0,0,0): ERR_HARDWARE_NOT_RESPONDING
Tue Dec 13 16:53:08.436 - [07912] RP1210_ClientConnect(0,1,'CAN:Baud=Auto',0,0,0): ERR_HARDWARE_NOT_RESPONDING
Tue Dec 13 16:53:08.442 - [07912] RP1210_ClientConnect(0,1,'CAN:Baud=Auto',0,0,0): ERR_HARDWARE_NOT_RESPONDING
Tue Dec 13 16:53:08.448 - [07912] RP1210_ClientConnect(0,1,'CAN:Baud=Auto',0,0,0): ERR_HARDWARE_NOT_RESPONDING
Tue Dec 13 16:53:08.453 - [07912] RP1210_ClientConnect(0,1,'CAN:Baud=Auto',0,0,0): ERR_HARDWARE_NOT_RESPONDING
Tue Dec 13 16:53:08.459 - [07912] RP1210_ClientConnect(0,1,'CAN:Baud=Auto',0,0,0): ERR_HARDWARE_NOT_RESPONDING
Tue Dec 13 16:53:08.465 - [07912] RP1210_ClientConnect(0,1,'CAN:Baud=Auto',0,0,0): ERR_HARDWARE_NOT_RESPONDING
Tue Dec 13 16:53:08.470 - [07912] RP1210_ClientConnect(0,1,'CAN:Baud=Auto',0,0,0): ERR_HARDWARE_NOT_RESPONDING
Tue Dec 13 16:53:08.476 - [07912] RP1210_ClientConnect(0,1,'CAN:Baud=Auto',0,0,0): ERR_HARDWARE_NOT_RESPONDING
Tue Dec 13 16:53:08.484 - [07912] RP1210_ClientConnect(0,1,'CAN:Baud=Auto',0,0,0): ERR_HARDWARE_NOT_RESPONDING
Tue Dec 13 16:53:08.489 - [07912] RP1210_ClientConnect(0,1,'CAN:Baud=Auto',0,0,0): ERR_HARDWARE_NOT_RESPONDING
Tue Dec 13 16:53:08.495 - [07912] RP1210_ClientConnect(0,1,'CAN:Baud=Auto',0,0,0): ERR_HARDWARE_NOT_RESPONDING
Tue Dec 13 16:53:08.502 - [07912] RP1210_ClientConnect(0,1,'CAN:Baud=Auto',0,0,0): ERR_HARDWARE_NOT_RESPONDING
Tue Dec 13 16:53:08.507 - [07912] RP1210_ClientConnect(0,1,'CAN:Baud=Auto',0,0,0): ERR_HARDWARE_NOT_RESPONDING
Tue Dec 13 16:53:08.512 - [07912] RP1210_ClientConnect(0,1,'CAN:Baud=Auto',0,0,0): ERR_HARDWARE_NOT_RESPONDING
Tue Dec 13 16:53:08.519 - [07912] RP1210_ClientConnect(0,1,'CAN:Baud=Auto',0,0,0): ERR_HARDWARE_NOT_RESPONDING
Tue Dec 13 16:53:08.525 - [07912] RP1210_ClientConnect(0,1,'CAN:Baud=Auto',0,0,0): ERR_HARDWARE_NOT_RESPONDING
Tue Dec 13 16:53:08.531 - [07912] RP1210_ClientConnect(0,1,'CAN:Baud=Auto',0,0,0): ERR_HARDWARE_NOT_RESPONDING
Tue Dec 13 16:53:08.536 - [07912] RP1210_ClientConnect(0,1,'CAN:Baud=Auto',0,0,0): ERR_HARDWARE_NOT_RESPONDING
Tue Dec 13 16:53:08.606 - [07912] RP1210_ClientConnect(0,1,'CAN:Baud=Auto',0,0,0): ERR_HARDWARE_NOT_RESPONDING
Tue Dec 13 16:53:08.618 - [07912] RP1210_ClientConnect(0,1,'CAN:Baud=Auto',0,0,0): ERR_HARDWARE_NOT_RESPONDING
Tue Dec 13 16:53:08.628 - [07912] RP1210_ClientConnect(0,1,'CAN:Baud=Auto',0,0,0): ERR_HARDWARE_NOT_RESPONDING
Tue Dec 13 16:53:08.641 - [07912] RP1210_ClientConnect(0,1,'CAN:Baud=Auto',0,0,0): ERR_HARDWARE_NOT_RESPONDING
Tue Dec 13 16:53:08.654 - [07912] RP1210_ClientConnect(0,1,'CAN:Baud=Auto',0,0,0): ERR_HARDWARE_NOT_RESPONDING
Tue Dec 13 16:53:08.667 - [07912] RP1210_ClientConnect(0,1,'CAN:Baud=Auto',0,0,0): ERR_HARDWARE_NOT_RESPONDING
Tue Dec 13 16:53:08.675 - [07912] RP1210_ClientConnect(0,1,'CAN:Baud=Auto',0,0,0): ERR_HARDWARE_NOT_RESPONDING
Tue Dec 13 16:53:08.684 - [07912] RP1210_ClientConnect(0,1,'CAN:Baud=Auto',0,0,0): ERR_HARDWARE_NOT_RESPONDING
Tue Dec 13 16:53:08.691 - [07912] RP1210_ClientConnect(0,1,'CAN:Baud=Auto',0,0,0): ERR_HARDWARE_NOT_RESPONDING
Tue Dec 13 16:53:08.701 - [07912] RP1210_ClientConnect(0,1,'CAN:Baud=Auto',0,0,0): ERR_HARDWARE_NOT_RESPONDING
Tue Dec 13 16:53:08.708 - [07912] RP1210_ClientConnect(0,1,'CAN:Baud=Auto',0,0,0): ERR_HARDWARE_NOT_RESPONDING
Tue Dec 13 16:53:08.716 - [07912] RP1210_ClientConnect(0,1,'CAN:Baud=Auto',0,0,0): ERR_HARDWARE_NOT_RESPONDING
Tue Dec 13 16:53:08.722 - [07912] RP1210_ClientConnect(0,1,'CAN:Baud=Auto',0,0,0): ERR_HARDWARE_NOT_RESPONDING
Tue Dec 13 16:53:08.728 - [07912] RP1210_ClientConnect(0,1,'CAN:Baud=Auto',0,0,0): ERR_HARDWARE_NOT_RESPONDING
Tue Dec 13 16:53:08.738 - [07912] RP1210_ClientConnect(0,1,'CAN:Baud=Auto',0,0,0): ERR_HARDWARE_NOT_RESPONDING
Tue Dec 13 16:53:08.746 - [07912] RP1210_ClientConnect(0,1,'CAN:Baud=Auto',0,0,0): ERR_HARDWARE_NOT_RESPONDING
Tue Dec 13 16:53:08.755 - [07912] RP1210_ClientConnect(0,1,'CAN:Baud=Auto',0,0,0): ERR_HARDWARE_NOT_RESPONDING
Tue Dec 13 16:53:08.760 - [07912] RP1210_ClientConnect(0,1,'CAN:Baud=Auto',0,0,0): ERR_HARDWARE_NOT_RESPONDING
Tue Dec 13 16:53:08.768 - [07912] RP1210_ClientConnect(0,1,'CAN:Baud=Auto',0,0,0): ERR_HARDWARE_NOT_RESPONDING
Tue Dec 13 16:53:08.773 - [07912] RP1210_ClientConnect(0,1,'CAN:Baud=Auto',0,0,0): ERR_HARDWARE_NOT_RESPONDING
Tue Dec 13 16:53:08.779 - [07912] RP1210_ClientConnect(0,1,'CAN:Baud=Auto',0,0,0): ERR_HARDWARE_NOT_RESPONDING
Tue Dec 13 16:53:08.786 - [07912] RP1210_ClientConnect(0,1,'CAN:Baud=Auto',0,0,0): ERR_HARDWARE_NOT_RESPONDING
Tue Dec 13 16:53:08.791 - [07912] RP1210_ClientConnect(0,1,'CAN:Baud=Auto',0,0,0): ERR_HARDWARE_NOT_RESPONDING
Tue Dec 13 16:53:08.797 - [07912] RP1210_ClientConnect(0,1,'CAN:Baud=Auto',0,0,0): ERR_HARDWARE_NOT_RESPONDING
Tue Dec 13 16:53:08.804 - [07912] RP1210_ClientConnect(0,1,'CAN:Baud=Auto',0,0,0): ERR_HARDWARE_NOT_RESPONDING
Tue Dec 13 16:53:08.809 - [07912] RP1210_ClientConnect(0,1,'CAN:Baud=Auto',0,0,0): ERR_HARDWARE_NOT_RESPONDING
Tue Dec 13 16:53:08.816 - [07912] RP1210_ClientConnect(0,1,'CAN:Baud=Auto',0,0,0): ERR_HARDWARE_NOT_RESPONDING
Tue Dec 13 16:53:08.821 - [07912] RP1210_ClientConnect(0,1,'CAN:Baud=Auto',0,0,0): ERR_HARDWARE_NOT_RESPONDING
Tue Dec 13 16:53:08.826 - [07912] RP1210_ClientConnect(0,1,'CAN:Baud=Auto',0,0,0): ERR_HARDWARE_NOT_RESPONDING
Tue Dec 13 16:53:08.832 - [07912] RP1210_ClientConnect(0,1,'CAN:Baud=Auto',0,0,0): ERR_HARDWARE_NOT_RESPONDING
Tue Dec 13 16:53:08.837 - [07912] RP1210_ClientConnect(0,1,'CAN:Baud=Auto',0,0,0): ERR_HARDWARE_NOT_RESPONDING
Tue Dec 13 16:53:08.843 - [07912] RP1210_ClientConnect(0,1,'CAN:Baud=Auto',0,0,0): ERR_HARDWARE_NOT_RESPONDING
Tue Dec 13 16:53:08.849 - [07912] RP1210_ClientConnect(0,1,'CAN:Baud=Auto',0,0,0): ERR_HARDWARE_NOT_RESPONDING
Tue Dec 13 16:53:08.855 - [07912] RP1210_ClientConnect(0,1,'CAN:Baud=Auto',0,0,0): ERR_HARDWARE_NOT_RESPONDING
Tue Dec 13 16:53:08.860 - [07912] RP1210_ClientConnect(0,1,'CAN:Baud=Auto',0,0,0): ERR_HARDWARE_NOT_RESPONDING
Tue Dec 13 16:53:08.866 - [07912] RP1210_ClientConnect(0,1,'CAN:Baud=Auto',0,0,0): ERR_HARDWARE_NOT_RESPONDING
Tue Dec 13 16:53:08.871 - [07912] RP1210_ClientConnect(0,1,'CAN:Baud=Auto',0,0,0): ERR_HARDWARE_NOT_RESPONDING
Tue Dec 13 16:53:08.876 - [07912] RP1210_ClientConnect(0,1,'CAN:Baud=Auto',0,0,0): ERR_HARDWARE_NOT_RESPONDING
Tue Dec 13 16:53:08.882 - [07912] RP1210_ClientConnect(0,1,'CAN:Baud=Auto',0,0,0): ERR_HARDWARE_NOT_RESPONDING
Tue Dec 13 16:53:08.887 - [07912] RP1210_ClientConnect(0,1,'CAN:Baud=Auto',0,0,0): ERR_HARDWARE_NOT_RESPONDING
Tue Dec 13 16:53:08.893 - [07912] RP1210_ClientConnect(0,1,'CAN:Baud=Auto',0,0,0): ERR_HARDWARE_NOT_RESPONDING
Tue Dec 13 16:53:08.900 - [07912] RP1210_ClientConnect(0,1,'CAN:Baud=Auto',0,0,0): ERR_HARDWARE_NOT_RESPONDING
Tue Dec 13 16:53:08.905 - [07912] RP1210_ClientConnect(0,1,'CAN:Baud=Auto',0,0,0): ERR_HARDWARE_NOT_RESPONDING
Tue Dec 13 16:53:08.911 - [07912] RP1210_ClientConnect(0,1,'CAN:Baud=Auto',0,0,0): ERR_HARDWARE_NOT_RESPONDING
Tue Dec 13 16:53:08.917 - [07912] RP1210_ClientConnect(0,1,'CAN:Baud=Auto',0,0,0): ERR_HARDWARE_NOT_RESPONDING
Tue Dec 13 16:53:08.922 - [07912] RP1210_ClientConnect(0,1,'CAN:Baud=Auto',0,0,0): ERR_HARDWARE_NOT_RESPONDING
Tue Dec 13 16:53:08.927 - [07912] RP1210_ClientConnect(0,1,'CAN:Baud=Auto',0,0,0): ERR_HARDWARE_NOT_RESPONDING
Tue Dec 13 16:53:08.934 - [07912] RP1210_ClientConnect(0,1,'CAN:Baud=Auto',0,0,0): ERR_HARDWARE_NOT_RESPONDING
Tue Dec 13 16:53:08.939 - [07912] RP1210_ClientConnect(0,1,'CAN:Baud=Auto',0,0,0): ERR_HARDWARE_NOT_RESPONDING
Tue Dec 13 16:53:08.944 - [07912] RP1210_ClientConnect(0,1,'CAN:Baud=Auto',0,0,0): ERR_HARDWARE_NOT_RESPONDING
Tue Dec 13 16:53:08.951 - [07912] RP1210_ClientConnect(0,1,'CAN:Baud=Auto',0,0,0): ERR_HARDWARE_NOT_RESPONDING
Tue Dec 13 16:53:08.957 - [07912] RP1210_ClientConnect(0,1,'CAN:Baud=Auto',0,0,0): ERR_HARDWARE_NOT_RESPONDING
Tue Dec 13 16:53:08.962 - [07912] RP1210_ClientConnect(0,1,'CAN:Baud=Auto',0,0,0): ERR_HARDWARE_NOT_RESPONDING
Tue Dec 13 16:53:08.969 - [07912] RP1210_ClientConnect(0,1,'CAN:Baud=Auto',0,0,0): ERR_HARDWARE_NOT_RESPONDING
Tue Dec 13 16:53:08.974 - [07912] RP1210_ClientConnect(0,1,'CAN:Baud=Auto',0,0,0): ERR_HARDWARE_NOT_RESPONDING
Tue Dec 13 16:53:08.979 - [07912] RP1210_ClientConnect(0,1,'CAN:Baud=Auto',0,0,0): ERR_HARDWARE_NOT_RESPONDING
Tue Dec 13 16:53:08.985 - [07912] RP1210_ClientConnect(0,1,'CAN:Baud=Auto',0,0,0): ERR_HARDWARE_NOT_RESPONDING
Tue Dec 13 16:53:08.991 - [07912] RP1210_ClientConnect(0,1,'CAN:Baud=Auto',0,0,0): ERR_HARDWARE_NOT_RESPONDING
Tue Dec 13 16:53:08.996 - [07912] RP1210_ClientConnect(0,1,'CAN:Baud=Auto',0,0,0): ERR_HARDWARE_NOT_RESPONDING
Tue Dec 13 16:53:09.003 - [07912] RP1210_ClientConnect(0,1,'CAN:Baud=Auto',0,0,0): ERR_HARDWARE_NOT_RESPONDING
Tue Dec 13 16:53:09.008 - [07912] RP1210_ClientConnect(0,1,'CAN:Baud=Auto',0,0,0): ERR_HARDWARE_NOT_RESPONDING
Tue Dec 13 16:53:09.014 - [07912] RP1210_ClientConnect(0,1,'CAN:Baud=Auto',0,0,0): ERR_HARDWARE_NOT_RESPONDING
Tue Dec 13 16:53:09.020 - [07912] RP1210_ClientConnect(0,1,'CAN:Baud=Auto',0,0,0): ERR_HARDWARE_NOT_RESPONDING
Tue Dec 13 16:53:09.025 - [07912] RP1210_ClientConnect(0,1,'CAN:Baud=Auto',0,0,0): ERR_HARDWARE_NOT_RESPONDING
Tue Dec 13 16:53:09.031 - [07912] RP1210_ClientConnect(0,1,'CAN:Baud=Auto',0,0,0): ERR_HARDWARE_NOT_RESPONDING
Tue Dec 13 16:53:09.037 - [07912] RP1210_ClientConnect(0,1,'CAN:Baud=Auto',0,0,0): ERR_HARDWARE_NOT_RESPONDING
Tue Dec 13 16:53:09.042 - [07912] RP1210_ClientConnect(0,1,'CAN:Baud=Auto',0,0,0): ERR_HARDWARE_NOT_RESPONDING
Tue Dec 13 16:53:09.048 - [07912] RP1210_ClientConnect(0,1,'CAN:Baud=Auto',0,0,0): ERR_HARDWARE_NOT_RESPONDING
Tue Dec 13 16:53:09.054 - [07912] RP1210_ClientConnect(0,1,'CAN:Baud=Auto',0,0,0): ERR_HARDWARE_NOT_RESPONDING
Tue Dec 13 16:53:09.059 - [07912] RP1210_ClientConnect(0,1,'CAN:Baud=Auto',0,0,0): ERR_HARDWARE_NOT_RESPONDING
Tue Dec 13 16:53:09.067 - [07912] RP1210_ClientConnect(0,1,'CAN:Baud=Auto',0,0,0): ERR_HARDWARE_NOT_RESPONDING
Tue Dec 13 16:53:09.073 - [07912] RP1210_ClientConnect(0,1,'CAN:Baud=Auto',0,0,0): ERR_HARDWARE_NOT_RESPONDING
Tue Dec 13 16:53:09.078 - [07912] RP1210_ClientConnect(0,1,'CAN:Baud=Auto',0,0,0): ERR_HARDWARE_NOT_RESPONDING
Tue Dec 13 16:53:09.084 - [07912] RP1210_ClientConnect(0,1,'CAN:Baud=Auto',0,0,0): ERR_HARDWARE_NOT_RESPONDING
Tue Dec 13 16:53:09.089 - [07912] RP1210_ClientConnect(0,1,'CAN:Baud=Auto',0,0,0): ERR_HARDWARE_NOT_RESPONDING
Tue Dec 13 16:53:09.094 - [07912] RP1210_ClientConnect(0,1,'CAN:Baud=Auto',0,0,0): ERR_HARDWARE_NOT_RESPONDING
Tue Dec 13 16:53:09.100 - [07912] RP1210_ClientConnect(0,1,'CAN:Baud=Auto',0,0,0): ERR_HARDWARE_NOT_RESPONDING
Tue Dec 13 16:53:09.106 - [07912] RP1210_ClientConnect(0,1,'CAN:Baud=Auto',0,0,0): ERR_HARDWARE_NOT_RESPONDING
Tue Dec 13 16:53:09.111 - [07912] RP1210_ClientConnect(0,1,'CAN:Baud=Auto',0,0,0): ERR_HARDWARE_NOT_RESPONDING
Tue Dec 13 16:53:09.118 - [07912] RP1210_ClientConnect(0,1,'CAN:Baud=Auto',0,0,0): ERR_HARDWARE_NOT_RESPONDING
Tue Dec 13 16:53:09.124 - [07912] RP1210_ClientConnect(0,1,'CAN:Baud=Auto',0,0,0): ERR_HARDWARE_NOT_RESPONDING
Tue Dec 13 16:53:09.129 - [07912] RP1210_ClientConnect(0,1,'CAN:Baud=Auto',0,0,0): ERR_HARDWARE_NOT_RESPONDING
Tue Dec 13 16:53:09.136 - [07912] RP1210_ClientConnect(0,1,'CAN:Baud=Auto',0,0,0): ERR_HARDWARE_NOT_RESPONDING
Tue Dec 13 16:53:09.141 - [07912] RP1210_ClientConnect(0,1,'CAN:Baud=Auto',0,0,0): ERR_HARDWARE_NOT_RESPONDING
Tue Dec 13 16:53:09.146 - [07912] RP1210_ClientConnect(0,1,'CAN:Baud=Auto',0,0,0): ERR_HARDWARE_NOT_RESPONDING
Tue Dec 13 16:53:09.153 - [07912] RP1210_ClientConnect(0,1,'CAN:Baud=Auto',0,0,0): ERR_HARDWARE_NOT_RESPONDING
Tue Dec 13 16:53:09.158 - [07912] RP1210_ClientConnect(0,1,'CAN:Baud=Auto',0,0,0): ERR_HARDWARE_NOT_RESPONDING
Tue Dec 13 16:53:09.163 - [07912] RP1210_ClientConnect(0,1,'CAN:Baud=Auto',0,0,0): ERR_HARDWARE_NOT_RESPONDING
Tue Dec 13 16:53:09.170 - [07912] RP1210_ClientConnect(0,1,'CAN:Baud=Auto',0,0,0): ERR_HARDWARE_NOT_RESPONDING
Tue Dec 13 16:53:09.175 - [07912] RP1210_ClientConnect(0,1,'CAN:Baud=Auto',0,0,0): ERR_HARDWARE_NOT_RESPONDING
Tue Dec 13 16:53:09.180 - [07912] RP1210_ClientConnect(0,1,'CAN:Baud=Auto',0,0,0): ERR_HARDWARE_NOT_RESPONDING
Tue Dec 13 16:53:09.187 - [07912] RP1210_ClientConnect(0,1,'CAN:Baud=Auto',0,0,0): ERR_HARDWARE_NOT_RESPONDING
Tue Dec 13 16:53:09.192 - [07912] RP1210_ClientConnect(0,1,'CAN:Baud=Auto',0,0,0): ERR_HARDWARE_NOT_RESPONDING
Tue Dec 13 16:53:09.198 - [07912] RP1210_ClientConnect(0,1,'CAN:Baud=Auto',0,0,0): ERR_HARDWARE_NOT_RESPONDING
Tue Dec 13 16:53:09.203 - [07912] RP1210_ClientConnect(0,1,'CAN:Baud=Auto',0,0,0): ERR_HARDWARE_NOT_RESPONDING
Tue Dec 13 16:53:09.209 - [07912] RP1210_ClientConnect(0,1,'CAN:Baud=Auto',0,0,0): ERR_HARDWARE_NOT_RESPONDING
Tue Dec 13 16:53:09.217 - [07912] RP1210_ClientConnect(0,1,'CAN:Baud=Auto',0,0,0): ERR_HARDWARE_NOT_RESPONDING
Tue Dec 13 16:53:09.222 - [07912] RP1210_ClientConnect(0,1,'CAN:Baud=Auto',0,0,0): ERR_HARDWARE_NOT_RESPONDING
Tue Dec 13 16:53:09.227 - [07912] RP1210_ClientConnect(0,1,'CAN:Baud=Auto',0,0,0): ERR_HARDWARE_NOT_RESPONDING
Tue Dec 13 16:53:09.235 - [07912] RP1210_ClientConnect(0,1,'CAN:Baud=Auto',0,0,0): ERR_HARDWARE_NOT_RESPONDING
Tue Dec 13 16:53:09.243 - [07912] RP1210_ClientConnect(0,1,'CAN:Baud=Auto',0,0,0): ERR_HARDWARE_NOT_RESPONDING
Tue Dec 13 16:53:09.250 - [07912] RP1210_ClientConnect(0,1,'CAN:Baud=Auto',0,0,0): ERR_HARDWARE_NOT_RESPONDING
Tue Dec 13 16:53:09.255 - [07912] RP1210_ClientConnect(0,1,'CAN:Baud=Auto',0,0,0): ERR_HARDWARE_NOT_RESPONDING
Tue Dec 13 16:53:09.260 - [07912] RP1210_ClientConnect(0,1,'CAN:Baud=Auto',0,0,0): ERR_HARDWARE_NOT_RESPONDING
Tue Dec 13 16:53:09.271 - [07912] RP1210_ClientConnect(0,1,'CAN:Baud=Auto',0,0,0): ERR_HARDWARE_NOT_RESPONDING
Tue Dec 13 16:53:09.312 - [07912] RP1210_ClientConnect(0,1,'CAN:Baud=Auto',0,0,0): ERR_HARDWARE_NOT_RESPONDING
Tue Dec 13 16:53:09.324 - [07912] RP1210_ClientConnect(0,1,'CAN:Baud=Auto',0,0,0): ERR_HARDWARE_NOT_RESPONDING
Tue Dec 13 16:53:09.340 - [07912] RP1210_ClientConnect(0,1,'CAN:Baud=Auto',0,0,0): ERR_HARDWARE_NOT_RESPONDING
Tue Dec 13 16:53:09.352 - [07912] RP1210_ClientConnect(0,1,'CAN:Baud=Auto',0,0,0): ERR_HARDWARE_NOT_RESPONDING
Tue Dec 13 16:53:09.360 - [07912] RP1210_ClientConnect(0,1,'CAN:Baud=Auto',0,0,0): ERR_HARDWARE_NOT_RESPONDING
Tue Dec 13 16:53:09.369 - [07912] RP1210_ClientConnect(0,1,'CAN:Baud=Auto',0,0,0): ERR_HARDWARE_NOT_RESPONDING
Tue Dec 13 16:53:09.378 - [07912] RP1210_ClientConnect(0,1,'CAN:Baud=Auto',0,0,0): ERR_HARDWARE_NOT_RESPONDING
Tue Dec 13 16:53:09.387 - [07912] RP1210_ClientConnect(0,1,'CAN:Baud=Auto',0,0,0): ERR_HARDWARE_NOT_RESPONDING
Tue Dec 13 16:53:09.393 - [07912] RP1210_ClientConnect(0,1,'CAN:Baud=Auto',0,0,0): ERR_HARDWARE_NOT_RESPONDING
Tue Dec 13 16:53:09.400 - [07912] RP1210_ClientConnect(0,1,'CAN:Baud=Auto',0,0,0): ERR_HARDWARE_NOT_RESPONDING
Tue Dec 13 16:53:09.407 - [07912] RP1210_ClientConnect(0,1,'CAN:Baud=Auto',0,0,0): ERR_HARDWARE_NOT_RESPONDING
Tue Dec 13 16:53:09.416 - [07912] RP1210_ClientConnect(0,1,'CAN:Baud=Auto',0,0,0): ERR_HARDWARE_NOT_RESPONDING
Tue Dec 13 16:53:09.424 - [07912] RP1210_ClientConnect(0,1,'CAN:Baud=Auto',0,0,0): ERR_HARDWARE_NOT_RESPONDING
Tue Dec 13 16:53:09.429 - [07912] RP1210_ClientConnect(0,1,'CAN:Baud=Auto',0,0,0): ERR_HARDWARE_NOT_RESPONDING
Tue Dec 13 16:53:09.436 - [07912] RP1210_ClientConnect(0,1,'CAN:Baud=Auto',0,0,0): ERR_HARDWARE_NOT_RESPONDING
Tue Dec 13 16:53:09.442 - [07912] RP1210_ClientConnect(0,1,'CAN:Baud=Auto',0,0,0): ERR_HARDWARE_NOT_RESPONDING
Tue Dec 13 16:53:09.447 - [07912] RP1210_ClientConnect(0,1,'CAN:Baud=Auto',0,0,0): ERR_HARDWARE_NOT_RESPONDING
Tue Dec 13 16:53:09.458 - [07912] RP1210_ClientConnect(0,1,'CAN:Baud=Auto',0,0,0): ERR_HARDWARE_NOT_RESPONDING
Tue Dec 13 16:53:09.463 - [07912] RP1210_ClientConnect(0,1,'CAN:Baud=Auto',0,0,0): ERR_HARDWARE_NOT_RESPONDING
Tue Dec 13 16:53:09.473 - [07912] RP1210_ClientConnect(0,1,'CAN:Baud=Auto',0,0,0): ERR_HARDWARE_NOT_RESPONDING
Tue Dec 13 16:53:09.478 - [07912] RP1210_ClientConnect(0,1,'CAN:Baud=Auto',0,0,0): ERR_HARDWARE_NOT_RESPONDING
Tue Dec 13 16:53:09.487 - [07912] RP1210_ClientConnect(0,1,'CAN:Baud=Auto',0,0,0): ERR_HARDWARE_NOT_RESPONDING
Tue Dec 13 16:53:09.495 - [07912] RP1210_ClientConnect(0,1,'CAN:Baud=Auto',0,0,0): ERR_HARDWARE_NOT_RESPONDING
Tue Dec 13 16:53:09.503 - [07912] RP1210_ClientConnect(0,1,'CAN:Baud=Auto',0,0,0): ERR_HARDWARE_NOT_RESPONDING
Tue Dec 13 16:53:09.511 - [07912] RP1210_ClientConnect(0,1,'CAN:Baud=Auto',0,0,0): ERR_HARDWARE_NOT_RESPONDING
Tue Dec 13 16:53:09.518 - [07912] RP1210_ClientConnect(0,1,'CAN:Baud=Auto',0,0,0): ERR_HARDWARE_NOT_RESPONDING
Tue Dec 13 16:53:09.524 - [07912] RP1210_ClientConnect(0,1,'CAN:Baud=Auto',0,0,0): ERR_HARDWARE_NOT_RESPONDING
Tue Dec 13 16:53:09.529 - [07912] RP1210_ClientConnect(0,1,'CAN:Baud=Auto',0,0,0): ERR_HARDWARE_NOT_RESPONDING
Tue Dec 13 16:53:09.538 - [07912] RP1210_ClientConnect(0,1,'CAN:Baud=Auto',0,0,0): ERR_HARDWARE_NOT_RESPONDING
Tue Dec 13 16:53:09.544 - [07912] RP1210_ClientConnect(0,1,'CAN:Baud=Auto',0,0,0): ERR_HARDWARE_NOT_RESPONDING
Tue Dec 13 16:53:09.554 - [07912] RP1210_ClientConnect(0,1,'CAN:Baud=Auto',0,0,0): ERR_HARDWARE_NOT_RESPONDING
Tue Dec 13 16:53:09.560 - [07912] RP1210_ClientConnect(0,1,'CAN:Baud=Auto',0,0,0): ERR_HARDWARE_NOT_RESPONDING
Tue Dec 13 16:53:09.595 - [07912] RP1210_ClientConnect(0,1,'CAN:Baud=Auto',0,0,0): ERR_HARDWARE_NOT_RESPONDING
Tue Dec 13 16:53:09.611 - [07912] RP1210_ClientConnect(0,1,'CAN:Baud=Auto',0,0,0): ERR_HARDWARE_NOT_RESPONDING
Tue Dec 13 16:53:09.626 - [07912] RP1210_ClientConnect(0,1,'CAN:Baud=Auto',0,0,0): ERR_HARDWARE_NOT_RESPONDING
Tue Dec 13 16:53:09.638 - [07912] RP1210_ClientConnect(0,1,'CAN:Baud=Auto',0,0,0): ERR_HARDWARE_NOT_RESPONDING
Tue Dec 13 16:53:09.651 - [07912] RP1210_ClientConnect(0,1,'CAN:Baud=Auto',0,0,0): ERR_HARDWARE_NOT_RESPONDING
Tue Dec 13 16:53:09.660 - [07912] RP1210_ClientConnect(0,1,'CAN:Baud=Auto',0,0,0): ERR_HARDWARE_NOT_RESPONDING
Tue Dec 13 16:53:09.667 - [07912] RP1210_ClientConnect(0,1,'CAN:Baud=Auto',0,0,0): ERR_HARDWARE_NOT_RESPONDING
Tue Dec 13 16:53:09.673 - [07912] RP1210_ClientConnect(0,1,'CAN:Baud=Auto',0,0,0): ERR_HARDWARE_NOT_RESPONDING
Tue Dec 13 16:53:09.678 - [07912] RP1210_ClientConnect(0,1,'CAN:Baud=Auto',0,0,0): ERR_HARDWARE_NOT_RESPONDING
Tue Dec 13 16:53:09.685 - [07912] RP1210_ClientConnect(0,1,'CAN:Baud=Auto',0,0,0): ERR_HARDWARE_NOT_RESPONDING
Tue Dec 13 16:53:09.691 - [07912] RP1210_ClientConnect(0,1,'CAN:Baud=Auto',0,0,0): ERR_HARDWARE_NOT_RESPONDING
Tue Dec 13 16:53:09.696 - [07912] RP1210_ClientConnect(0,1,'CAN:Baud=Auto',0,0,0): ERR_HARDWARE_NOT_RESPONDING
Tue Dec 13 16:53:09.703 - [07912] RP1210_ClientConnect(0,1,'CAN:Baud=Auto',0,0,0): ERR_HARDWARE_NOT_RESPONDING
Tue Dec 13 16:53:09.709 - [07912] RP1210_ClientConnect(0,1,'CAN:Baud=Auto',0,0,0): ERR_HARDWARE_NOT_RESPONDING
Tue Dec 13 16:53:09.716 - [07912] RP1210_ClientConnect(0,1,'CAN:Baud=Auto',0,0,0): ERR_HARDWARE_NOT_RESPONDING
Tue Dec 13 16:53:09.722 - [07912] RP1210_ClientConnect(0,1,'CAN:Baud=Auto',0,0,0): ERR_HARDWARE_NOT_RESPONDING
Tue Dec 13 16:53:09.727 - [07912] RP1210_ClientConnect(0,1,'CAN:Baud=Auto',0,0,0): ERR_HARDWARE_NOT_RESPONDING
Tue Dec 13 16:53:09.734 - [07912] RP1210_ClientConnect(0,1,'CAN:Baud=Auto',0,0,0): ERR_HARDWARE_NOT_RESPONDING
Tue Dec 13 16:53:09.739 - [07912] RP1210_ClientConnect(0,1,'CAN:Baud=Auto',0,0,0): ERR_HARDWARE_NOT_RESPONDING
Tue Dec 13 16:53:09.744 - [07912] RP1210_ClientConnect(0,1,'CAN:Baud=Auto',0,0,0): ERR_HARDWARE_NOT_RESPONDING
Tue Dec 13 16:53:09.751 - [07912] RP1210_ClientConnect(0,1,'CAN:Baud=Auto',0,0,0): ERR_HARDWARE_NOT_RESPONDING
Tue Dec 13 16:53:09.756 - [07912] RP1210_ClientConnect(0,1,'CAN:Baud=Auto',0,0,0): ERR_HARDWARE_NOT_RESPONDING
Tue Dec 13 16:53:09.761 - [07912] RP1210_ClientConnect(0,1,'CAN:Baud=Auto',0,0,0): ERR_HARDWARE_NOT_RESPONDING
Tue Dec 13 16:53:09.768 - [07912] RP1210_ClientConnect(0,1,'CAN:Baud=Auto',0,0,0): ERR_HARDWARE_NOT_RESPONDING
Tue Dec 13 16:53:09.773 - [07912] RP1210_ClientConnect(0,1,'CAN:Baud=Auto',0,0,0): ERR_HARDWARE_NOT_RESPONDING
Tue Dec 13 16:53:09.778 - [07912] RP1210_ClientConnect(0,1,'CAN:Baud=Auto',0,0,0): ERR_HARDWARE_NOT_RESPONDING
Tue Dec 13 16:53:09.784 - [07912] RP1210_ClientConnect(0,1,'CAN:Baud=Auto',0,0,0): ERR_HARDWARE_NOT_RESPONDING
Tue Dec 13 16:53:09.789 - [07912] RP1210_ClientConnect(0,1,'CAN:Baud=Auto',0,0,0): ERR_HARDWARE_NOT_RESPONDING
Tue Dec 13 16:53:09.794 - [07912] RP1210_ClientConnect(0,1,'CAN:Baud=Auto',0,0,0): ERR_HARDWARE_NOT_RESPONDING
Tue Dec 13 16:53:09.801 - [07912] RP1210_ClientConnect(0,1,'CAN:Baud=Auto',0,0,0): ERR_HARDWARE_NOT_RESPONDING
Tue Dec 13 16:53:09.806 - [07912] RP1210_ClientConnect(0,1,'CAN:Baud=Auto',0,0,0): ERR_HARDWARE_NOT_RESPONDING
Tue Dec 13 16:53:09.812 - [07912] RP1210_ClientConnect(0,1,'CAN:Baud=Auto',0,0,0): ERR_HARDWARE_NOT_RESPONDING
Tue Dec 13 16:53:09.818 - [07912] RP1210_ClientConnect(0,1,'CAN:Baud=Auto',0,0,0): ERR_HARDWARE_NOT_RESPONDING
Tue Dec 13 16:53:09.824 - [07912] RP1210_ClientConnect(0,1,'CAN:Baud=Auto',0,0,0): ERR_HARDWARE_NOT_RESPONDING
Tue Dec 13 16:53:09.829 - [07912] RP1210_ClientConnect(0,1,'CAN:Baud=Auto',0,0,0): ERR_HARDWARE_NOT_RESPONDING
Tue Dec 13 16:53:09.836 - [07912] RP1210_ClientConnect(0,1,'CAN:Baud=Auto',0,0,0): ERR_HARDWARE_NOT_RESPONDING
Tue Dec 13 16:53:09.841 - [07912] RP1210_ClientConnect(0,1,'CAN:Baud=Auto',0,0,0): ERR_HARDWARE_NOT_RESPONDING
Tue Dec 13 16:53:09.846 - [07912] RP1210_ClientConnect(0,1,'CAN:Baud=Auto',0,0,0): ERR_HARDWARE_NOT_RESPONDING
Tue Dec 13 16:53:09.854 - [07912] RP1210_ClientConnect(0,1,'CAN:Baud=Auto',0,0,0): ERR_HARDWARE_NOT_RESPONDING
Tue Dec 13 16:53:09.862 - [07912] RP1210_ClientConnect(0,1,'CAN:Baud=Auto',0,0,0): ERR_HARDWARE_NOT_RESPONDING
Tue Dec 13 16:53:09.868 - [07912] RP1210_ClientConnect(0,1,'CAN:Baud=Auto',0,0,0): ERR_HARDWARE_NOT_RESPONDING
Tue Dec 13 16:53:09.873 - [07912] RP1210_ClientConnect(0,1,'CAN:Baud=Auto',0,0,0): ERR_HARDWARE_NOT_RESPONDING
Tue Dec 13 16:53:09.878 - [07912] RP1210_ClientConnect(0,1,'CAN:Baud=Auto',0,0,0): ERR_HARDWARE_NOT_RESPONDING
Tue Dec 13 16:53:09.885 - [07912] RP1210_ClientConnect(0,1,'CAN:Baud=Auto',0,0,0): ERR_HARDWARE_NOT_RESPONDING
Tue Dec 13 16:53:09.890 - [07912] RP1210_ClientConnect(0,1,'CAN:Baud=Auto',0,0,0): ERR_HARDWARE_NOT_RESPONDING
Tue Dec 13 16:53:09.895 - [07912] RP1210_ClientConnect(0,1,'CAN:Baud=Auto',0,0,0): ERR_HARDWARE_NOT_RESPONDING
Tue Dec 13 16:53:09.903 - [07912] RP1210_ClientConnect(0,1,'CAN:Baud=Auto',0,0,0): ERR_HARDWARE_NOT_RESPONDING
Tue Dec 13 16:53:09.925 - [07912] RP1210_ClientConnect(0,1,'CAN:Baud=Auto',0,0,0): ERR_HARDWARE_NOT_RESPONDING
Tue Dec 13 16:53:09.937 - [07912] RP1210_ClientConnect(0,1,'CAN:Baud=Auto',0,0,0): ERR_HARDWARE_NOT_RESPONDING
Tue Dec 13 16:53:09.947 - [07912] RP1210_ClientConnect(0,1,'CAN:Baud=Auto',0,0,0): ERR_HARDWARE_NOT_RESPONDING
Tue Dec 13 16:53:09.959 - [07912] RP1210_ClientConnect(0,1,'CAN:Baud=Auto',0,0,0): ERR_HARDWARE_NOT_RESPONDING
Tue Dec 13 16:53:09.971 - [07912] RP1210_ClientConnect(0,1,'CAN:Baud=Auto',0,0,0): ERR_HARDWARE_NOT_RESPONDING
Tue Dec 13 16:53:09.982 - [07912] RP1210_ClientConnect(0,1,'CAN:Baud=Auto',0,0,0): ERR_HARDWARE_NOT_RESPONDING
Tue Dec 13 16:53:09.993 - [07912] RP1210_ClientConnect(0,1,'CAN:Baud=Auto',0,0,0): ERR_HARDWARE_NOT_RESPONDING
Tue Dec 13 16:53:10.004 - [07912] RP1210_ClientConnect(0,1,'CAN:Baud=Auto',0,0,0): ERR_HARDWARE_NOT_RESPONDING
Tue Dec 13 16:53:10.016 - [07912] RP1210_ClientConnect(0,1,'CAN:Baud=Auto',0,0,0): ERR_HARDWARE_NOT_RESPONDING
Tue Dec 13 16:53:10.027 - [07912] RP1210_ClientConnect(0,1,'CAN:Baud=Auto',0,0,0): ERR_HARDWARE_NOT_RESPONDING
Tue Dec 13 16:53:10.035 - [07912] RP1210_ClientConnect(0,1,'CAN:Baud=Auto',0,0,0): ERR_HARDWARE_NOT_RESPONDING
Tue Dec 13 16:53:10.042 - [07912] RP1210_ClientConnect(0,1,'CAN:Baud=Auto',0,0,0): ERR_HARDWARE_NOT_RESPONDING
Tue Dec 13 16:53:10.048 - [07912] RP1210_ClientConnect(0,1,'CAN:Baud=Auto',0,0,0): ERR_HARDWARE_NOT_RESPONDING
Tue Dec 13 16:53:10.055 - [07912] RP1210_ClientConnect(0,1,'CAN:Baud=Auto',0,0,0): ERR_HARDWARE_NOT_RESPONDING
Tue Dec 13 16:53:10.061 - [07912] RP1210_ClientConnect(0,1,'CAN:Baud=Auto',0,0,0): ERR_HARDWARE_NOT_RESPONDING
Tue Dec 13 16:53:10.068 - [07912] RP1210_ClientConnect(0,1,'CAN:Baud=Auto',0,0,0): ERR_HARDWARE_NOT_RESPONDING
Tue Dec 13 16:53:10.074 - [07912] RP1210_ClientConnect(0,1,'CAN:Baud=Auto',0,0,0): ERR_HARDWARE_NOT_RESPONDING
Tue Dec 13 16:53:10.080 - [07912] RP1210_ClientConnect(0,1,'CAN:Baud=Auto',0,0,0): ERR_HARDWARE_NOT_RESPONDING
Tue Dec 13 16:53:10.087 - [07912] RP1210_ClientConnect(0,1,'CAN:Baud=Auto',0,0,0): ERR_HARDWARE_NOT_RESPONDING
Tue Dec 13 16:53:10.092 - [07912] RP1210_ClientConnect(0,1,'CAN:Baud=Auto',0,0,0): ERR_HARDWARE_NOT_RESPONDING
Tue Dec 13 16:53:10.097 - [07912] RP1210_ClientConnect(0,1,'CAN:Baud=Auto',0,0,0): ERR_HARDWARE_NOT_RESPONDING
Tue Dec 13 16:53:10.104 - [07912] RP1210_ClientConnect(0,1,'CAN:Baud=Auto',0,0,0): ERR_HARDWARE_NOT_RESPONDING
Tue Dec 13 16:53:10.109 - [07912] RP1210_ClientConnect(0,1,'CAN:Baud=Auto',0,0,0): ERR_HARDWARE_NOT_RESPONDING
Tue Dec 13 16:53:10.114 - [07912] RP1210_ClientConnect(0,1,'CAN:Baud=Auto',0,0,0): ERR_HARDWARE_NOT_RESPONDING
Tue Dec 13 16:53:10.121 - [07912] RP1210_ClientConnect(0,1,'CAN:Baud=Auto',0,0,0): ERR_HARDWARE_NOT_RESPONDING
Tue Dec 13 16:53:10.127 - [07912] RP1210_ClientConnect(0,1,'CAN:Baud=Auto',0,0,0): ERR_HARDWARE_NOT_RESPONDING
Tue Dec 13 16:53:10.132 - [07912] RP1210_ClientConnect(0,1,'CAN:Baud=Auto',0,0,0): ERR_HARDWARE_NOT_RESPONDING
Tue Dec 13 16:53:10.139 - [07912] RP1210_ClientConnect(0,1,'CAN:Baud=Auto',0,0,0): ERR_HARDWARE_NOT_RESPONDING
Tue Dec 13 16:53:10.144 - [07912] RP1210_ClientConnect(0,1,'CAN:Baud=Auto',0,0,0): ERR_HARDWARE_NOT_RESPONDING
Tue Dec 13 16:53:10.151 - [07912] RP1210_ClientConnect(0,1,'CAN:Baud=Auto',0,0,0): ERR_HARDWARE_NOT_RESPONDING
Tue Dec 13 16:53:10.157 - [07912] RP1210_ClientConnect(0,1,'CAN:Baud=Auto',0,0,0): ERR_HARDWARE_NOT_RESPONDING
Tue Dec 13 16:53:10.162 - [07912] RP1210_ClientConnect(0,1,'CAN:Baud=Auto',0,0,0): ERR_HARDWARE_NOT_RESPONDING
Tue Dec 13 16:53:10.169 - [07912] RP1210_ClientConnect(0,1,'CAN:Baud=Auto',0,0,0): ERR_HARDWARE_NOT_RESPONDING
Tue Dec 13 16:53:10.174 - [07912] RP1210_ClientConnect(0,1,'CAN:Baud=Auto',0,0,0): ERR_HARDWARE_NOT_RESPONDING
Tue Dec 13 16:53:10.180 - [07912] RP1210_ClientConnect(0,1,'CAN:Baud=Auto',0,0,0): ERR_HARDWARE_NOT_RESPONDING
Tue Dec 13 16:53:10.188 - [07912] RP1210_ClientConnect(0,1,'CAN:Baud=Auto',0,0,0): ERR_HARDWARE_NOT_RESPONDING
Tue Dec 13 16:53:10.194 - [07912] RP1210_ClientConnect(0,1,'CAN:Baud=Auto',0,0,0): ERR_HARDWARE_NOT_RESPONDING
Tue Dec 13 16:53:10.202 - [07912] RP1210_ClientConnect(0,1,'CAN:Baud=Auto',0,0,0): ERR_HARDWARE_NOT_RESPONDING
Tue Dec 13 16:53:10.211 - [07912] RP1210_ClientConnect(0,1,'CAN:Baud=Auto',0,0,0): ERR_HARDWARE_NOT_RESPONDING
Tue Dec 13 16:53:10.218 - [07912] RP1210_ClientConnect(0,1,'CAN:Baud=Auto',0,0,0): ERR_HARDWARE_NOT_RESPONDING
Tue Dec 13 16:53:10.224 - [07912] RP1210_ClientConnect(0,1,'CAN:Baud=Auto',0,0,0): ERR_HARDWARE_NOT_RESPONDING
Tue Dec 13 16:53:10.231 - [07912] RP1210_ClientConnect(0,1,'CAN:Baud=Auto',0,0,0): ERR_HARDWARE_NOT_RESPONDING
Tue Dec 13 16:53:10.239 - [07912] RP1210_ClientConnect(0,1,'CAN:Baud=Auto',0,0,0): ERR_HARDWARE_NOT_RESPONDING
Tue Dec 13 16:53:10.245 - [07912] RP1210_ClientConnect(0,1,'CAN:Baud=Auto',0,0,0): ERR_HARDWARE_NOT_RESPONDING
Tue Dec 13 16:53:10.255 - [07912] RP1210_ClientConnect(0,1,'CAN:Baud=Auto',0,0,0): ERR_HARDWARE_NOT_RESPONDING
Tue Dec 13 16:53:10.263 - [07912] RP1210_ClientConnect(0,1,'CAN:Baud=Auto',0,0,0): ERR_HARDWARE_NOT_RESPONDING
Tue Dec 13 16:53:10.280 - [07912] RP1210_ClientConnect(0,1,'CAN:Baud=Auto',0,0,0): ERR_HARDWARE_NOT_RESPONDING
Tue Dec 13 16:53:10.291 - [07912] RP1210_ClientConnect(0,1,'CAN:Baud=Auto',0,0,0): ERR_HARDWARE_NOT_RESPONDING
Tue Dec 13 16:53:10.300 - [07912] RP1210_ClientConnect(0,1,'CAN:Baud=Auto',0,0,0): ERR_HARDWARE_NOT_RESPONDING
Tue Dec 13 16:53:10.309 - [07912] RP1210_ClientConnect(0,1,'CAN:Baud=Auto',0,0,0): ERR_HARDWARE_NOT_RESPONDING
Tue Dec 13 16:53:10.314 - [07912] RP1210_ClientConnect(0,1,'CAN:Baud=Auto',0,0,0): ERR_HARDWARE_NOT_RESPONDING
Tue Dec 13 16:53:10.325 - [07912] RP1210_ClientConnect(0,1,'CAN:Baud=Auto',0,0,0): ERR_HARDWARE_NOT_RESPONDING
Tue Dec 13 16:53:10.330 - [07912] RP1210_ClientConnect(0,1,'CAN:Baud=Auto',0,0,0): ERR_HARDWARE_NOT_RESPONDING
Tue Dec 13 16:53:10.338 - [07912] RP1210_ClientConnect(0,1,'CAN:Baud=Auto',0,0,0): ERR_HARDWARE_NOT_RESPONDING
Tue Dec 13 16:53:10.343 - [07912] RP1210_ClientConnect(0,1,'CAN:Baud=Auto',0,0,0): ERR_HARDWARE_NOT_RESPONDING
Tue Dec 13 16:53:10.348 - [07912] RP1210_ClientConnect(0,1,'CAN:Baud=Auto',0,0,0): ERR_HARDWARE_NOT_RESPONDING
Tue Dec 13 16:53:10.357 - [07912] RP1210_ClientConnect(0,1,'CAN:Baud=Auto',0,0,0): ERR_HARDWARE_NOT_RESPONDING
Tue Dec 13 16:53:10.364 - [07912] RP1210_ClientConnect(0,1,'CAN:Baud=Auto',0,0,0): ERR_HARDWARE_NOT_RESPONDING
Tue Dec 13 16:53:10.371 - [07912] RP1210_ClientConnect(0,1,'CAN:Baud=Auto',0,0,0): ERR_HARDWARE_NOT_RESPONDING
Tue Dec 13 16:53:10.377 - [07912] RP1210_ClientConnect(0,1,'CAN:Baud=Auto',0,0,0): ERR_HARDWARE_NOT_RESPONDING
Tue Dec 13 16:53:10.382 - [07912] RP1210_ClientConnect(0,1,'CAN:Baud=Auto',0,0,0): ERR_HARDWARE_NOT_RESPONDING
Tue Dec 13 16:53:10.389 - [07912] RP1210_ClientConnect(0,1,'CAN:Baud=Auto',0,0,0): ERR_HARDWARE_NOT_RESPONDING
Tue Dec 13 16:53:10.394 - [07912] RP1210_ClientConnect(0,1,'CAN:Baud=Auto',0,0,0): ERR_HARDWARE_NOT_RESPONDING
Tue Dec 13 16:53:10.401 - [07912] RP1210_ClientConnect(0,1,'CAN:Baud=Auto',0,0,0): ERR_HARDWARE_NOT_RESPONDING
Tue Dec 13 16:53:10.406 - [07912] RP1210_ClientConnect(0,1,'CAN:Baud=Auto',0,0,0): ERR_HARDWARE_NOT_RESPONDING
Tue Dec 13 16:53:10.411 - [07912] RP1210_ClientConnect(0,1,'CAN:Baud=Auto',0,0,0): ERR_HARDWARE_NOT_RESPONDING
Tue Dec 13 16:53:10.417 - [07912] RP1210_ClientConnect(0,1,'CAN:Baud=Auto',0,0,0): ERR_HARDWARE_NOT_RESPONDING
Tue Dec 13 16:53:10.423 - [07912] RP1210_ClientConnect(0,1,'CAN:Baud=Auto',0,0,0): ERR_HARDWARE_NOT_RESPONDING
Tue Dec 13 16:53:10.429 - [07912] RP1210_ClientConnect(0,1,'CAN:Baud=Auto',0,0,0): ERR_HARDWARE_NOT_RESPONDING
Tue Dec 13 16:53:10.435 - [07912] RP1210_ClientConnect(0,1,'CAN:Baud=Auto',0,0,0): ERR_HARDWARE_NOT_RESPONDING
Tue Dec 13 16:53:10.440 - [07912] RP1210_ClientConnect(0,1,'CAN:Baud=Auto',0,0,0): ERR_HARDWARE_NOT_RESPONDING
Tue Dec 13 16:53:10.446 - [07912] RP1210_ClientConnect(0,1,'CAN:Baud=Auto',0,0,0): ERR_HARDWARE_NOT_RESPONDING
Tue Dec 13 16:53:10.452 - [07912] RP1210_ClientConnect(0,1,'CAN:Baud=Auto',0,0,0): ERR_HARDWARE_NOT_RESPONDING
Tue Dec 13 16:53:10.457 - [07912] RP1210_ClientConnect(0,1,'CAN:Baud=Auto',0,0,0): ERR_HARDWARE_NOT_RESPONDING
Tue Dec 13 16:53:10.463 - [07912] RP1210_ClientConnect(0,1,'CAN:Baud=Auto',0,0,0): ERR_HARDWARE_NOT_RESPONDING
Tue Dec 13 16:53:10.470 - [07912] RP1210_ClientConnect(0,1,'CAN:Baud=Auto',0,0,0): ERR_HARDWARE_NOT_RESPONDING
Tue Dec 13 16:53:10.475 - [07912] RP1210_ClientConnect(0,1,'CAN:Baud=Auto',0,0,0): ERR_HARDWARE_NOT_RESPONDING
Tue Dec 13 16:53:10.482 - [07912] RP1210_ClientConnect(0,1,'CAN:Baud=Auto',0,0,0): ERR_HARDWARE_NOT_RESPONDING
Tue Dec 13 16:53:10.489 - [07912] RP1210_ClientConnect(0,1,'CAN:Baud=Auto',0,0,0): ERR_HARDWARE_NOT_RESPONDING
Tue Dec 13 16:53:10.496 - [07912] RP1210_ClientConnect(0,1,'CAN:Baud=Auto',0,0,0): ERR_HARDWARE_NOT_RESPONDING
Tue Dec 13 16:53:10.503 - [07912] RP1210_ClientConnect(0,1,'CAN:Baud=Auto',0,0,0): ERR_HARDWARE_NOT_RESPONDING
Tue Dec 13 16:53:10.508 - [07912] RP1210_ClientConnect(0,1,'CAN:Baud=Auto',0,0,0): ERR_HARDWARE_NOT_RESPONDING
Tue Dec 13 16:53:10.513 - [07912] RP1210_ClientConnect(0,1,'CAN:Baud=Auto',0,0,0): ERR_HARDWARE_NOT_RESPONDING
Tue Dec 13 16:53:10.520 - [07912] RP1210_ClientConnect(0,1,'CAN:Baud=Auto',0,0,0): ERR_HARDWARE_NOT_RESPONDING
Tue Dec 13 16:53:10.526 - [07912] RP1210_ClientConnect(0,1,'CAN:Baud=Auto',0,0,0): ERR_HARDWARE_NOT_RESPONDING
Tue Dec 13 16:53:10.531 - [07912] RP1210_ClientConnect(0,1,'CAN:Baud=Auto',0,0,0): ERR_HARDWARE_NOT_RESPONDING
Tue Dec 13 16:53:10.538 - [07912] RP1210_ClientConnect(0,1,'CAN:Baud=Auto',0,0,0): ERR_HARDWARE_NOT_RESPONDING
Tue Dec 13 16:53:10.543 - [07912] RP1210_ClientConnect(0,1,'CAN:Baud=Auto',0,0,0): ERR_HARDWARE_NOT_RESPONDING
Tue Dec 13 16:53:10.549 - [07912] RP1210_ClientConnect(0,1,'CAN:Baud=Auto',0,0,0): ERR_HARDWARE_NOT_RESPONDING
Tue Dec 13 16:53:10.555 - [07912] RP1210_ClientConnect(0,1,'CAN:Baud=Auto',0,0,0): ERR_HARDWARE_NOT_RESPONDING
Tue Dec 13 16:53:10.560 - [07912] RP1210_ClientConnect(0,1,'CAN:Baud=Auto',0,0,0): ERR_HARDWARE_NOT_RESPONDING
Tue Dec 13 16:53:10.566 - [07912] RP1210_ClientConnect(0,1,'CAN:Baud=Auto',0,0,0): ERR_HARDWARE_NOT_RESPONDING
Tue Dec 13 16:53:10.572 - [07912] RP1210_ClientConnect(0,1,'CAN:Baud=Auto',0,0,0): ERR_HARDWARE_NOT_RESPONDING
Tue Dec 13 16:53:10.577 - [07912] RP1210_ClientConnect(0,1,'CAN:Baud=Auto',0,0,0): ERR_HARDWARE_NOT_RESPONDING
Tue Dec 13 16:53:10.583 - [07912] RP1210_ClientConnect(0,1,'CAN:Baud=Auto',0,0,0): ERR_HARDWARE_NOT_RESPONDING
Tue Dec 13 16:53:10.589 - [07912] RP1210_ClientConnect(0,1,'CAN:Baud=Auto',0,0,0): ERR_HARDWARE_NOT_RESPONDING
Tue Dec 13 16:53:10.595 - [07912] RP1210_ClientConnect(0,1,'CAN:Baud=Auto',0,0,0): ERR_HARDWARE_NOT_RESPONDING
Tue Dec 13 16:53:10.602 - [07912] RP1210_ClientConnect(0,1,'CAN:Baud=Auto',0,0,0): ERR_HARDWARE_NOT_RESPONDING
Tue Dec 13 16:53:10.608 - [07912] RP1210_ClientConnect(0,1,'CAN:Baud=Auto',0,0,0): ERR_HARDWARE_NOT_RESPONDING
Tue Dec 13 16:53:10.613 - [07912] RP1210_ClientConnect(0,1,'CAN:Baud=Auto',0,0,0): ERR_HARDWARE_NOT_RESPONDING
Tue Dec 13 16:53:10.621 - [07912] RP1210_ClientConnect(0,1,'CAN:Baud=Auto',0,0,0): ERR_HARDWARE_NOT_RESPONDING
Tue Dec 13 16:53:10.626 - [07912] RP1210_ClientConnect(0,1,'CAN:Baud=Auto',0,0,0): ERR_HARDWARE_NOT_RESPONDING
Tue Dec 13 16:53:10.631 - [07912] RP1210_ClientConnect(0,1,'CAN:Baud=Auto',0,0,0): ERR_HARDWARE_NOT_RESPONDING
Tue Dec 13 16:53:10.639 - [07912] RP1210_ClientConnect(0,1,'CAN:Baud=Auto',0,0,0): ERR_HARDWARE_NOT_RESPONDING
Tue Dec 13 16:53:10.644 - [07912] RP1210_ClientConnect(0,1,'CAN:Baud=Auto',0,0,0): ERR_HARDWARE_NOT_RESPONDING
Tue Dec 13 16:53:10.654 - [07912] RP1210_ClientConnect(0,1,'CAN:Baud=Auto',0,0,0): ERR_HARDWARE_NOT_RESPONDING
Tue Dec 13 16:53:10.660 - [07912] RP1210_ClientConnect(0,1,'CAN:Baud=Auto',0,0,0): ERR_HARDWARE_NOT_RESPONDING
Tue Dec 13 16:53:10.665 - [07912] RP1210_ClientConnect(0,1,'CAN:Baud=Auto',0,0,0): ERR_HARDWARE_NOT_RESPONDING
Tue Dec 13 16:53:10.672 - [07912] RP1210_ClientConnect(0,1,'CAN:Baud=Auto',0,0,0): ERR_HARDWARE_NOT_RESPONDING
Tue Dec 13 16:53:10.678 - [07912] RP1210_ClientConnect(0,1,'CAN:Baud=Auto',0,0,0): ERR_HARDWARE_NOT_RESPONDING
Tue Dec 13 16:53:10.686 - [07912] RP1210_ClientConnect(0,1,'CAN:Baud=Auto',0,0,0): ERR_HARDWARE_NOT_RESPONDING
Tue Dec 13 16:53:10.691 - [07912] RP1210_ClientConnect(0,1,'CAN:Baud=Auto',0,0,0): ERR_HARDWARE_NOT_RESPONDING
Tue Dec 13 16:53:10.697 - [07912] RP1210_ClientConnect(0,1,'CAN:Baud=Auto',0,0,0): ERR_HARDWARE_NOT_RESPONDING
Tue Dec 13 16:53:10.705 - [07912] RP1210_ClientConnect(0,1,'CAN:Baud=Auto',0,0,0): ERR_HARDWARE_NOT_RESPONDING
Tue Dec 13 16:53:10.711 - [07912] RP1210_ClientConnect(0,1,'CAN:Baud=Auto',0,0,0): ERR_HARDWARE_NOT_RESPONDING
Tue Dec 13 16:53:10.718 - [07912] RP1210_ClientConnect(0,1,'CAN:Baud=Auto',0,0,0): ERR_HARDWARE_NOT_RESPONDING
Tue Dec 13 16:53:10.724 - [07912] RP1210_ClientConnect(0,1,'CAN:Baud=Auto',0,0,0): ERR_HARDWARE_NOT_RESPONDING
Tue Dec 13 16:53:10.729 - [07912] RP1210_ClientConnect(0,1,'CAN:Baud=Auto',0,0,0): ERR_HARDWARE_NOT_RESPONDING
Tue Dec 13 16:53:10.736 - [07912] RP1210_ClientConnect(0,1,'CAN:Baud=Auto',0,0,0): ERR_HARDWARE_NOT_RESPONDING
Tue Dec 13 16:53:10.742 - [07912] RP1210_ClientConnect(0,1,'CAN:Baud=Auto',0,0,0): ERR_HARDWARE_NOT_RESPONDING
Tue Dec 13 16:53:10.751 - [07912] RP1210_ClientConnect(0,1,'CAN:Baud=Auto',0,0,0): ERR_HARDWARE_NOT_RESPONDING
Tue Dec 13 16:53:10.759 - [07912] RP1210_ClientConnect(0,1,'CAN:Baud=Auto',0,0,0): ERR_HARDWARE_NOT_RESPONDING
Tue Dec 13 16:53:10.764 - [07912] RP1210_ClientConnect(0,1,'CAN:Baud=Auto',0,0,0): ERR_HARDWARE_NOT_RESPONDING
Tue Dec 13 16:53:10.772 - [07912] RP1210_ClientConnect(0,1,'CAN:Baud=Auto',0,0,0): ERR_HARDWARE_NOT_RESPONDING
Tue Dec 13 16:53:10.778 - [07912] RP1210_ClientConnect(0,1,'CAN:Baud=Auto',0,0,0): ERR_HARDWARE_NOT_RESPONDING
Tue Dec 13 16:53:10.785 - [07912] RP1210_ClientConnect(0,1,'CAN:Baud=Auto',0,0,0): ERR_HARDWARE_NOT_RESPONDING
Tue Dec 13 16:53:10.790 - [07912] RP1210_ClientConnect(0,1,'CAN:Baud=Auto',0,0,0): ERR_HARDWARE_NOT_RESPONDING
Tue Dec 13 16:53:10.795 - [07912] RP1210_ClientConnect(0,1,'CAN:Baud=Auto',0,0,0): ERR_HARDWARE_NOT_RESPONDING
Tue Dec 13 16:53:10.802 - [07912] RP1210_ClientConnect(0,1,'CAN:Baud=Auto',0,0,0): ERR_HARDWARE_NOT_RESPONDING
Tue Dec 13 16:53:10.808 - [07912] RP1210_ClientConnect(0,1,'CAN:Baud=Auto',0,0,0): ERR_HARDWARE_NOT_RESPONDING
Tue Dec 13 16:53:10.814 - [07912] RP1210_ClientConnect(0,1,'CAN:Baud=Auto',0,0,0): ERR_HARDWARE_NOT_RESPONDING
Tue Dec 13 16:53:10.821 - [07912] RP1210_ClientConnect(0,1,'CAN:Baud=Auto',0,0,0): ERR_HARDWARE_NOT_RESPONDING
Tue Dec 13 16:53:10.827 - [07912] RP1210_ClientConnect(0,1,'CAN:Baud=Auto',0,0,0): ERR_HARDWARE_NOT_RESPONDING
Tue Dec 13 16:53:10.832 - [07912] RP1210_ClientConnect(0,1,'CAN:Baud=Auto',0,0,0): ERR_HARDWARE_NOT_RESPONDING
Tue Dec 13 16:53:10.839 - [07912] RP1210_ClientConnect(0,1,'CAN:Baud=Auto',0,0,0): ERR_HARDWARE_NOT_RESPONDING
Tue Dec 13 16:53:10.844 - [07912] RP1210_ClientConnect(0,1,'CAN:Baud=Auto',0,0,0): ERR_HARDWARE_NOT_RESPONDING
Tue Dec 13 16:53:10.851 - [07912] RP1210_ClientConnect(0,1,'CAN:Baud=Auto',0,0,0): ERR_HARDWARE_NOT_RESPONDING
Tue Dec 13 16:53:10.856 - [07912] RP1210_ClientConnect(0,1,'CAN:Baud=Auto',0,0,0): ERR_HARDWARE_NOT_RESPONDING
Tue Dec 13 16:53:10.861 - [07912] RP1210_ClientConnect(0,1,'CAN:Baud=Auto',0,0,0): ERR_HARDWARE_NOT_RESPONDING
Tue Dec 13 16:53:10.868 - [07912] RP1210_ClientConnect(0,1,'CAN:Baud=Auto',0,0,0): ERR_HARDWARE_NOT_RESPONDING
Tue Dec 13 16:53:10.874 - [07912] RP1210_ClientConnect(0,1,'CAN:Baud=Auto',0,0,0): ERR_HARDWARE_NOT_RESPONDING
Tue Dec 13 16:53:10.879 - [07912] RP1210_ClientConnect(0,1,'CAN:Baud=Auto',0,0,0): ERR_HARDWARE_NOT_RESPONDING
Tue Dec 13 16:53:10.885 - [07912] RP1210_ClientConnect(0,1,'CAN:Baud=Auto',0,0,0): ERR_HARDWARE_NOT_RESPONDING
Tue Dec 13 16:53:10.890 - [07912] RP1210_ClientConnect(0,1,'CAN:Baud=Auto',0,0,0): ERR_HARDWARE_NOT_RESPONDING
Tue Dec 13 16:53:10.895 - [07912] RP1210_ClientConnect(0,1,'CAN:Baud=Auto',0,0,0): ERR_HARDWARE_NOT_RESPONDING
Tue Dec 13 16:53:10.902 - [07912] RP1210_ClientConnect(0,1,'CAN:Baud=Auto',0,0,0): ERR_HARDWARE_NOT_RESPONDING
Tue Dec 13 16:53:10.907 - [07912] RP1210_ClientConnect(0,1,'CAN:Baud=Auto',0,0,0): ERR_HARDWARE_NOT_RESPONDING
Tue Dec 13 16:53:10.912 - [07912] RP1210_ClientConnect(0,1,'CAN:Baud=Auto',0,0,0): ERR_HARDWARE_NOT_RESPONDING
Tue Dec 13 16:53:10.919 - [07912] RP1210_ClientConnect(0,1,'CAN:Baud=Auto',0,0,0): ERR_HARDWARE_NOT_RESPONDING
Tue Dec 13 16:53:10.924 - [07912] RP1210_ClientConnect(0,1,'CAN:Baud=Auto',0,0,0): ERR_HARDWARE_NOT_RESPONDING
Tue Dec 13 16:53:10.929 - [07912] RP1210_ClientConnect(0,1,'CAN:Baud=Auto',0,0,0): ERR_HARDWARE_NOT_RESPONDING
Tue Dec 13 16:53:10.937 - [07912] RP1210_ClientConnect(0,1,'CAN:Baud=Auto',0,0,0): ERR_HARDWARE_NOT_RESPONDING
Tue Dec 13 16:53:10.942 - [07912] RP1210_ClientConnect(0,1,'CAN:Baud=Auto',0,0,0): ERR_HARDWARE_NOT_RESPONDING
Tue Dec 13 16:53:10.947 - [07912] RP1210_ClientConnect(0,1,'CAN:Baud=Auto',0,0,0): ERR_HARDWARE_NOT_RESPONDING
Tue Dec 13 16:53:10.956 - [07912] RP1210_ClientConnect(0,1,'CAN:Baud=Auto',0,0,0): ERR_HARDWARE_NOT_RESPONDING
Tue Dec 13 16:53:10.962 - [07912] RP1210_ClientConnect(0,1,'CAN:Baud=Auto',0,0,0): ERR_HARDWARE_NOT_RESPONDING
Tue Dec 13 16:53:10.968 - [07912] RP1210_ClientConnect(0,1,'CAN:Baud=Auto',0,0,0): ERR_HARDWARE_NOT_RESPONDING
Tue Dec 13 16:53:10.973 - [07912] RP1210_ClientConnect(0,1,'CAN:Baud=Auto',0,0,0): ERR_HARDWARE_NOT_RESPONDING
Tue Dec 13 16:53:10.979 - [07912] RP1210_ClientConnect(0,1,'CAN:Baud=Auto',0,0,0): ERR_HARDWARE_NOT_RESPONDING
Tue Dec 13 16:53:10.986 - [07912] RP1210_ClientConnect(0,1,'CAN:Baud=Auto',0,0,0): ERR_HARDWARE_NOT_RESPONDING
Tue Dec 13 16:53:10.992 - [07912] RP1210_ClientConnect(0,1,'CAN:Baud=Auto',0,0,0): ERR_HARDWARE_NOT_RESPONDING
Tue Dec 13 16:53:10.998 - [07912] RP1210_ClientConnect(0,1,'CAN:Baud=Auto',0,0,0): ERR_HARDWARE_NOT_RESPONDING
Tue Dec 13 16:53:11.004 - [07912] RP1210_ClientConnect(0,1,'CAN:Baud=Auto',0,0,0): ERR_HARDWARE_NOT_RESPONDING
Tue Dec 13 16:53:11.010 - [07912] RP1210_ClientConnect(0,1,'CAN:Baud=Auto',0,0,0): ERR_HARDWARE_NOT_RESPONDING
Tue Dec 13 16:53:11.015 - [07912] RP1210_ClientConnect(0,1,'CAN:Baud=Auto',0,0,0): ERR_HARDWARE_NOT_RESPONDING
Tue Dec 13 16:53:11.022 - [07912] RP1210_ClientConnect(0,1,'CAN:Baud=Auto',0,0,0): ERR_HARDWARE_NOT_RESPONDING
Tue Dec 13 16:53:11.028 - [07912] RP1210_ClientConnect(0,1,'CAN:Baud=Auto',0,0,0): ERR_HARDWARE_NOT_RESPONDING
Tue Dec 13 16:53:11.033 - [07912] RP1210_ClientConnect(0,1,'CAN:Baud=Auto',0,0,0): ERR_HARDWARE_NOT_RESPONDING
Tue Dec 13 16:53:11.039 - [07912] RP1210_ClientConnect(0,1,'CAN:Baud=Auto',0,0,0): ERR_HARDWARE_NOT_RESPONDING
Tue Dec 13 16:53:11.045 - [07912] RP1210_ClientConnect(0,1,'CAN:Baud=Auto',0,0,0): ERR_HARDWARE_NOT_RESPONDING
Tue Dec 13 16:53:11.051 - [07912] RP1210_ClientConnect(0,1,'CAN:Baud=Auto',0,0,0): ERR_HARDWARE_NOT_RESPONDING
Tue Dec 13 16:53:11.057 - [07912] RP1210_ClientConnect(0,1,'CAN:Baud=Auto',0,0,0): ERR_HARDWARE_NOT_RESPONDING
Tue Dec 13 16:53:11.062 - [07912] RP1210_ClientConnect(0,1,'CAN:Baud=Auto',0,0,0): ERR_HARDWARE_NOT_RESPONDING
Tue Dec 13 16:53:11.069 - [07912] RP1210_ClientConnect(0,1,'CAN:Baud=Auto',0,0,0): ERR_HARDWARE_NOT_RESPONDING
Tue Dec 13 16:53:11.074 - [07912] RP1210_ClientConnect(0,1,'CAN:Baud=Auto',0,0,0): ERR_HARDWARE_NOT_RESPONDING
Tue Dec 13 16:53:11.079 - [07912] RP1210_ClientConnect(0,1,'CAN:Baud=Auto',0,0,0): ERR_HARDWARE_NOT_RESPONDING
Tue Dec 13 16:53:11.085 - [07912] RP1210_ClientConnect(0,1,'CAN:Baud=Auto',0,0,0): ERR_HARDWARE_NOT_RESPONDING
Tue Dec 13 16:53:11.090 - [07912] RP1210_ClientConnect(0,1,'CAN:Baud=Auto',0,0,0): ERR_HARDWARE_NOT_RESPONDING
Tue Dec 13 16:53:11.095 - [07912] RP1210_ClientConnect(0,1,'CAN:Baud=Auto',0,0,0): ERR_HARDWARE_NOT_RESPONDING
Tue Dec 13 16:53:11.102 - [07912] RP1210_ClientConnect(0,1,'CAN:Baud=Auto',0,0,0): ERR_HARDWARE_NOT_RESPONDING
Tue Dec 13 16:53:11.108 - [07912] RP1210_ClientConnect(0,1,'CAN:Baud=Auto',0,0,0): ERR_HARDWARE_NOT_RESPONDING
Tue Dec 13 16:53:11.113 - [07912] RP1210_ClientConnect(0,1,'CAN:Baud=Auto',0,0,0): ERR_HARDWARE_NOT_RESPONDING
Tue Dec 13 16:53:11.121 - [07912] RP1210_ClientConnect(0,1,'CAN:Baud=Auto',0,0,0): ERR_HARDWARE_NOT_RESPONDING
Tue Dec 13 16:53:11.126 - [07912] RP1210_ClientConnect(0,1,'CAN:Baud=Auto',0,0,0): ERR_HARDWARE_NOT_RESPONDING
Tue Dec 13 16:53:11.131 - [07912] RP1210_ClientConnect(0,1,'CAN:Baud=Auto',0,0,0): ERR_HARDWARE_NOT_RESPONDING
Tue Dec 13 16:53:11.137 - [07912] RP1210_ClientConnect(0,1,'CAN:Baud=Auto',0,0,0): ERR_HARDWARE_NOT_RESPONDING
Tue Dec 13 16:53:11.143 - [07912] RP1210_ClientConnect(0,1,'CAN:Baud=Auto',0,0,0): ERR_HARDWARE_NOT_RESPONDING
Tue Dec 13 16:53:11.148 - [07912] RP1210_ClientConnect(0,1,'CAN:Baud=Auto',0,0,0): ERR_HARDWARE_NOT_RESPONDING
Tue Dec 13 16:53:11.155 - [07912] RP1210_ClientConnect(0,1,'CAN:Baud=Auto',0,0,0): ERR_HARDWARE_NOT_RESPONDING
Tue Dec 13 16:53:11.161 - [07912] RP1210_ClientConnect(0,1,'CAN:Baud=Auto',0,0,0): ERR_HARDWARE_NOT_RESPONDING
Tue Dec 13 16:53:11.167 - [07912] RP1210_ClientConnect(0,1,'CAN:Baud=Auto',0,0,0): ERR_HARDWARE_NOT_RESPONDING
Tue Dec 13 16:53:11.173 - [07912] RP1210_ClientConnect(0,1,'CAN:Baud=Auto',0,0,0): ERR_HARDWARE_NOT_RESPONDING
Tue Dec 13 16:53:11.178 - [07912] RP1210_ClientConnect(0,1,'CAN:Baud=Auto',0,0,0): ERR_HARDWARE_NOT_RESPONDING
Tue Dec 13 16:53:11.185 - [07912] RP1210_ClientConnect(0,1,'CAN:Baud=Auto',0,0,0): ERR_HARDWARE_NOT_RESPONDING
Tue Dec 13 16:53:11.190 - [07912] RP1210_ClientConnect(0,1,'CAN:Baud=Auto',0,0,0): ERR_HARDWARE_NOT_RESPONDING
Tue Dec 13 16:53:11.195 - [07912] RP1210_ClientConnect(0,1,'CAN:Baud=Auto',0,0,0): ERR_HARDWARE_NOT_RESPONDING
Tue Dec 13 16:53:11.202 - [07912] RP1210_ClientConnect(0,1,'CAN:Baud=Auto',0,0,0): ERR_HARDWARE_NOT_RESPONDING
Tue Dec 13 16:53:11.207 - [07912] RP1210_ClientConnect(0,1,'CAN:Baud=Auto',0,0,0): ERR_HARDWARE_NOT_RESPONDING
Tue Dec 13 16:53:11.212 - [07912] RP1210_ClientConnect(0,1,'CAN:Baud=Auto',0,0,0): ERR_HARDWARE_NOT_RESPONDING
Tue Dec 13 16:53:11.220 - [07912] RP1210_ClientConnect(0,1,'CAN:Baud=Auto',0,0,0): ERR_HARDWARE_NOT_RESPONDING
Tue Dec 13 16:53:11.225 - [07912] RP1210_ClientConnect(0,1,'CAN:Baud=Auto',0,0,0): ERR_HARDWARE_NOT_RESPONDING
Tue Dec 13 16:53:11.230 - [07912] RP1210_ClientConnect(0,1,'CAN:Baud=Auto',0,0,0): ERR_HARDWARE_NOT_RESPONDING
Tue Dec 13 16:53:11.237 - [07912] RP1210_ClientConnect(0,1,'CAN:Baud=Auto',0,0,0): ERR_HARDWARE_NOT_RESPONDING
Tue Dec 13 16:53:11.243 - [07912] RP1210_ClientConnect(0,1,'CAN:Baud=Auto',0,0,0): ERR_HARDWARE_NOT_RESPONDING
Tue Dec 13 16:53:11.248 - [07912] RP1210_ClientConnect(0,1,'CAN:Baud=Auto',0,0,0): ERR_HARDWARE_NOT_RESPONDING
Tue Dec 13 16:53:11.255 - [07912] RP1210_ClientConnect(0,1,'CAN:Baud=Auto',0,0,0): ERR_HARDWARE_NOT_RESPONDING
Tue Dec 13 16:53:11.260 - [07912] RP1210_ClientConnect(0,1,'CAN:Baud=Auto',0,0,0): ERR_HARDWARE_NOT_RESPONDING
Tue Dec 13 16:53:11.268 - [07912] RP1210_ClientConnect(0,1,'CAN:Baud=Auto',0,0,0): ERR_HARDWARE_NOT_RESPONDING
Tue Dec 13 16:53:11.273 - [07912] RP1210_ClientConnect(0,1,'CAN:Baud=Auto',0,0,0): ERR_HARDWARE_NOT_RESPONDING
Tue Dec 13 16:53:11.279 - [07912] RP1210_ClientConnect(0,1,'CAN:Baud=Auto',0,0,0): ERR_HARDWARE_NOT_RESPONDING
Tue Dec 13 16:53:11.286 - [07912] RP1210_ClientConnect(0,1,'CAN:Baud=Auto',0,0,0): ERR_HARDWARE_NOT_RESPONDING
Tue Dec 13 16:53:11.291 - [07912] RP1210_ClientConnect(0,1,'CAN:Baud=Auto',0,0,0): ERR_HARDWARE_NOT_RESPONDING
Tue Dec 13 16:53:11.296 - [07912] RP1210_ClientConnect(0,1,'CAN:Baud=Auto',0,0,0): ERR_HARDWARE_NOT_RESPONDING
Tue Dec 13 16:53:11.302 - [07912] RP1210_ClientConnect(0,1,'CAN:Baud=Auto',0,0,0): ERR_HARDWARE_NOT_RESPONDING
Tue Dec 13 16:53:11.308 - [07912] RP1210_ClientConnect(0,1,'CAN:Baud=Auto',0,0,0): ERR_HARDWARE_NOT_RESPONDING
Tue Dec 13 16:53:11.314 - [07912] RP1210_ClientConnect(0,1,'CAN:Baud=Auto',0,0,0): ERR_HARDWARE_NOT_RESPONDING
Tue Dec 13 16:53:11.322 - [07912] RP1210_ClientConnect(0,1,'CAN:Baud=Auto',0,0,0): ERR_HARDWARE_NOT_RESPONDING
Tue Dec 13 16:53:11.327 - [07912] RP1210_ClientConnect(0,1,'CAN:Baud=Auto',0,0,0): ERR_HARDWARE_NOT_RESPONDING
Tue Dec 13 16:53:11.335 - [07912] RP1210_ClientConnect(0,1,'CAN:Baud=Auto',0,0,0): ERR_HARDWARE_NOT_RESPONDING
Tue Dec 13 16:53:11.341 - [07912] RP1210_ClientConnect(0,1,'CAN:Baud=Auto',0,0,0): ERR_HARDWARE_NOT_RESPONDING
Tue Dec 13 16:53:11.346 - [07912] RP1210_ClientConnect(0,1,'CAN:Baud=Auto',0,0,0): ERR_HARDWARE_NOT_RESPONDING
Tue Dec 13 16:53:11.354 - [07912] RP1210_ClientConnect(0,1,'CAN:Baud=Auto',0,0,0): ERR_HARDWARE_NOT_RESPONDING
Tue Dec 13 16:53:11.359 - [07912] RP1210_ClientConnect(0,1,'CAN:Baud=Auto',0,0,0): ERR_HARDWARE_NOT_RESPONDING
Tue Dec 13 16:53:11.364 - [07912] RP1210_ClientConnect(0,1,'CAN:Baud=Auto',0,0,0): ERR_HARDWARE_NOT_RESPONDING
Tue Dec 13 16:53:11.371 - [07912] RP1210_ClientConnect(0,1,'CAN:Baud=Auto',0,0,0): ERR_HARDWARE_NOT_RESPONDING
Tue Dec 13 16:53:11.376 - [07912] RP1210_ClientConnect(0,1,'CAN:Baud=Auto',0,0,0): ERR_HARDWARE_NOT_RESPONDING
Tue Dec 13 16:53:11.382 - [07912] RP1210_ClientConnect(0,1,'CAN:Baud=Auto',0,0,0): ERR_HARDWARE_NOT_RESPONDING
Tue Dec 13 16:53:11.389 - [07912] RP1210_ClientConnect(0,1,'CAN:Baud=Auto',0,0,0): ERR_HARDWARE_NOT_RESPONDING
Tue Dec 13 16:53:11.395 - [07912] RP1210_ClientConnect(0,1,'CAN:Baud=Auto',0,0,0): ERR_HARDWARE_NOT_RESPONDING
Tue Dec 13 16:53:11.402 - [07912] RP1210_ClientConnect(0,1,'CAN:Baud=Auto',0,0,0): ERR_HARDWARE_NOT_RESPONDING
Tue Dec 13 16:53:11.407 - [07912] RP1210_ClientConnect(0,1,'CAN:Baud=Auto',0,0,0): ERR_HARDWARE_NOT_RESPONDING
Tue Dec 13 16:53:11.413 - [07912] RP1210_ClientConnect(0,1,'CAN:Baud=Auto',0,0,0): ERR_HARDWARE_NOT_RESPONDING
Tue Dec 13 16:53:11.420 - [07912] RP1210_ClientConnect(0,1,'CAN:Baud=Auto',0,0,0): ERR_HARDWARE_NOT_RESPONDING
Tue Dec 13 16:53:11.425 - [07912] RP1210_ClientConnect(0,1,'CAN:Baud=Auto',0,0,0): ERR_HARDWARE_NOT_RESPONDING
Tue Dec 13 16:53:11.430 - [07912] RP1210_ClientConnect(0,1,'CAN:Baud=Auto',0,0,0): ERR_HARDWARE_NOT_RESPONDING
Tue Dec 13 16:53:11.438 - [07912] RP1210_ClientConnect(0,1,'CAN:Baud=Auto',0,0,0): ERR_HARDWARE_NOT_RESPONDING
Tue Dec 13 16:53:11.446 - [07912] RP1210_ClientConnect(0,1,'CAN:Baud=Auto',0,0,0): ERR_HARDWARE_NOT_RESPONDING
Tue Dec 13 16:53:11.453 - [07912] RP1210_ClientConnect(0,1,'CAN:Baud=Auto',0,0,0): ERR_HARDWARE_NOT_RESPONDING
Tue Dec 13 16:53:11.458 - [07912] RP1210_ClientConnect(0,1,'CAN:Baud=Auto',0,0,0): ERR_HARDWARE_NOT_RESPONDING
Tue Dec 13 16:53:11.464 - [07912] RP1210_ClientConnect(0,1,'CAN:Baud=Auto',0,0,0): ERR_HARDWARE_NOT_RESPONDING
Tue Dec 13 16:53:11.471 - [07912] RP1210_ClientConnect(0,1,'CAN:Baud=Auto',0,0,0): ERR_HARDWARE_NOT_RESPONDING
Tue Dec 13 16:53:11.476 - [07912] RP1210_ClientConnect(0,1,'CAN:Baud=Auto',0,0,0): ERR_HARDWARE_NOT_RESPONDING
Tue Dec 13 16:53:11.481 - [07912] RP1210_ClientConnect(0,1,'CAN:Baud=Auto',0,0,0): ERR_HARDWARE_NOT_RESPONDING
Tue Dec 13 16:53:11.489 - [07912] RP1210_ClientConnect(0,1,'CAN:Baud=Auto',0,0,0): ERR_HARDWARE_NOT_RESPONDING
Tue Dec 13 16:53:11.495 - [07912] RP1210_ClientConnect(0,1,'CAN:Baud=Auto',0,0,0): ERR_HARDWARE_NOT_RESPONDING
Tue Dec 13 16:53:11.502 - [07912] RP1210_ClientConnect(0,1,'CAN:Baud=Auto',0,0,0): ERR_HARDWARE_NOT_RESPONDING
Tue Dec 13 16:53:11.508 - [07912] RP1210_ClientConnect(0,1,'CAN:Baud=Auto',0,0,0): ERR_HARDWARE_NOT_RESPONDING
Tue Dec 13 16:53:11.513 - [07912] RP1210_ClientConnect(0,1,'CAN:Baud=Auto',0,0,0): ERR_HARDWARE_NOT_RESPONDING
Tue Dec 13 16:53:11.520 - [07912] RP1210_ClientConnect(0,1,'CAN:Baud=Auto',0,0,0): ERR_HARDWARE_NOT_RESPONDING
Tue Dec 13 16:53:11.525 - [07912] RP1210_ClientConnect(0,1,'CAN:Baud=Auto',0,0,0): ERR_HARDWARE_NOT_RESPONDING
Tue Dec 13 16:53:11.530 - [07912] RP1210_ClientConnect(0,1,'CAN:Baud=Auto',0,0,0): ERR_HARDWARE_NOT_RESPONDING
Tue Dec 13 16:53:11.537 - [07912] RP1210_ClientConnect(0,1,'CAN:Baud=Auto',0,0,0): ERR_HARDWARE_NOT_RESPONDING
Tue Dec 13 16:53:11.542 - [07912] RP1210_ClientConnect(0,1,'CAN:Baud=Auto',0,0,0): ERR_HARDWARE_NOT_RESPONDING
Tue Dec 13 16:53:11.547 - [07912] RP1210_ClientConnect(0,1,'CAN:Baud=Auto',0,0,0): ERR_HARDWARE_NOT_RESPONDING
Tue Dec 13 16:53:11.554 - [07912] RP1210_ClientConnect(0,1,'CAN:Baud=Auto',0,0,0): ERR_HARDWARE_NOT_RESPONDING
Tue Dec 13 16:53:11.559 - [07912] RP1210_ClientConnect(0,1,'CAN:Baud=Auto',0,0,0): ERR_HARDWARE_NOT_RESPONDING
Tue Dec 13 16:53:11.565 - [07912] RP1210_ClientConnect(0,1,'CAN:Baud=Auto',0,0,0): ERR_HARDWARE_NOT_RESPONDING
Tue Dec 13 16:53:11.572 - [07912] RP1210_ClientConnect(0,1,'CAN:Baud=Auto',0,0,0): ERR_HARDWARE_NOT_RESPONDING
Tue Dec 13 16:53:11.577 - [07912] RP1210_ClientConnect(0,1,'CAN:Baud=Auto',0,0,0): ERR_HARDWARE_NOT_RESPONDING
Tue Dec 13 16:53:11.582 - [07912] RP1210_ClientConnect(0,1,'CAN:Baud=Auto',0,0,0): ERR_HARDWARE_NOT_RESPONDING
Tue Dec 13 16:53:11.589 - [07912] RP1210_ClientConnect(0,1,'CAN:Baud=Auto',0,0,0): ERR_HARDWARE_NOT_RESPONDING
Tue Dec 13 16:53:11.595 - [07912] RP1210_ClientConnect(0,1,'CAN:Baud=Auto',0,0,0): ERR_HARDWARE_NOT_RESPONDING
Tue Dec 13 16:53:11.601 - [07912] RP1210_ClientConnect(0,1,'CAN:Baud=Auto',0,0,0): ERR_HARDWARE_NOT_RESPONDING
Tue Dec 13 16:53:11.607 - [07912] RP1210_ClientConnect(0,1,'CAN:Baud=Auto',0,0,0): ERR_HARDWARE_NOT_RESPONDING
Tue Dec 13 16:53:11.612 - [07912] RP1210_ClientConnect(0,1,'CAN:Baud=Auto',0,0,0): ERR_HARDWARE_NOT_RESPONDING
Tue Dec 13 16:53:11.619 - [07912] RP1210_ClientConnect(0,1,'CAN:Baud=Auto',0,0,0): ERR_HARDWARE_NOT_RESPONDING
Tue Dec 13 16:53:11.624 - [07912] RP1210_ClientConnect(0,1,'CAN:Baud=Auto',0,0,0): ERR_HARDWARE_NOT_RESPONDING
Tue Dec 13 16:53:11.630 - [07912] RP1210_ClientConnect(0,1,'CAN:Baud=Auto',0,0,0): ERR_HARDWARE_NOT_RESPONDING
Tue Dec 13 16:53:11.636 - [07912] RP1210_ClientConnect(0,1,'CAN:Baud=Auto',0,0,0): ERR_HARDWARE_NOT_RESPONDING
Tue Dec 13 16:53:11.641 - [07912] RP1210_ClientConnect(0,1,'CAN:Baud=Auto',0,0,0): ERR_HARDWARE_NOT_RESPONDING
Tue Dec 13 16:53:11.646 - [07912] RP1210_ClientConnect(0,1,'CAN:Baud=Auto',0,0,0): ERR_HARDWARE_NOT_RESPONDING
Tue Dec 13 16:53:11.654 - [07912] RP1210_ClientConnect(0,1,'CAN:Baud=Auto',0,0,0): ERR_HARDWARE_NOT_RESPONDING
Tue Dec 13 16:53:11.659 - [07912] RP1210_ClientConnect(0,1,'CAN:Baud=Auto',0,0,0): ERR_HARDWARE_NOT_RESPONDING
Tue Dec 13 16:53:11.664 - [07912] RP1210_ClientConnect(0,1,'CAN:Baud=Auto',0,0,0): ERR_HARDWARE_NOT_RESPONDING
Tue Dec 13 16:53:11.672 - [07912] RP1210_ClientConnect(0,1,'CAN:Baud=Auto',0,0,0): ERR_HARDWARE_NOT_RESPONDING
Tue Dec 13 16:53:11.677 - [07912] RP1210_ClientConnect(0,1,'CAN:Baud=Auto',0,0,0): ERR_HARDWARE_NOT_RESPONDING
Tue Dec 13 16:53:11.682 - [07912] RP1210_ClientConnect(0,1,'CAN:Baud=Auto',0,0,0): ERR_HARDWARE_NOT_RESPONDING
Tue Dec 13 16:53:11.689 - [07912] RP1210_ClientConnect(0,1,'CAN:Baud=Auto',0,0,0): ERR_HARDWARE_NOT_RESPONDING
Tue Dec 13 16:53:11.694 - [07912] RP1210_ClientConnect(0,1,'CAN:Baud=Auto',0,0,0): ERR_HARDWARE_NOT_RESPONDING
Tue Dec 13 16:53:11.700 - [07912] RP1210_ClientConnect(0,1,'CAN:Baud=Auto',0,0,0): ERR_HARDWARE_NOT_RESPONDING
Tue Dec 13 16:53:11.706 - [07912] RP1210_ClientConnect(0,1,'CAN:Baud=Auto',0,0,0): ERR_HARDWARE_NOT_RESPONDING
Tue Dec 13 16:53:11.712 - [07912] RP1210_ClientConnect(0,1,'CAN:Baud=Auto',0,0,0): ERR_HARDWARE_NOT_RESPONDING
Tue Dec 13 16:53:11.717 - [07912] RP1210_ClientConnect(0,1,'CAN:Baud=Auto',0,0,0): ERR_HARDWARE_NOT_RESPONDING
Tue Dec 13 16:53:11.724 - [07912] RP1210_ClientConnect(0,1,'CAN:Baud=Auto',0,0,0): ERR_HARDWARE_NOT_RESPONDING
Tue Dec 13 16:53:11.729 - [07912] RP1210_ClientConnect(0,1,'CAN:Baud=Auto',0,0,0): ERR_HARDWARE_NOT_RESPONDING
Tue Dec 13 16:53:11.735 - [07912] RP1210_ClientConnect(0,1,'CAN:Baud=Auto',0,0,0): ERR_HARDWARE_NOT_RESPONDING
Tue Dec 13 16:53:11.740 - [07912] RP1210_ClientConnect(0,1,'CAN:Baud=Auto',0,0,0): ERR_HARDWARE_NOT_RESPONDING
Tue Dec 13 16:53:11.746 - [07912] RP1210_ClientConnect(0,1,'CAN:Baud=Auto',0,0,0): ERR_HARDWARE_NOT_RESPONDING
Tue Dec 13 16:53:11.774 - [07912] RP1210_ClientConnect(0,1,'CAN:Baud=Auto',0,0,0): ERR_HARDWARE_NOT_RESPONDING
Tue Dec 13 16:53:11.780 - [07912] RP1210_ClientConnect(0,1,'CAN:Baud=Auto',0,0,0): ERR_HARDWARE_NOT_RESPONDING
Tue Dec 13 16:53:11.788 - [07912] RP1210_ClientConnect(0,1,'CAN:Baud=Auto',0,0,0): ERR_HARDWARE_NOT_RESPONDING
Tue Dec 13 16:53:11.794 - [07912] RP1210_ClientConnect(0,1,'CAN:Baud=Auto',0,0,0): ERR_HARDWARE_NOT_RESPONDING
Tue Dec 13 16:53:11.800 - [07912] RP1210_ClientConnect(0,1,'CAN:Baud=Auto',0,0,0): ERR_HARDWARE_NOT_RESPONDING
Tue Dec 13 16:53:11.807 - [07912] RP1210_ClientConnect(0,1,'CAN:Baud=Auto',0,0,0): ERR_HARDWARE_NOT_RESPONDING
Tue Dec 13 16:53:11.813 - [07912] RP1210_ClientConnect(0,1,'CAN:Baud=Auto',0,0,0): ERR_HARDWARE_NOT_RESPONDING
Tue Dec 13 16:53:11.818 - [07912] RP1210_ClientConnect(0,1,'CAN:Baud=Auto',0,0,0): ERR_HARDWARE_NOT_RESPONDING
Tue Dec 13 16:53:11.824 - [07912] RP1210_ClientConnect(0,1,'CAN:Baud=Auto',0,0,0): ERR_HARDWARE_NOT_RESPONDING
Tue Dec 13 16:53:11.830 - [07912] RP1210_ClientConnect(0,1,'CAN:Baud=Auto',0,0,0): ERR_HARDWARE_NOT_RESPONDING
Tue Dec 13 16:53:11.837 - [07912] RP1210_ClientConnect(0,1,'CAN:Baud=Auto',0,0,0): ERR_HARDWARE_NOT_RESPONDING
Tue Dec 13 16:53:11.842 - [07912] RP1210_ClientConnect(0,1,'CAN:Baud=Auto',0,0,0): ERR_HARDWARE_NOT_RESPONDING
Tue Dec 13 16:53:11.847 - [07912] RP1210_ClientConnect(0,1,'CAN:Baud=Auto',0,0,0): ERR_HARDWARE_NOT_RESPONDING
Tue Dec 13 16:53:11.855 - [07912] RP1210_ClientConnect(0,1,'CAN:Baud=Auto',0,0,0): ERR_HARDWARE_NOT_RESPONDING
Tue Dec 13 16:53:11.861 - [07912] RP1210_ClientConnect(0,1,'CAN:Baud=Auto',0,0,0): ERR_HARDWARE_NOT_RESPONDING
Tue Dec 13 16:53:11.866 - [07912] RP1210_ClientConnect(0,1,'CAN:Baud=Auto',0,0,0): ERR_HARDWARE_NOT_RESPONDING
Tue Dec 13 16:53:11.877 - [07912] RP1210_ClientConnect(0,1,'CAN:Baud=Auto',0,0,0): ERR_HARDWARE_NOT_RESPONDING
Tue Dec 13 16:53:11.887 - [07912] RP1210_ClientConnect(0,1,'CAN:Baud=Auto',0,0,0): ERR_HARDWARE_NOT_RESPONDING
Tue Dec 13 16:53:11.892 - [07912] RP1210_ClientConnect(0,1,'CAN:Baud=Auto',0,0,0): ERR_HARDWARE_NOT_RESPONDING
Tue Dec 13 16:53:11.897 - [07912] RP1210_ClientConnect(0,1,'CAN:Baud=Auto',0,0,0): ERR_HARDWARE_NOT_RESPONDING
Tue Dec 13 16:53:11.904 - [07912] RP1210_ClientConnect(0,1,'CAN:Baud=Auto',0,0,0): ERR_HARDWARE_NOT_RESPONDING
Tue Dec 13 16:53:11.909 - [07912] RP1210_ClientConnect(0,1,'CAN:Baud=Auto',0,0,0): ERR_HARDWARE_NOT_RESPONDING
Tue Dec 13 16:53:11.914 - [07912] RP1210_ClientConnect(0,1,'CAN:Baud=Auto',0,0,0): ERR_HARDWARE_NOT_RESPONDING
Tue Dec 13 16:53:11.919 - [07912] RP1210_ClientConnect(0,1,'CAN:Baud=Auto',0,0,0): ERR_HARDWARE_NOT_RESPONDING
Tue Dec 13 16:53:11.927 - [07912] RP1210_ClientConnect(0,1,'CAN:Baud=Auto',0,0,0): ERR_HARDWARE_NOT_RESPONDING
Tue Dec 13 16:53:11.936 - [07912] RP1210_ClientConnect(0,1,'CAN:Baud=Auto',0,0,0): ERR_HARDWARE_NOT_RESPONDING
Tue Dec 13 16:53:11.945 - [07912] RP1210_ClientConnect(0,1,'CAN:Baud=Auto',0,0,0): ERR_HARDWARE_NOT_RESPONDING
Tue Dec 13 16:53:11.957 - [07912] RP1210_ClientConnect(0,1,'CAN:Baud=Auto',0,0,0): ERR_HARDWARE_NOT_RESPONDING
Tue Dec 13 16:53:11.964 - [07912] RP1210_ClientConnect(0,1,'CAN:Baud=Auto',0,0,0): ERR_HARDWARE_NOT_RESPONDING
Tue Dec 13 16:53:11.975 - [07912] RP1210_ClientConnect(0,1,'CAN:Baud=Auto',0,0,0): ERR_HARDWARE_NOT_RESPONDING
Tue Dec 13 16:53:11.983 - [07912] RP1210_ClientConnect(0,1,'CAN:Baud=Auto',0,0,0): ERR_HARDWARE_NOT_RESPONDING
Tue Dec 13 16:53:11.991 - [07912] RP1210_ClientConnect(0,1,'CAN:Baud=Auto',0,0,0): ERR_HARDWARE_NOT_RESPONDING
Tue Dec 13 16:53:12.000 - [07912] RP1210_ClientConnect(0,1,'CAN:Baud=Auto',0,0,0): ERR_HARDWARE_NOT_RESPONDING
Tue Dec 13 16:53:12.008 - [07912] RP1210_ClientConnect(0,1,'CAN:Baud=Auto',0,0,0): ERR_HARDWARE_NOT_RESPONDING
Tue Dec 13 16:53:12.019 - [07912] RP1210_ClientConnect(0,1,'CAN:Baud=Auto',0,0,0): ERR_HARDWARE_NOT_RESPONDING
Tue Dec 13 16:53:12.027 - [07912] RP1210_ClientConnect(0,1,'CAN:Baud=Auto',0,0,0): ERR_HARDWARE_NOT_RESPONDING
Tue Dec 13 16:53:12.036 - [07912] RP1210_ClientConnect(0,1,'CAN:Baud=Auto',0,0,0): ERR_HARDWARE_NOT_RESPONDING
Tue Dec 13 16:53:12.044 - [07912] RP1210_ClientConnect(0,1,'CAN:Baud=Auto',0,0,0): ERR_HARDWARE_NOT_RESPONDING
Tue Dec 13 16:53:12.053 - [07912] RP1210_ClientConnect(0,1,'CAN:Baud=Auto',0,0,0): ERR_HARDWARE_NOT_RESPONDING
Tue Dec 13 16:53:12.062 - [07912] RP1210_ClientConnect(0,1,'CAN:Baud=Auto',0,0,0): ERR_HARDWARE_NOT_RESPONDING
Tue Dec 13 16:53:12.073 - [07912] RP1210_ClientConnect(0,1,'CAN:Baud=Auto',0,0,0): ERR_HARDWARE_NOT_RESPONDING
Tue Dec 13 16:53:12.081 - [07912] RP1210_ClientConnect(0,1,'CAN:Baud=Auto',0,0,0): ERR_HARDWARE_NOT_RESPONDING
Tue Dec 13 16:53:12.092 - [07912] RP1210_ClientConnect(0,1,'CAN:Baud=Auto',0,0,0): ERR_HARDWARE_NOT_RESPONDING
Tue Dec 13 16:53:12.099 - [07912] RP1210_ClientConnect(0,1,'CAN:Baud=Auto',0,0,0): ERR_HARDWARE_NOT_RESPONDING
Tue Dec 13 16:53:12.106 - [07912] RP1210_ClientConnect(0,1,'CAN:Baud=Auto',0,0,0): ERR_HARDWARE_NOT_RESPONDING
Tue Dec 13 16:53:12.113 - [07912] RP1210_ClientConnect(0,1,'CAN:Baud=Auto',0,0,0): ERR_HARDWARE_NOT_RESPONDING
Tue Dec 13 16:53:12.122 - [07912] RP1210_ClientConnect(0,1,'CAN:Baud=Auto',0,0,0): ERR_HARDWARE_NOT_RESPONDING
Tue Dec 13 16:53:12.128 - [07912] RP1210_ClientConnect(0,1,'CAN:Baud=Auto',0,0,0): ERR_HARDWARE_NOT_RESPONDING
Tue Dec 13 16:53:12.136 - [07912] RP1210_ClientConnect(0,1,'CAN:Baud=Auto',0,0,0): ERR_HARDWARE_NOT_RESPONDING
Tue Dec 13 16:53:12.142 - [07912] RP1210_ClientConnect(0,1,'CAN:Baud=Auto',0,0,0): ERR_HARDWARE_NOT_RESPONDING
Tue Dec 13 16:53:12.149 - [07912] RP1210_ClientConnect(0,1,'CAN:Baud=Auto',0,0,0): ERR_HARDWARE_NOT_RESPONDING
Tue Dec 13 16:53:12.156 - [07912] RP1210_ClientConnect(0,1,'CAN:Baud=Auto',0,0,0): ERR_HARDWARE_NOT_RESPONDING
Tue Dec 13 16:53:12.161 - [07912] RP1210_ClientConnect(0,1,'CAN:Baud=Auto',0,0,0): ERR_HARDWARE_NOT_RESPONDING
Tue Dec 13 16:53:12.167 - [07912] RP1210_ClientConnect(0,1,'CAN:Baud=Auto',0,0,0): ERR_HARDWARE_NOT_RESPONDING
Tue Dec 13 16:53:12.174 - [07912] RP1210_ClientConnect(0,1,'CAN:Baud=Auto',0,0,0): ERR_HARDWARE_NOT_RESPONDING
Tue Dec 13 16:53:12.180 - [07912] RP1210_ClientConnect(0,1,'CAN:Baud=Auto',0,0,0): ERR_HARDWARE_NOT_RESPONDING
Tue Dec 13 16:53:12.188 - [07912] RP1210_ClientConnect(0,1,'CAN:Baud=Auto',0,0,0): ERR_HARDWARE_NOT_RESPONDING
Tue Dec 13 16:53:12.193 - [07912] RP1210_ClientConnect(0,1,'CAN:Baud=Auto',0,0,0): ERR_HARDWARE_NOT_RESPONDING
Tue Dec 13 16:53:12.199 - [07912] RP1210_ClientConnect(0,1,'CAN:Baud=Auto',0,0,0): ERR_HARDWARE_NOT_RESPONDING
Tue Dec 13 16:53:12.207 - [07912] RP1210_ClientConnect(0,1,'CAN:Baud=Auto',0,0,0): ERR_HARDWARE_NOT_RESPONDING
Tue Dec 13 16:53:12.212 - [07912] RP1210_ClientConnect(0,1,'CAN:Baud=Auto',0,0,0): ERR_HARDWARE_NOT_RESPONDING
Tue Dec 13 16:53:12.219 - [07912] RP1210_ClientConnect(0,1,'CAN:Baud=Auto',0,0,0): ERR_HARDWARE_NOT_RESPONDING
Tue Dec 13 16:53:12.225 - [07912] RP1210_ClientConnect(0,1,'CAN:Baud=Auto',0,0,0): ERR_HARDWARE_NOT_RESPONDING
Tue Dec 13 16:53:12.231 - [07912] RP1210_ClientConnect(0,1,'CAN:Baud=Auto',0,0,0): ERR_HARDWARE_NOT_RESPONDING
Tue Dec 13 16:53:12.239 - [07912] RP1210_ClientConnect(0,1,'CAN:Baud=Auto',0,0,0): ERR_HARDWARE_NOT_RESPONDING
Tue Dec 13 16:53:12.246 - [07912] RP1210_ClientConnect(0,1,'CAN:Baud=Auto',0,0,0): ERR_HARDWARE_NOT_RESPONDING
Tue Dec 13 16:53:12.255 - [07912] RP1210_ClientConnect(0,1,'CAN:Baud=Auto',0,0,0): ERR_HARDWARE_NOT_RESPONDING
Tue Dec 13 16:53:12.261 - [07912] RP1210_ClientConnect(0,1,'CAN:Baud=Auto',0,0,0): ERR_HARDWARE_NOT_RESPONDING
Tue Dec 13 16:53:12.267 - [07912] RP1210_ClientConnect(0,1,'CAN:Baud=Auto',0,0,0): ERR_HARDWARE_NOT_RESPONDING
Tue Dec 13 16:53:12.275 - [07912] RP1210_ClientConnect(0,1,'CAN:Baud=Auto',0,0,0): ERR_HARDWARE_NOT_RESPONDING
Tue Dec 13 16:53:12.282 - [07912] RP1210_ClientConnect(0,1,'CAN:Baud=Auto',0,0,0): ERR_HARDWARE_NOT_RESPONDING
Tue Dec 13 16:53:12.291 - [07912] RP1210_ClientConnect(0,1,'CAN:Baud=Auto',0,0,0): ERR_HARDWARE_NOT_RESPONDING
Tue Dec 13 16:53:12.298 - [07912] RP1210_ClientConnect(0,1,'CAN:Baud=Auto',0,0,0): ERR_HARDWARE_NOT_RESPONDING
Tue Dec 13 16:53:12.307 - [07912] RP1210_ClientConnect(0,1,'CAN:Baud=Auto',0,0,0): ERR_HARDWARE_NOT_RESPONDING
Tue Dec 13 16:53:12.314 - [07912] RP1210_ClientConnect(0,1,'CAN:Baud=Auto',0,0,0): ERR_HARDWARE_NOT_RESPONDING
Tue Dec 13 16:53:12.321 - [07912] RP1210_ClientConnect(0,1,'CAN:Baud=Auto',0,0,0): ERR_HARDWARE_NOT_RESPONDING
Tue Dec 13 16:53:12.327 - [07912] RP1210_ClientConnect(0,1,'CAN:Baud=Auto',0,0,0): ERR_HARDWARE_NOT_RESPONDING
Tue Dec 13 16:53:12.338 - [07912] RP1210_ClientConnect(0,1,'CAN:Baud=Auto',0,0,0): ERR_HARDWARE_NOT_RESPONDING
Tue Dec 13 16:53:12.343 - [07912] RP1210_ClientConnect(0,1,'CAN:Baud=Auto',0,0,0): ERR_HARDWARE_NOT_RESPONDING
Tue Dec 13 16:53:12.355 - [07912] RP1210_ClientConnect(0,1,'CAN:Baud=Auto',0,0,0): ERR_HARDWARE_NOT_RESPONDING
Tue Dec 13 16:53:12.361 - [07912] RP1210_ClientConnect(0,1,'CAN:Baud=Auto',0,0,0): ERR_HARDWARE_NOT_RESPONDING
Tue Dec 13 16:53:12.366 - [07912] RP1210_ClientConnect(0,1,'CAN:Baud=Auto',0,0,0): ERR_HARDWARE_NOT_RESPONDING
Tue Dec 13 16:53:12.373 - [07912] RP1210_ClientConnect(0,1,'CAN:Baud=Auto',0,0,0): ERR_HARDWARE_NOT_RESPONDING
Tue Dec 13 16:53:12.378 - [07912] RP1210_ClientConnect(0,1,'CAN:Baud=Auto',0,0,0): ERR_HARDWARE_NOT_RESPONDING
Tue Dec 13 16:53:12.383 - [07912] RP1210_ClientConnect(0,1,'CAN:Baud=Auto',0,0,0): ERR_HARDWARE_NOT_RESPONDING
Tue Dec 13 16:53:12.389 - [07912] RP1210_ClientConnect(0,1,'CAN:Baud=Auto',0,0,0): ERR_HARDWARE_NOT_RESPONDING
Tue Dec 13 16:53:12.394 - [07912] RP1210_ClientConnect(0,1,'CAN:Baud=Auto',0,0,0): ERR_HARDWARE_NOT_RESPONDING
Tue Dec 13 16:53:12.399 - [07912] RP1210_ClientConnect(0,1,'CAN:Baud=Auto',0,0,0): ERR_HARDWARE_NOT_RESPONDING
Tue Dec 13 16:53:12.405 - [07912] RP1210_ClientConnect(0,1,'CAN:Baud=Auto',0,0,0): ERR_HARDWARE_NOT_RESPONDING
Tue Dec 13 16:53:12.410 - [07912] RP1210_ClientConnect(0,1,'CAN:Baud=Auto',0,0,0): ERR_HARDWARE_NOT_RESPONDING
Tue Dec 13 16:53:12.416 - [07912] RP1210_ClientConnect(0,1,'CAN:Baud=Auto',0,0,0): ERR_HARDWARE_NOT_RESPONDING
Tue Dec 13 16:53:12.423 - [07912] RP1210_ClientConnect(0,1,'CAN:Baud=Auto',0,0,0): ERR_HARDWARE_NOT_RESPONDING
Tue Dec 13 16:53:12.428 - [07912] RP1210_ClientConnect(0,1,'CAN:Baud=Auto',0,0,0): ERR_HARDWARE_NOT_RESPONDING
Tue Dec 13 16:53:12.433 - [07912] RP1210_ClientConnect(0,1,'CAN:Baud=Auto',0,0,0): ERR_HARDWARE_NOT_RESPONDING
Tue Dec 13 16:53:12.440 - [07912] RP1210_ClientConnect(0,1,'CAN:Baud=Auto',0,0,0): ERR_HARDWARE_NOT_RESPONDING
Tue Dec 13 16:53:12.444 - [07912] RP1210_ClientConnect(0,1,'CAN:Baud=Auto',0,0,0): ERR_HARDWARE_NOT_RESPONDING
Tue Dec 13 16:53:12.449 - [07912] RP1210_ClientConnect(0,1,'CAN:Baud=Auto',0,0,0): ERR_HARDWARE_NOT_RESPONDING
Tue Dec 13 16:53:12.456 - [07912] RP1210_ClientConnect(0,1,'CAN:Baud=Auto',0,0,0): ERR_HARDWARE_NOT_RESPONDING
Tue Dec 13 16:53:12.461 - [07912] RP1210_ClientConnect(0,1,'CAN:Baud=Auto',0,0,0): ERR_HARDWARE_NOT_RESPONDING
Tue Dec 13 16:53:12.465 - [07912] RP1210_ClientConnect(0,1,'CAN:Baud=Auto',0,0,0): ERR_HARDWARE_NOT_RESPONDING
Tue Dec 13 16:53:12.472 - [07912] RP1210_ClientConnect(0,1,'CAN:Baud=Auto',0,0,0): ERR_HARDWARE_NOT_RESPONDING
Tue Dec 13 16:53:12.477 - [07912] RP1210_ClientConnect(0,1,'CAN:Baud=Auto',0,0,0): ERR_HARDWARE_NOT_RESPONDING
Tue Dec 13 16:53:12.482 - [07912] RP1210_ClientConnect(0,1,'CAN:Baud=Auto',0,0,0): ERR_HARDWARE_NOT_RESPONDING
Tue Dec 13 16:53:12.489 - [07912] RP1210_ClientConnect(0,1,'CAN:Baud=Auto',0,0,0): ERR_HARDWARE_NOT_RESPONDING
Tue Dec 13 16:53:12.495 - [07912] RP1210_ClientConnect(0,1,'CAN:Baud=Auto',0,0,0): ERR_HARDWARE_NOT_RESPONDING
Tue Dec 13 16:53:12.500 - [07912] RP1210_ClientConnect(0,1,'CAN:Baud=Auto',0,0,0): ERR_HARDWARE_NOT_RESPONDING
Tue Dec 13 16:53:12.507 - [07912] RP1210_ClientConnect(0,1,'CAN:Baud=Auto',0,0,0): ERR_HARDWARE_NOT_RESPONDING
Tue Dec 13 16:53:12.512 - [07912] RP1210_ClientConnect(0,1,'CAN:Baud=Auto',0,0,0): ERR_HARDWARE_NOT_RESPONDING
Tue Dec 13 16:53:12.517 - [07912] RP1210_ClientConnect(0,1,'CAN:Baud=Auto',0,0,0): ERR_HARDWARE_NOT_RESPONDING
Tue Dec 13 16:53:12.524 - [07912] RP1210_ClientConnect(0,1,'CAN:Baud=Auto',0,0,0): ERR_HARDWARE_NOT_RESPONDING
Tue Dec 13 16:53:12.530 - [07912] RP1210_ClientConnect(0,1,'CAN:Baud=Auto',0,0,0): ERR_HARDWARE_NOT_RESPONDING
Tue Dec 13 16:53:12.535 - [07912] RP1210_ClientConnect(0,1,'CAN:Baud=Auto',0,0,0): ERR_HARDWARE_NOT_RESPONDING
Tue Dec 13 16:53:12.543 - [07912] RP1210_ClientConnect(0,1,'CAN:Baud=Auto',0,0,0): ERR_HARDWARE_NOT_RESPONDING
Tue Dec 13 16:53:12.549 - [07912] RP1210_ClientConnect(0,1,'CAN:Baud=Auto',0,0,0): ERR_HARDWARE_NOT_RESPONDING
Tue Dec 13 16:53:12.555 - [07912] RP1210_ClientConnect(0,1,'CAN:Baud=Auto',0,0,0): ERR_HARDWARE_NOT_RESPONDING
Tue Dec 13 16:53:12.560 - [07912] RP1210_ClientConnect(0,1,'CAN:Baud=Auto',0,0,0): ERR_HARDWARE_NOT_RESPONDING
Tue Dec 13 16:53:12.565 - [07912] RP1210_ClientConnect(0,1,'CAN:Baud=Auto',0,0,0): ERR_HARDWARE_NOT_RESPONDING
Tue Dec 13 16:53:12.571 - [07912] RP1210_ClientConnect(0,1,'CAN:Baud=Auto',0,0,0): ERR_HARDWARE_NOT_RESPONDING
Tue Dec 13 16:53:12.590 - [07912] RP1210_ClientConnect(0,1,'CAN:Baud=Auto',0,0,0): ERR_HARDWARE_NOT_RESPONDING
Tue Dec 13 16:53:12.595 - [07912] RP1210_ClientConnect(0,1,'CAN:Baud=Auto',0,0,0): ERR_HARDWARE_NOT_RESPONDING
Tue Dec 13 16:53:12.600 - [07912] RP1210_ClientConnect(0,1,'CAN:Baud=Auto',0,0,0): ERR_HARDWARE_NOT_RESPONDING
Tue Dec 13 16:53:12.607 - [07912] RP1210_ClientConnect(0,1,'CAN:Baud=Auto',0,0,0): ERR_HARDWARE_NOT_RESPONDING
Tue Dec 13 16:53:12.612 - [07912] RP1210_ClientConnect(0,1,'CAN:Baud=Auto',0,0,0): ERR_HARDWARE_NOT_RESPONDING
Tue Dec 13 16:53:12.617 - [07912] RP1210_ClientConnect(0,1,'CAN:Baud=Auto',0,0,0): ERR_HARDWARE_NOT_RESPONDING
Tue Dec 13 16:53:12.623 - [07912] RP1210_ClientConnect(0,1,'CAN:Baud=Auto',0,0,0): ERR_HARDWARE_NOT_RESPONDING
Tue Dec 13 16:53:12.629 - [07912] RP1210_ClientConnect(0,1,'CAN:Baud=Auto',0,0,0): ERR_HARDWARE_NOT_RESPONDING
Tue Dec 13 16:53:12.634 - [07912] RP1210_ClientConnect(0,1,'CAN:Baud=Auto',0,0,0): ERR_HARDWARE_NOT_RESPONDING
Tue Dec 13 16:53:12.640 - [07912] RP1210_ClientConnect(0,1,'CAN:Baud=Auto',0,0,0): ERR_HARDWARE_NOT_RESPONDING
Tue Dec 13 16:53:12.646 - [07912] RP1210_ClientConnect(0,1,'CAN:Baud=Auto',0,0,0): ERR_HARDWARE_NOT_RESPONDING
Tue Dec 13 16:53:12.652 - [07912] RP1210_ClientConnect(0,1,'CAN:Baud=Auto',0,0,0): ERR_HARDWARE_NOT_RESPONDING
Tue Dec 13 16:53:12.658 - [07912] RP1210_ClientConnect(0,1,'CAN:Baud=Auto',0,0,0): ERR_HARDWARE_NOT_RESPONDING
Tue Dec 13 16:53:12.664 - [07912] RP1210_ClientConnect(0,1,'CAN:Baud=Auto',0,0,0): ERR_HARDWARE_NOT_RESPONDING
Tue Dec 13 16:53:12.670 - [07912] RP1210_ClientConnect(0,1,'CAN:Baud=Auto',0,0,0): ERR_HARDWARE_NOT_RESPONDING
Tue Dec 13 16:53:12.675 - [07912] RP1210_ClientConnect(0,1,'CAN:Baud=Auto',0,0,0): ERR_HARDWARE_NOT_RESPONDING
Tue Dec 13 16:53:12.680 - [07912] RP1210_ClientConnect(0,1,'CAN:Baud=Auto',0,0,0): ERR_HARDWARE_NOT_RESPONDING
Tue Dec 13 16:53:12.687 - [07912] RP1210_ClientConnect(0,1,'CAN:Baud=Auto',0,0,0): ERR_HARDWARE_NOT_RESPONDING
Tue Dec 13 16:53:12.692 - [07912] RP1210_ClientConnect(0,1,'CAN:Baud=Auto',0,0,0): ERR_HARDWARE_NOT_RESPONDING
Tue Dec 13 16:53:12.697 - [07912] RP1210_ClientConnect(0,1,'CAN:Baud=Auto',0,0,0): ERR_HARDWARE_NOT_RESPONDING
Tue Dec 13 16:53:12.704 - [07912] RP1210_ClientConnect(0,1,'CAN:Baud=Auto',0,0,0): ERR_HARDWARE_NOT_RESPONDING
Tue Dec 13 16:53:12.709 - [07912] RP1210_ClientConnect(0,1,'CAN:Baud=Auto',0,0,0): ERR_HARDWARE_NOT_RESPONDING
Tue Dec 13 16:53:12.715 - [07912] RP1210_ClientConnect(0,1,'CAN:Baud=Auto',0,0,0): ERR_HARDWARE_NOT_RESPONDING
Tue Dec 13 16:53:12.721 - [07912] RP1210_ClientConnect(0,1,'CAN:Baud=Auto',0,0,0): ERR_HARDWARE_NOT_RESPONDING
Tue Dec 13 16:53:12.726 - [07912] RP1210_ClientConnect(0,1,'CAN:Baud=Auto',0,0,0): ERR_HARDWARE_NOT_RESPONDING
Tue Dec 13 16:53:12.732 - [07912] RP1210_ClientConnect(0,1,'CAN:Baud=Auto',0,0,0): ERR_HARDWARE_NOT_RESPONDING
Tue Dec 13 16:53:12.738 - [07912] RP1210_ClientConnect(0,1,'CAN:Baud=Auto',0,0,0): ERR_HARDWARE_NOT_RESPONDING
Tue Dec 13 16:53:12.743 - [07912] RP1210_ClientConnect(0,1,'CAN:Baud=Auto',0,0,0): ERR_HARDWARE_NOT_RESPONDING
Tue Dec 13 16:53:12.750 - [07912] RP1210_ClientConnect(0,1,'CAN:Baud=Auto',0,0,0): ERR_HARDWARE_NOT_RESPONDING
Tue Dec 13 16:53:12.756 - [07912] RP1210_ClientConnect(0,1,'CAN:Baud=Auto',0,0,0): ERR_HARDWARE_NOT_RESPONDING
Tue Dec 13 16:53:12.761 - [07912] RP1210_ClientConnect(0,1,'CAN:Baud=Auto',0,0,0): ERR_HARDWARE_NOT_RESPONDING
Tue Dec 13 16:53:12.767 - [07912] RP1210_ClientConnect(0,1,'CAN:Baud=Auto',0,0,0): ERR_HARDWARE_NOT_RESPONDING
Tue Dec 13 16:53:12.773 - [07912] RP1210_ClientConnect(0,1,'CAN:Baud=Auto',0,0,0): ERR_HARDWARE_NOT_RESPONDING
Tue Dec 13 16:53:12.779 - [07912] RP1210_ClientConnect(0,1,'CAN:Baud=Auto',0,0,0): ERR_HARDWARE_NOT_RESPONDING
Tue Dec 13 16:53:12.784 - [07912] RP1210_ClientConnect(0,1,'CAN:Baud=Auto',0,0,0): ERR_HARDWARE_NOT_RESPONDING
Tue Dec 13 16:53:12.791 - [07912] RP1210_ClientConnect(0,1,'CAN:Baud=Auto',0,0,0): ERR_HARDWARE_NOT_RESPONDING
Tue Dec 13 16:53:12.797 - [07912] RP1210_ClientConnect(0,1,'CAN:Baud=Auto',0,0,0): ERR_HARDWARE_NOT_RESPONDING
Tue Dec 13 16:53:12.805 - [07912] RP1210_ClientConnect(0,1,'CAN:Baud=Auto',0,0,0): ERR_HARDWARE_NOT_RESPONDING
Tue Dec 13 16:53:12.811 - [07912] RP1210_ClientConnect(0,1,'CAN:Baud=Auto',0,0,0): ERR_HARDWARE_NOT_RESPONDING
Tue Dec 13 16:53:12.816 - [07912] RP1210_ClientConnect(0,1,'CAN:Baud=Auto',0,0,0): ERR_HARDWARE_NOT_RESPONDING
Tue Dec 13 16:53:12.824 - [07912] RP1210_ClientConnect(0,1,'CAN:Baud=Auto',0,0,0): ERR_HARDWARE_NOT_RESPONDING
Tue Dec 13 16:53:12.830 - [07912] RP1210_ClientConnect(0,1,'CAN:Baud=Auto',0,0,0): ERR_HARDWARE_NOT_RESPONDING
Tue Dec 13 16:53:12.835 - [07912] RP1210_ClientConnect(0,1,'CAN:Baud=Auto',0,0,0): ERR_HARDWARE_NOT_RESPONDING
Tue Dec 13 16:53:12.841 - [07912] RP1210_ClientConnect(0,1,'CAN:Baud=Auto',0,0,0): ERR_HARDWARE_NOT_RESPONDING
Tue Dec 13 16:53:12.846 - [07912] RP1210_ClientConnect(0,1,'CAN:Baud=Auto',0,0,0): ERR_HARDWARE_NOT_RESPONDING
Tue Dec 13 16:53:12.851 - [07912] RP1210_ClientConnect(0,1,'CAN:Baud=Auto',0,0,0): ERR_HARDWARE_NOT_RESPONDING
Tue Dec 13 16:53:12.858 - [07912] RP1210_ClientConnect(0,1,'CAN:Baud=Auto',0,0,0): ERR_HARDWARE_NOT_RESPONDING
Tue Dec 13 16:53:12.863 - [07912] RP1210_ClientConnect(0,1,'CAN:Baud=Auto',0,0,0): ERR_HARDWARE_NOT_RESPONDING
Tue Dec 13 16:53:12.868 - [07912] RP1210_ClientConnect(0,1,'CAN:Baud=Auto',0,0,0): ERR_HARDWARE_NOT_RESPONDING
Tue Dec 13 16:53:12.875 - [07912] RP1210_ClientConnect(0,1,'CAN:Baud=Auto',0,0,0): ERR_HARDWARE_NOT_RESPONDING
Tue Dec 13 16:53:12.880 - [07912] RP1210_ClientConnect(0,1,'CAN:Baud=Auto',0,0,0): ERR_HARDWARE_NOT_RESPONDING
Tue Dec 13 16:53:12.884 - [07912] RP1210_ClientConnect(0,1,'CAN:Baud=Auto',0,0,0): ERR_HARDWARE_NOT_RESPONDING
Tue Dec 13 16:53:12.891 - [07912] RP1210_ClientConnect(0,1,'CAN:Baud=Auto',0,0,0): ERR_HARDWARE_NOT_RESPONDING
Tue Dec 13 16:53:12.896 - [07912] RP1210_ClientConnect(0,1,'CAN:Baud=Auto',0,0,0): ERR_HARDWARE_NOT_RESPONDING
Tue Dec 13 16:53:12.901 - [07912] RP1210_ClientConnect(0,1,'CAN:Baud=Auto',0,0,0): ERR_HARDWARE_NOT_RESPONDING
Tue Dec 13 16:53:12.907 - [07912] RP1210_ClientConnect(0,1,'CAN:Baud=Auto',0,0,0): ERR_HARDWARE_NOT_RESPONDING
Tue Dec 13 16:53:12.912 - [07912] RP1210_ClientConnect(0,1,'CAN:Baud=Auto',0,0,0): ERR_HARDWARE_NOT_RESPONDING
Tue Dec 13 16:53:12.917 - [07912] RP1210_ClientConnect(0,1,'CAN:Baud=Auto',0,0,0): ERR_HARDWARE_NOT_RESPONDING
Tue Dec 13 16:53:12.924 - [07912] RP1210_ClientConnect(0,1,'CAN:Baud=Auto',0,0,0): ERR_HARDWARE_NOT_RESPONDING
Tue Dec 13 16:53:12.929 - [07912] RP1210_ClientConnect(0,1,'CAN:Baud=Auto',0,0,0): ERR_HARDWARE_NOT_RESPONDING
Tue Dec 13 16:53:12.935 - [07912] RP1210_ClientConnect(0,1,'CAN:Baud=Auto',0,0,0): ERR_HARDWARE_NOT_RESPONDING
Tue Dec 13 16:53:12.942 - [07912] RP1210_ClientConnect(0,1,'CAN:Baud=Auto',0,0,0): ERR_HARDWARE_NOT_RESPONDING
Tue Dec 13 16:53:12.947 - [07912] RP1210_ClientConnect(0,1,'CAN:Baud=Auto',0,0,0): ERR_HARDWARE_NOT_RESPONDING
Tue Dec 13 16:53:12.954 - [07912] RP1210_ClientConnect(0,1,'CAN:Baud=Auto',0,0,0): ERR_HARDWARE_NOT_RESPONDING
Tue Dec 13 16:53:12.959 - [07912] RP1210_ClientConnect(0,1,'CAN:Baud=Auto',0,0,0): ERR_HARDWARE_NOT_RESPONDING
Tue Dec 13 16:53:12.965 - [07912] RP1210_ClientConnect(0,1,'CAN:Baud=Auto',0,0,0): ERR_HARDWARE_NOT_RESPONDING
Tue Dec 13 16:53:12.971 - [07912] RP1210_ClientConnect(0,1,'CAN:Baud=Auto',0,0,0): ERR_HARDWARE_NOT_RESPONDING
Tue Dec 13 16:53:12.976 - [07912] RP1210_ClientConnect(0,1,'CAN:Baud=Auto',0,0,0): ERR_HARDWARE_NOT_RESPONDING
Tue Dec 13 16:53:12.982 - [07912] RP1210_ClientConnect(0,1,'CAN:Baud=Auto',0,0,0): ERR_HARDWARE_NOT_RESPONDING
Tue Dec 13 16:53:12.989 - [07912] RP1210_ClientConnect(0,1,'CAN:Baud=Auto',0,0,0): ERR_HARDWARE_NOT_RESPONDING
Tue Dec 13 16:53:12.994 - [07912] RP1210_ClientConnect(0,1,'CAN:Baud=Auto',0,0,0): ERR_HARDWARE_NOT_RESPONDING
Tue Dec 13 16:53:13.000 - [07912] RP1210_ClientConnect(0,1,'CAN:Baud=Auto',0,0,0): ERR_HARDWARE_NOT_RESPONDING
Tue Dec 13 16:53:13.007 - [07912] RP1210_ClientConnect(0,1,'CAN:Baud=Auto',0,0,0): ERR_HARDWARE_NOT_RESPONDING
Tue Dec 13 16:53:13.012 - [07912] RP1210_ClientConnect(0,1,'CAN:Baud=Auto',0,0,0): ERR_HARDWARE_NOT_RESPONDING
Tue Dec 13 16:53:13.018 - [07912] RP1210_ClientConnect(0,1,'CAN:Baud=Auto',0,0,0): ERR_HARDWARE_NOT_RESPONDING
Tue Dec 13 16:53:13.026 - [07912] RP1210_ClientConnect(0,1,'CAN:Baud=Auto',0,0,0): ERR_HARDWARE_NOT_RESPONDING
Tue Dec 13 16:53:13.032 - [07912] RP1210_ClientConnect(0,1,'CAN:Baud=Auto',0,0,0): ERR_HARDWARE_NOT_RESPONDING
Tue Dec 13 16:53:13.041 - [07912] RP1210_ClientConnect(0,1,'CAN:Baud=Auto',0,0,0): ERR_HARDWARE_NOT_RESPONDING
Tue Dec 13 16:53:13.050 - [07912] RP1210_ClientConnect(0,1,'CAN:Baud=Auto',0,0,0): ERR_HARDWARE_NOT_RESPONDING
Tue Dec 13 16:53:13.058 - [07912] RP1210_ClientConnect(0,1,'CAN:Baud=Auto',0,0,0): ERR_HARDWARE_NOT_RESPONDING
Tue Dec 13 16:53:13.064 - [07912] RP1210_ClientConnect(0,1,'CAN:Baud=Auto',0,0,0): ERR_HARDWARE_NOT_RESPONDING
Tue Dec 13 16:53:13.071 - [07912] RP1210_ClientConnect(0,1,'CAN:Baud=Auto',0,0,0): ERR_HARDWARE_NOT_RESPONDING
Tue Dec 13 16:53:13.077 - [07912] RP1210_ClientConnect(0,1,'CAN:Baud=Auto',0,0,0): ERR_HARDWARE_NOT_RESPONDING
Tue Dec 13 16:53:13.083 - [07912] RP1210_ClientConnect(0,1,'CAN:Baud=Auto',0,0,0): ERR_HARDWARE_NOT_RESPONDING
Tue Dec 13 16:53:13.090 - [07912] RP1210_ClientConnect(0,1,'CAN:Baud=Auto',0,0,0): ERR_HARDWARE_NOT_RESPONDING
Tue Dec 13 16:53:13.095 - [07912] RP1210_ClientConnect(0,1,'CAN:Baud=Auto',0,0,0): ERR_HARDWARE_NOT_RESPONDING
Tue Dec 13 16:53:13.100 - [07912] RP1210_ClientConnect(0,1,'CAN:Baud=Auto',0,0,0): ERR_HARDWARE_NOT_RESPONDING
Tue Dec 13 16:53:13.106 - [07912] RP1210_ClientConnect(0,1,'CAN:Baud=Auto',0,0,0): ERR_HARDWARE_NOT_RESPONDING
Tue Dec 13 16:53:13.111 - [07912] RP1210_ClientConnect(0,1,'CAN:Baud=Auto',0,0,0): ERR_HARDWARE_NOT_RESPONDING
Tue Dec 13 16:53:13.116 - [07912] RP1210_ClientConnect(0,1,'CAN:Baud=Auto',0,0,0): ERR_HARDWARE_NOT_RESPONDING
Tue Dec 13 16:53:13.122 - [07912] RP1210_ClientConnect(0,1,'CAN:Baud=Auto',0,0,0): ERR_HARDWARE_NOT_RESPONDING
Tue Dec 13 16:53:13.127 - [07912] RP1210_ClientConnect(0,1,'CAN:Baud=Auto',0,0,0): ERR_HARDWARE_NOT_RESPONDING
Tue Dec 13 16:53:13.133 - [07912] RP1210_ClientConnect(0,1,'CAN:Baud=Auto',0,0,0): ERR_HARDWARE_NOT_RESPONDING
Tue Dec 13 16:53:13.139 - [07912] RP1210_ClientConnect(0,1,'CAN:Baud=Auto',0,0,0): ERR_HARDWARE_NOT_RESPONDING
Tue Dec 13 16:53:13.145 - [07912] RP1210_ClientConnect(0,1,'CAN:Baud=Auto',0,0,0): ERR_HARDWARE_NOT_RESPONDING
Tue Dec 13 16:53:13.151 - [07912] RP1210_ClientConnect(0,1,'CAN:Baud=Auto',0,0,0): ERR_HARDWARE_NOT_RESPONDING
Tue Dec 13 16:53:13.159 - [07912] RP1210_ClientConnect(0,1,'CAN:Baud=Auto',0,0,0): ERR_HARDWARE_NOT_RESPONDING
Tue Dec 13 16:53:13.164 - [07912] RP1210_ClientConnect(0,1,'CAN:Baud=Auto',0,0,0): ERR_HARDWARE_NOT_RESPONDING
Tue Dec 13 16:53:13.171 - [07912] RP1210_ClientConnect(0,1,'CAN:Baud=Auto',0,0,0): ERR_HARDWARE_NOT_RESPONDING
Tue Dec 13 16:53:13.176 - [07912] RP1210_ClientConnect(0,1,'CAN:Baud=Auto',0,0,0): ERR_HARDWARE_NOT_RESPONDING
Tue Dec 13 16:53:13.181 - [07912] RP1210_ClientConnect(0,1,'CAN:Baud=Auto',0,0,0): ERR_HARDWARE_NOT_RESPONDING
Tue Dec 13 16:53:13.187 - [07912] RP1210_ClientConnect(0,1,'CAN:Baud=Auto',0,0,0): ERR_HARDWARE_NOT_RESPONDING
Tue Dec 13 16:53:13.192 - [07912] RP1210_ClientConnect(0,1,'CAN:Baud=Auto',0,0,0): ERR_HARDWARE_NOT_RESPONDING
Tue Dec 13 16:53:13.197 - [07912] RP1210_ClientConnect(0,1,'CAN:Baud=Auto',0,0,0): ERR_HARDWARE_NOT_RESPONDING
Tue Dec 13 16:53:13.203 - [07912] RP1210_ClientConnect(0,1,'CAN:Baud=Auto',0,0,0): ERR_HARDWARE_NOT_RESPONDING
Tue Dec 13 16:53:13.208 - [07912] RP1210_ClientConnect(0,1,'CAN:Baud=Auto',0,0,0): ERR_HARDWARE_NOT_RESPONDING
Tue Dec 13 16:53:13.213 - [07912] RP1210_ClientConnect(0,1,'CAN:Baud=Auto',0,0,0): ERR_HARDWARE_NOT_RESPONDING
Tue Dec 13 16:53:13.218 - [07912] RP1210_ClientConnect(0,1,'CAN:Baud=Auto',0,0,0): ERR_HARDWARE_NOT_RESPONDING
Tue Dec 13 16:53:13.224 - [07912] RP1210_ClientConnect(0,1,'CAN:Baud=Auto',0,0,0): ERR_HARDWARE_NOT_RESPONDING
Tue Dec 13 16:53:13.229 - [07912] RP1210_ClientConnect(0,1,'CAN:Baud=Auto',0,0,0): ERR_HARDWARE_NOT_RESPONDING
Tue Dec 13 16:53:13.234 - [07912] RP1210_ClientConnect(0,1,'CAN:Baud=Auto',0,0,0): ERR_HARDWARE_NOT_RESPONDING
Tue Dec 13 16:53:13.240 - [07912] RP1210_ClientConnect(0,1,'CAN:Baud=Auto',0,0,0): ERR_HARDWARE_NOT_RESPONDING
Tue Dec 13 16:53:13.245 - [07912] RP1210_ClientConnect(0,1,'CAN:Baud=Auto',0,0,0): ERR_HARDWARE_NOT_RESPONDING
Tue Dec 13 16:53:13.250 - [07912] RP1210_ClientConnect(0,1,'CAN:Baud=Auto',0,0,0): ERR_HARDWARE_NOT_RESPONDING
Tue Dec 13 16:53:13.257 - [07912] RP1210_ClientConnect(0,1,'CAN:Baud=Auto',0,0,0): ERR_HARDWARE_NOT_RESPONDING
Tue Dec 13 16:53:13.262 - [07912] RP1210_ClientConnect(0,1,'CAN:Baud=Auto',0,0,0): ERR_HARDWARE_NOT_RESPONDING
Tue Dec 13 16:53:13.267 - [07912] RP1210_ClientConnect(0,1,'CAN:Baud=Auto',0,0,0): ERR_HARDWARE_NOT_RESPONDING
Tue Dec 13 16:53:13.273 - [07912] RP1210_ClientConnect(0,1,'CAN:Baud=Auto',0,0,0): ERR_HARDWARE_NOT_RESPONDING
Tue Dec 13 16:53:13.278 - [07912] RP1210_ClientConnect(0,1,'CAN:Baud=Auto',0,0,0): ERR_HARDWARE_NOT_RESPONDING
Tue Dec 13 16:53:13.284 - [07912] RP1210_ClientConnect(0,1,'CAN:Baud=Auto',0,0,0): ERR_HARDWARE_NOT_RESPONDING
Tue Dec 13 16:53:13.290 - [07912] RP1210_ClientConnect(0,1,'CAN:Baud=Auto',0,0,0): ERR_HARDWARE_NOT_RESPONDING
Tue Dec 13 16:53:13.295 - [07912] RP1210_ClientConnect(0,1,'CAN:Baud=Auto',0,0,0): ERR_HARDWARE_NOT_RESPONDING
Tue Dec 13 16:53:13.301 - [07912] RP1210_ClientConnect(0,1,'CAN:Baud=Auto',0,0,0): ERR_HARDWARE_NOT_RESPONDING
Tue Dec 13 16:53:13.307 - [07912] RP1210_ClientConnect(0,1,'CAN:Baud=Auto',0,0,0): ERR_HARDWARE_NOT_RESPONDING
Tue Dec 13 16:53:13.312 - [07912] RP1210_ClientConnect(0,1,'CAN:Baud=Auto',0,0,0): ERR_HARDWARE_NOT_RESPONDING
Tue Dec 13 16:53:13.318 - [07912] RP1210_ClientConnect(0,1,'CAN:Baud=Auto',0,0,0): ERR_HARDWARE_NOT_RESPONDING
Tue Dec 13 16:53:13.324 - [07912] RP1210_ClientConnect(0,1,'CAN:Baud=Auto',0,0,0): ERR_HARDWARE_NOT_RESPONDING
Tue Dec 13 16:53:13.330 - [07912] RP1210_ClientConnect(0,1,'CAN:Baud=Auto',0,0,0): ERR_HARDWARE_NOT_RESPONDING
Tue Dec 13 16:53:13.335 - [07912] RP1210_ClientConnect(0,1,'CAN:Baud=Auto',0,0,0): ERR_HARDWARE_NOT_RESPONDING
Tue Dec 13 16:53:13.342 - [07912] RP1210_ClientConnect(0,1,'CAN:Baud=Auto',0,0,0): ERR_HARDWARE_NOT_RESPONDING
Tue Dec 13 16:53:13.347 - [07912] RP1210_ClientConnect(0,1,'CAN:Baud=Auto',0,0,0): ERR_HARDWARE_NOT_RESPONDING
Tue Dec 13 16:53:13.355 - [07912] RP1210_ClientConnect(0,1,'CAN:Baud=Auto',0,0,0): ERR_HARDWARE_NOT_RESPONDING
Tue Dec 13 16:53:13.360 - [07912] RP1210_ClientConnect(0,1,'CAN:Baud=Auto',0,0,0): ERR_HARDWARE_NOT_RESPONDING
Tue Dec 13 16:53:13.365 - [07912] RP1210_ClientConnect(0,1,'CAN:Baud=Auto',0,0,0): ERR_HARDWARE_NOT_RESPONDING
Tue Dec 13 16:53:13.371 - [07912] RP1210_ClientConnect(0,1,'CAN:Baud=Auto',0,0,0): ERR_HARDWARE_NOT_RESPONDING
Tue Dec 13 16:53:13.376 - [07912] RP1210_ClientConnect(0,1,'CAN:Baud=Auto',0,0,0): ERR_HARDWARE_NOT_RESPONDING
Tue Dec 13 16:53:13.381 - [07912] RP1210_ClientConnect(0,1,'CAN:Baud=Auto',0,0,0): ERR_HARDWARE_NOT_RESPONDING
Tue Dec 13 16:53:13.386 - [07912] RP1210_ClientConnect(0,1,'CAN:Baud=Auto',0,0,0): ERR_HARDWARE_NOT_RESPONDING
Tue Dec 13 16:53:13.392 - [07912] RP1210_ClientConnect(0,1,'CAN:Baud=Auto',0,0,0): ERR_HARDWARE_NOT_RESPONDING
Tue Dec 13 16:53:13.397 - [07912] RP1210_ClientConnect(0,1,'CAN:Baud=Auto',0,0,0): ERR_HARDWARE_NOT_RESPONDING
Tue Dec 13 16:53:13.402 - [07912] RP1210_ClientConnect(0,1,'CAN:Baud=Auto',0,0,0): ERR_HARDWARE_NOT_RESPONDING
Tue Dec 13 16:53:13.408 - [07912] RP1210_ClientConnect(0,1,'CAN:Baud=Auto',0,0,0): ERR_HARDWARE_NOT_RESPONDING
Tue Dec 13 16:53:13.414 - [07912] RP1210_ClientConnect(0,1,'CAN:Baud=Auto',0,0,0): ERR_HARDWARE_NOT_RESPONDING
Tue Dec 13 16:53:13.420 - [07912] RP1210_ClientConnect(0,1,'CAN:Baud=Auto',0,0,0): ERR_HARDWARE_NOT_RESPONDING
Tue Dec 13 16:53:13.426 - [07912] RP1210_ClientConnect(0,1,'CAN:Baud=Auto',0,0,0): ERR_HARDWARE_NOT_RESPONDING
Tue Dec 13 16:53:13.431 - [07912] RP1210_ClientConnect(0,1,'CAN:Baud=Auto',0,0,0): ERR_HARDWARE_NOT_RESPONDING
Tue Dec 13 16:53:13.438 - [07912] RP1210_ClientConnect(0,1,'CAN:Baud=Auto',0,0,0): ERR_HARDWARE_NOT_RESPONDING
Tue Dec 13 16:53:13.443 - [07912] RP1210_ClientConnect(0,1,'CAN:Baud=Auto',0,0,0): ERR_HARDWARE_NOT_RESPONDING
Tue Dec 13 16:53:13.448 - [07912] RP1210_ClientConnect(0,1,'CAN:Baud=Auto',0,0,0): ERR_HARDWARE_NOT_RESPONDING
Tue Dec 13 16:53:13.455 - [07912] RP1210_ClientConnect(0,1,'CAN:Baud=Auto',0,0,0): ERR_HARDWARE_NOT_RESPONDING
Tue Dec 13 16:53:13.460 - [07912] RP1210_ClientConnect(0,1,'CAN:Baud=Auto',0,0,0): ERR_HARDWARE_NOT_RESPONDING
Tue Dec 13 16:53:13.465 - [07912] RP1210_ClientConnect(0,1,'CAN:Baud=Auto',0,0,0): ERR_HARDWARE_NOT_RESPONDING
Tue Dec 13 16:53:13.472 - [07912] RP1210_ClientConnect(0,1,'CAN:Baud=Auto',0,0,0): ERR_HARDWARE_NOT_RESPONDING
Tue Dec 13 16:53:13.477 - [07912] RP1210_ClientConnect(0,1,'CAN:Baud=Auto',0,0,0): ERR_HARDWARE_NOT_RESPONDING
Tue Dec 13 16:53:13.483 - [07912] RP1210_ClientConnect(0,1,'CAN:Baud=Auto',0,0,0): ERR_HARDWARE_NOT_RESPONDING
Tue Dec 13 16:53:13.490 - [07912] RP1210_ClientConnect(0,1,'CAN:Baud=Auto',0,0,0): ERR_HARDWARE_NOT_RESPONDING
Tue Dec 13 16:53:13.496 - [07912] RP1210_ClientConnect(0,1,'CAN:Baud=Auto',0,0,0): ERR_HARDWARE_NOT_RESPONDING
Tue Dec 13 16:53:13.501 - [07912] RP1210_ClientConnect(0,1,'CAN:Baud=Auto',0,0,0): ERR_HARDWARE_NOT_RESPONDING
Tue Dec 13 16:53:13.508 - [07912] RP1210_ClientConnect(0,1,'CAN:Baud=Auto',0,0,0): ERR_HARDWARE_NOT_RESPONDING
Tue Dec 13 16:53:13.514 - [07912] RP1210_ClientConnect(0,1,'CAN:Baud=Auto',0,0,0): ERR_HARDWARE_NOT_RESPONDING
Tue Dec 13 16:53:13.521 - [07912] RP1210_ClientConnect(0,1,'CAN:Baud=Auto',0,0,0): ERR_HARDWARE_NOT_RESPONDING
Tue Dec 13 16:53:13.526 - [07912] RP1210_ClientConnect(0,1,'CAN:Baud=Auto',0,0,0): ERR_HARDWARE_NOT_RESPONDING
Tue Dec 13 16:53:13.531 - [07912] RP1210_ClientConnect(0,1,'CAN:Baud=Auto',0,0,0): ERR_HARDWARE_NOT_RESPONDING
Tue Dec 13 16:53:13.539 - [07912] RP1210_ClientConnect(0,1,'CAN:Baud=Auto',0,0,0): ERR_HARDWARE_NOT_RESPONDING
Tue Dec 13 16:53:13.544 - [07912] RP1210_ClientConnect(0,1,'CAN:Baud=Auto',0,0,0): ERR_HARDWARE_NOT_RESPONDING
Tue Dec 13 16:53:13.550 - [07912] RP1210_ClientConnect(0,1,'CAN:Baud=Auto',0,0,0): ERR_HARDWARE_NOT_RESPONDING
Tue Dec 13 16:53:13.557 - [07912] RP1210_ClientConnect(0,1,'CAN:Baud=Auto',0,0,0): ERR_HARDWARE_NOT_RESPONDING
Tue Dec 13 16:53:13.565 - [07912] RP1210_ClientConnect(0,1,'CAN:Baud=Auto',0,0,0): ERR_HARDWARE_NOT_RESPONDING
Tue Dec 13 16:53:13.572 - [07912] RP1210_ClientConnect(0,1,'CAN:Baud=Auto',0,0,0): ERR_HARDWARE_NOT_RESPONDING
Tue Dec 13 16:53:13.577 - [07912] RP1210_ClientConnect(0,1,'CAN:Baud=Auto',0,0,0): ERR_HARDWARE_NOT_RESPONDING
Tue Dec 13 16:53:13.582 - [07912] RP1210_ClientConnect(0,1,'CAN:Baud=Auto',0,0,0): ERR_HARDWARE_NOT_RESPONDING
Tue Dec 13 16:53:13.589 - [07912] RP1210_ClientConnect(0,1,'CAN:Baud=Auto',0,0,0): ERR_HARDWARE_NOT_RESPONDING
Tue Dec 13 16:53:13.595 - [07912] RP1210_ClientConnect(0,1,'CAN:Baud=Auto',0,0,0): ERR_HARDWARE_NOT_RESPONDING
Tue Dec 13 16:53:13.600 - [07912] RP1210_ClientConnect(0,1,'CAN:Baud=Auto',0,0,0): ERR_HARDWARE_NOT_RESPONDING
Tue Dec 13 16:53:13.607 - [07912] RP1210_ClientConnect(0,1,'CAN:Baud=Auto',0,0,0): ERR_HARDWARE_NOT_RESPONDING
Tue Dec 13 16:53:13.612 - [07912] RP1210_ClientConnect(0,1,'CAN:Baud=Auto',0,0,0): ERR_HARDWARE_NOT_RESPONDING
Tue Dec 13 16:53:13.618 - [07912] RP1210_ClientConnect(0,1,'CAN:Baud=Auto',0,0,0): ERR_HARDWARE_NOT_RESPONDING
Tue Dec 13 16:53:13.625 - [07912] RP1210_ClientConnect(0,1,'CAN:Baud=Auto',0,0,0): ERR_HARDWARE_NOT_RESPONDING
Tue Dec 13 16:53:13.630 - [07912] RP1210_ClientConnect(0,1,'CAN:Baud=Auto',0,0,0): ERR_HARDWARE_NOT_RESPONDING
Tue Dec 13 16:53:13.635 - [07912] RP1210_ClientConnect(0,1,'CAN:Baud=Auto',0,0,0): ERR_HARDWARE_NOT_RESPONDING
Tue Dec 13 16:53:13.642 - [07912] RP1210_ClientConnect(0,1,'CAN:Baud=Auto',0,0,0): ERR_HARDWARE_NOT_RESPONDING
Tue Dec 13 16:53:13.647 - [07912] RP1210_ClientConnect(0,1,'CAN:Baud=Auto',0,0,0): ERR_HARDWARE_NOT_RESPONDING
Tue Dec 13 16:53:13.652 - [07912] RP1210_ClientConnect(0,1,'CAN:Baud=Auto',0,0,0): ERR_HARDWARE_NOT_RESPONDING
Tue Dec 13 16:53:13.658 - [07912] RP1210_ClientConnect(0,1,'CAN:Baud=Auto',0,0,0): ERR_HARDWARE_NOT_RESPONDING
Tue Dec 13 16:53:13.663 - [07912] RP1210_ClientConnect(0,1,'CAN:Baud=Auto',0,0,0): ERR_HARDWARE_NOT_RESPONDING
Tue Dec 13 16:53:13.668 - [07912] RP1210_ClientConnect(0,1,'CAN:Baud=Auto',0,0,0): ERR_HARDWARE_NOT_RESPONDING
Tue Dec 13 16:53:13.674 - [07912] RP1210_ClientConnect(0,1,'CAN:Baud=Auto',0,0,0): ERR_HARDWARE_NOT_RESPONDING
Tue Dec 13 16:53:13.679 - [07912] RP1210_ClientConnect(0,1,'CAN:Baud=Auto',0,0,0): ERR_HARDWARE_NOT_RESPONDING
Tue Dec 13 16:53:13.684 - [07912] RP1210_ClientConnect(0,1,'CAN:Baud=Auto',0,0,0): ERR_HARDWARE_NOT_RESPONDING
Tue Dec 13 16:53:13.691 - [07912] RP1210_ClientConnect(0,1,'CAN:Baud=Auto',0,0,0): ERR_HARDWARE_NOT_RESPONDING
Tue Dec 13 16:53:13.696 - [07912] RP1210_ClientConnect(0,1,'CAN:Baud=Auto',0,0,0): ERR_HARDWARE_NOT_RESPONDING
Tue Dec 13 16:53:13.701 - [07912] RP1210_ClientConnect(0,1,'CAN:Baud=Auto',0,0,0): ERR_HARDWARE_NOT_RESPONDING
Tue Dec 13 16:53:13.707 - [07912] RP1210_ClientConnect(0,1,'CAN:Baud=Auto',0,0,0): ERR_HARDWARE_NOT_RESPONDING
Tue Dec 13 16:53:13.712 - [07912] RP1210_ClientConnect(0,1,'CAN:Baud=Auto',0,0,0): ERR_HARDWARE_NOT_RESPONDING
Tue Dec 13 16:53:13.717 - [07912] RP1210_ClientConnect(0,1,'CAN:Baud=Auto',0,0,0): ERR_HARDWARE_NOT_RESPONDING
Tue Dec 13 16:53:13.722 - [07912] RP1210_ClientConnect(0,1,'CAN:Baud=Auto',0,0,0): ERR_HARDWARE_NOT_RESPONDING
Tue Dec 13 16:53:13.727 - [07912] RP1210_ClientConnect(0,1,'CAN:Baud=Auto',0,0,0): ERR_HARDWARE_NOT_RESPONDING
Tue Dec 13 16:53:13.732 - [07912] RP1210_ClientConnect(0,1,'CAN:Baud=Auto',0,0,0): ERR_HARDWARE_NOT_RESPONDING
Tue Dec 13 16:53:13.738 - [07912] RP1210_ClientConnect(0,1,'CAN:Baud=Auto',0,0,0): ERR_HARDWARE_NOT_RESPONDING
Tue Dec 13 16:53:13.744 - [07912] RP1210_ClientConnect(0,1,'CAN:Baud=Auto',0,0,0): ERR_HARDWARE_NOT_RESPONDING
Tue Dec 13 16:53:13.750 - [07912] RP1210_ClientConnect(0,1,'CAN:Baud=Auto',0,0,0): ERR_HARDWARE_NOT_RESPONDING
Tue Dec 13 16:53:13.756 - [07912] RP1210_ClientConnect(0,1,'CAN:Baud=Auto',0,0,0): ERR_HARDWARE_NOT_RESPONDING
Tue Dec 13 16:53:13.762 - [07912] RP1210_ClientConnect(0,1,'CAN:Baud=Auto',0,0,0): ERR_HARDWARE_NOT_RESPONDING
Tue Dec 13 16:53:13.767 - [07912] RP1210_ClientConnect(0,1,'CAN:Baud=Auto',0,0,0): ERR_HARDWARE_NOT_RESPONDING
Tue Dec 13 16:53:13.774 - [07912] RP1210_ClientConnect(0,1,'CAN:Baud=Auto',0,0,0): ERR_HARDWARE_NOT_RESPONDING
Tue Dec 13 16:53:13.780 - [07912] RP1210_ClientConnect(0,1,'CAN:Baud=Auto',0,0,0): ERR_HARDWARE_NOT_RESPONDING
Tue Dec 13 16:53:13.785 - [07912] RP1210_ClientConnect(0,1,'CAN:Baud=Auto',0,0,0): ERR_HARDWARE_NOT_RESPONDING
Tue Dec 13 16:53:13.792 - [07912] RP1210_ClientConnect(0,1,'CAN:Baud=Auto',0,0,0): ERR_HARDWARE_NOT_RESPONDING
Tue Dec 13 16:53:13.798 - [07912] RP1210_ClientConnect(0,1,'CAN:Baud=Auto',0,0,0): ERR_HARDWARE_NOT_RESPONDING
Tue Dec 13 16:53:13.805 - [07912] RP1210_ClientConnect(0,1,'CAN:Baud=Auto',0,0,0): ERR_HARDWARE_NOT_RESPONDING
Tue Dec 13 16:53:13.811 - [07912] RP1210_ClientConnect(0,1,'CAN:Baud=Auto',0,0,0): ERR_HARDWARE_NOT_RESPONDING
Tue Dec 13 16:53:13.816 - [07912] RP1210_ClientConnect(0,1,'CAN:Baud=Auto',0,0,0): ERR_HARDWARE_NOT_RESPONDING
Tue Dec 13 16:53:13.823 - [07912] RP1210_ClientConnect(0,1,'CAN:Baud=Auto',0,0,0): ERR_HARDWARE_NOT_RESPONDING
Tue Dec 13 16:53:13.828 - [07912] RP1210_ClientConnect(0,1,'CAN:Baud=Auto',0,0,0): ERR_HARDWARE_NOT_RESPONDING
Tue Dec 13 16:53:13.833 - [07912] RP1210_ClientConnect(0,1,'CAN:Baud=Auto',0,0,0): ERR_HARDWARE_NOT_RESPONDING
Tue Dec 13 16:53:13.839 - [07912] RP1210_ClientConnect(0,1,'CAN:Baud=Auto',0,0,0): ERR_HARDWARE_NOT_RESPONDING
Tue Dec 13 16:53:13.845 - [07912] RP1210_ClientConnect(0,1,'CAN:Baud=Auto',0,0,0): ERR_HARDWARE_NOT_RESPONDING
Tue Dec 13 16:53:13.851 - [07912] RP1210_ClientConnect(0,1,'CAN:Baud=Auto',0,0,0): ERR_HARDWARE_NOT_RESPONDING
Tue Dec 13 16:53:13.858 - [07912] RP1210_ClientConnect(0,1,'CAN:Baud=Auto',0,0,0): ERR_HARDWARE_NOT_RESPONDING
Tue Dec 13 16:53:13.863 - [07912] RP1210_ClientConnect(0,1,'CAN:Baud=Auto',0,0,0): ERR_HARDWARE_NOT_RESPONDING
Tue Dec 13 16:53:13.868 - [07912] RP1210_ClientConnect(0,1,'CAN:Baud=Auto',0,0,0): ERR_HARDWARE_NOT_RESPONDING
Tue Dec 13 16:53:13.875 - [07912] RP1210_ClientConnect(0,1,'CAN:Baud=Auto',0,0,0): ERR_HARDWARE_NOT_RESPONDING
Tue Dec 13 16:53:13.880 - [07912] RP1210_ClientConnect(0,1,'CAN:Baud=Auto',0,0,0): ERR_HARDWARE_NOT_RESPONDING
Tue Dec 13 16:53:13.885 - [07912] RP1210_ClientConnect(0,1,'CAN:Baud=Auto',0,0,0): ERR_HARDWARE_NOT_RESPONDING
Tue Dec 13 16:53:13.892 - [07912] RP1210_ClientConnect(0,1,'CAN:Baud=Auto',0,0,0): ERR_HARDWARE_NOT_RESPONDING
Tue Dec 13 16:53:13.897 - [07912] RP1210_ClientConnect(0,1,'CAN:Baud=Auto',0,0,0): ERR_HARDWARE_NOT_RESPONDING
Tue Dec 13 16:53:13.903 - [07912] RP1210_ClientConnect(0,1,'CAN:Baud=Auto',0,0,0): ERR_HARDWARE_NOT_RESPONDING
Tue Dec 13 16:53:13.909 - [07912] RP1210_ClientConnect(0,1,'CAN:Baud=Auto',0,0,0): ERR_HARDWARE_NOT_RESPONDING
Tue Dec 13 16:53:13.914 - [07912] RP1210_ClientConnect(0,1,'CAN:Baud=Auto',0,0,0): ERR_HARDWARE_NOT_RESPONDING
Tue Dec 13 16:53:13.920 - [07912] RP1210_ClientConnect(0,1,'CAN:Baud=Auto',0,0,0): ERR_HARDWARE_NOT_RESPONDING
Tue Dec 13 16:53:13.926 - [07912] RP1210_ClientConnect(0,1,'CAN:Baud=Auto',0,0,0): ERR_HARDWARE_NOT_RESPONDING
Tue Dec 13 16:53:13.931 - [07912] RP1210_ClientConnect(0,1,'CAN:Baud=Auto',0,0,0): ERR_HARDWARE_NOT_RESPONDING
Tue Dec 13 16:53:13.937 - [07912] RP1210_ClientConnect(0,1,'CAN:Baud=Auto',0,0,0): ERR_HARDWARE_NOT_RESPONDING
Tue Dec 13 16:53:13.943 - [07912] RP1210_ClientConnect(0,1,'CAN:Baud=Auto',0,0,0): ERR_HARDWARE_NOT_RESPONDING
Tue Dec 13 16:53:13.948 - [07912] RP1210_ClientConnect(0,1,'CAN:Baud=Auto',0,0,0): ERR_HARDWARE_NOT_RESPONDING
Tue Dec 13 16:53:13.955 - [07912] RP1210_ClientConnect(0,1,'CAN:Baud=Auto',0,0,0): ERR_HARDWARE_NOT_RESPONDING
Tue Dec 13 16:53:13.960 - [07912] RP1210_ClientConnect(0,1,'CAN:Baud=Auto',0,0,0): ERR_HARDWARE_NOT_RESPONDING
Tue Dec 13 16:53:13.965 - [07912] RP1210_ClientConnect(0,1,'CAN:Baud=Auto',0,0,0): ERR_HARDWARE_NOT_RESPONDING
Tue Dec 13 16:53:13.971 - [07912] RP1210_ClientConnect(0,1,'CAN:Baud=Auto',0,0,0): ERR_HARDWARE_NOT_RESPONDING
Tue Dec 13 16:53:13.976 - [07912] RP1210_ClientConnect(0,1,'CAN:Baud=Auto',0,0,0): ERR_HARDWARE_NOT_RESPONDING
Tue Dec 13 16:53:13.981 - [07912] RP1210_ClientConnect(0,1,'CAN:Baud=Auto',0,0,0): ERR_HARDWARE_NOT_RESPONDING
Tue Dec 13 16:53:13.987 - [07912] RP1210_ClientConnect(0,1,'CAN:Baud=Auto',0,0,0): ERR_HARDWARE_NOT_RESPONDING
Tue Dec 13 16:53:13.993 - [07912] RP1210_ClientConnect(0,1,'CAN:Baud=Auto',0,0,0): ERR_HARDWARE_NOT_RESPONDING
Tue Dec 13 16:53:13.998 - [07912] RP1210_ClientConnect(0,1,'CAN:Baud=Auto',0,0,0): ERR_HARDWARE_NOT_RESPONDING
Tue Dec 13 16:53:14.006 - [07912] RP1210_ClientConnect(0,1,'CAN:Baud=Auto',0,0,0): ERR_HARDWARE_NOT_RESPONDING
Tue Dec 13 16:53:14.011 - [07912] RP1210_ClientConnect(0,1,'CAN:Baud=Auto',0,0,0): ERR_HARDWARE_NOT_RESPONDING
Tue Dec 13 16:53:14.016 - [07912] RP1210_ClientConnect(0,1,'CAN:Baud=Auto',0,0,0): ERR_HARDWARE_NOT_RESPONDING
Tue Dec 13 16:53:14.023 - [07912] RP1210_ClientConnect(0,1,'CAN:Baud=Auto',0,0,0): ERR_HARDWARE_NOT_RESPONDING
Tue Dec 13 16:53:14.028 - [07912] RP1210_ClientConnect(0,1,'CAN:Baud=Auto',0,0,0): ERR_HARDWARE_NOT_RESPONDING
Tue Dec 13 16:53:14.033 - [07912] RP1210_ClientConnect(0,1,'CAN:Baud=Auto',0,0,0): ERR_HARDWARE_NOT_RESPONDING
Tue Dec 13 16:53:14.039 - [07912] RP1210_ClientConnect(0,1,'CAN:Baud=Auto',0,0,0): ERR_HARDWARE_NOT_RESPONDING
Tue Dec 13 16:53:14.045 - [07912] RP1210_ClientConnect(0,1,'CAN:Baud=Auto',0,0,0): ERR_HARDWARE_NOT_RESPONDING
Tue Dec 13 16:53:14.050 - [07912] RP1210_ClientConnect(0,1,'CAN:Baud=Auto',0,0,0): ERR_HARDWARE_NOT_RESPONDING
Tue Dec 13 16:53:14.058 - [07912] RP1210_ClientConnect(0,1,'CAN:Baud=Auto',0,0,0): ERR_HARDWARE_NOT_RESPONDING
Tue Dec 13 16:53:14.064 - [07912] RP1210_ClientConnect(0,1,'CAN:Baud=Auto',0,0,0): ERR_HARDWARE_NOT_RESPONDING
Tue Dec 13 16:53:14.069 - [07912] RP1210_ClientConnect(0,1,'CAN:Baud=Auto',0,0,0): ERR_HARDWARE_NOT_RESPONDING
Tue Dec 13 16:53:14.077 - [07912] RP1210_ClientConnect(0,1,'CAN:Baud=Auto',0,0,0): ERR_HARDWARE_NOT_RESPONDING
Tue Dec 13 16:53:14.083 - [07912] RP1210_ClientConnect(0,1,'CAN:Baud=Auto',0,0,0): ERR_HARDWARE_NOT_RESPONDING
Tue Dec 13 16:53:14.089 - [07912] RP1210_ClientConnect(0,1,'CAN:Baud=Auto',0,0,0): ERR_HARDWARE_NOT_RESPONDING
Tue Dec 13 16:53:14.095 - [07912] RP1210_ClientConnect(0,1,'CAN:Baud=Auto',0,0,0): ERR_HARDWARE_NOT_RESPONDING
Tue Dec 13 16:53:14.100 - [07912] RP1210_ClientConnect(0,1,'CAN:Baud=Auto',0,0,0): ERR_HARDWARE_NOT_RESPONDING
Tue Dec 13 16:53:14.107 - [07912] RP1210_ClientConnect(0,1,'CAN:Baud=Auto',0,0,0): ERR_HARDWARE_NOT_RESPONDING
Tue Dec 13 16:53:14.112 - [07912] RP1210_ClientConnect(0,1,'CAN:Baud=Auto',0,0,0): ERR_HARDWARE_NOT_RESPONDING
Tue Dec 13 16:53:14.118 - [07912] RP1210_ClientConnect(0,1,'CAN:Baud=Auto',0,0,0): ERR_HARDWARE_NOT_RESPONDING
Tue Dec 13 16:53:14.124 - [07912] RP1210_ClientConnect(0,1,'CAN:Baud=Auto',0,0,0): ERR_HARDWARE_NOT_RESPONDING
Tue Dec 13 16:53:14.130 - [07912] RP1210_ClientConnect(0,1,'CAN:Baud=Auto',0,0,0): ERR_HARDWARE_NOT_RESPONDING
Tue Dec 13 16:53:14.135 - [07912] RP1210_ClientConnect(0,1,'CAN:Baud=Auto',0,0,0): ERR_HARDWARE_NOT_RESPONDING
Tue Dec 13 16:53:14.141 - [07912] RP1210_ClientConnect(0,1,'CAN:Baud=Auto',0,0,0): ERR_HARDWARE_NOT_RESPONDING
Tue Dec 13 16:53:14.146 - [07912] RP1210_ClientConnect(0,1,'CAN:Baud=Auto',0,0,0): ERR_HARDWARE_NOT_RESPONDING
Tue Dec 13 16:53:14.152 - [07912] RP1210_ClientConnect(0,1,'CAN:Baud=Auto',0,0,0): ERR_HARDWARE_NOT_RESPONDING
Tue Dec 13 16:53:14.159 - [07912] RP1210_ClientConnect(0,1,'CAN:Baud=Auto',0,0,0): ERR_HARDWARE_NOT_RESPONDING
Tue Dec 13 16:53:14.164 - [07912] RP1210_ClientConnect(0,1,'CAN:Baud=Auto',0,0,0): ERR_HARDWARE_NOT_RESPONDING
Tue Dec 13 16:53:14.169 - [07912] RP1210_ClientConnect(0,1,'CAN:Baud=Auto',0,0,0): ERR_HARDWARE_NOT_RESPONDING
Tue Dec 13 16:53:14.175 - [07912] RP1210_ClientConnect(0,1,'CAN:Baud=Auto',0,0,0): ERR_HARDWARE_NOT_RESPONDING
Tue Dec 13 16:53:14.181 - [07912] RP1210_ClientConnect(0,1,'CAN:Baud=Auto',0,0,0): ERR_HARDWARE_NOT_RESPONDING
Tue Dec 13 16:53:14.186 - [07912] RP1210_ClientConnect(0,1,'CAN:Baud=Auto',0,0,0): ERR_HARDWARE_NOT_RESPONDING
Tue Dec 13 16:53:14.193 - [07912] RP1210_ClientConnect(0,1,'CAN:Baud=Auto',0,0,0): ERR_HARDWARE_NOT_RESPONDING
Tue Dec 13 16:53:14.198 - [07912] RP1210_ClientConnect(0,1,'CAN:Baud=Auto',0,0,0): ERR_HARDWARE_NOT_RESPONDING
Tue Dec 13 16:53:14.204 - [07912] RP1210_ClientConnect(0,1,'CAN:Baud=Auto',0,0,0): ERR_HARDWARE_NOT_RESPONDING
Tue Dec 13 16:53:14.210 - [07912] RP1210_ClientConnect(0,1,'CAN:Baud=Auto',0,0,0): ERR_HARDWARE_NOT_RESPONDING
Tue Dec 13 16:53:14.216 - [07912] RP1210_ClientConnect(0,1,'CAN:Baud=Auto',0,0,0): ERR_HARDWARE_NOT_RESPONDING
Tue Dec 13 16:53:14.223 - [07912] RP1210_ClientConnect(0,1,'CAN:Baud=Auto',0,0,0): ERR_HARDWARE_NOT_RESPONDING
Tue Dec 13 16:53:14.228 - [07912] RP1210_ClientConnect(0,1,'CAN:Baud=Auto',0,0,0): ERR_HARDWARE_NOT_RESPONDING
Tue Dec 13 16:53:14.234 - [07912] RP1210_ClientConnect(0,1,'CAN:Baud=Auto',0,0,0): ERR_HARDWARE_NOT_RESPONDING
Tue Dec 13 16:53:14.241 - [07912] RP1210_ClientConnect(0,1,'CAN:Baud=Auto',0,0,0): ERR_HARDWARE_NOT_RESPONDING
Tue Dec 13 16:53:14.247 - [07912] RP1210_ClientConnect(0,1,'CAN:Baud=Auto',0,0,0): ERR_HARDWARE_NOT_RESPONDING
Tue Dec 13 16:53:14.252 - [07912] RP1210_ClientConnect(0,1,'CAN:Baud=Auto',0,0,0): ERR_HARDWARE_NOT_RESPONDING
Tue Dec 13 16:53:14.259 - [07912] RP1210_ClientConnect(0,1,'CAN:Baud=Auto',0,0,0): ERR_HARDWARE_NOT_RESPONDING
Tue Dec 13 16:53:14.264 - [07912] RP1210_ClientConnect(0,1,'CAN:Baud=Auto',0,0,0): ERR_HARDWARE_NOT_RESPONDING
Tue Dec 13 16:53:14.269 - [07912] RP1210_ClientConnect(0,1,'CAN:Baud=Auto',0,0,0): ERR_HARDWARE_NOT_RESPONDING
Tue Dec 13 16:53:14.276 - [07912] RP1210_ClientConnect(0,1,'CAN:Baud=Auto',0,0,0): ERR_HARDWARE_NOT_RESPONDING
Tue Dec 13 16:53:14.281 - [07912] RP1210_ClientConnect(0,1,'CAN:Baud=Auto',0,0,0): ERR_HARDWARE_NOT_RESPONDING
Tue Dec 13 16:53:14.286 - [07912] RP1210_ClientConnect(0,1,'CAN:Baud=Auto',0,0,0): ERR_HARDWARE_NOT_RESPONDING
Tue Dec 13 16:53:14.293 - [07912] RP1210_ClientConnect(0,1,'CAN:Baud=Auto',0,0,0): ERR_HARDWARE_NOT_RESPONDING
Tue Dec 13 16:53:14.298 - [07912] RP1210_ClientConnect(0,1,'CAN:Baud=Auto',0,0,0): ERR_HARDWARE_NOT_RESPONDING
Tue Dec 13 16:53:14.304 - [07912] RP1210_ClientConnect(0,1,'CAN:Baud=Auto',0,0,0): ERR_HARDWARE_NOT_RESPONDING
Tue Dec 13 16:53:14.311 - [07912] RP1210_ClientConnect(0,1,'CAN:Baud=Auto',0,0,0): ERR_HARDWARE_NOT_RESPONDING
Tue Dec 13 16:53:14.316 - [07912] RP1210_ClientConnect(0,1,'CAN:Baud=Auto',0,0,0): ERR_HARDWARE_NOT_RESPONDING
Tue Dec 13 16:53:14.322 - [07912] RP1210_ClientConnect(0,1,'CAN:Baud=Auto',0,0,0): ERR_HARDWARE_NOT_RESPONDING
Tue Dec 13 16:53:14.327 - [07912] RP1210_ClientConnect(0,1,'CAN:Baud=Auto',0,0,0): ERR_HARDWARE_NOT_RESPONDING
Tue Dec 13 16:53:14.332 - [07912] RP1210_ClientConnect(0,1,'CAN:Baud=Auto',0,0,0): ERR_HARDWARE_NOT_RESPONDING
Tue Dec 13 16:53:14.339 - [07912] RP1210_ClientConnect(0,1,'CAN:Baud=Auto',0,0,0): ERR_HARDWARE_NOT_RESPONDING
Tue Dec 13 16:53:14.344 - [07912] RP1210_ClientConnect(0,1,'CAN:Baud=Auto',0,0,0): ERR_HARDWARE_NOT_RESPONDING
Tue Dec 13 16:53:14.350 - [07912] RP1210_ClientConnect(0,1,'CAN:Baud=Auto',0,0,0): ERR_HARDWARE_NOT_RESPONDING
Tue Dec 13 16:53:14.356 - [07912] RP1210_ClientConnect(0,1,'CAN:Baud=Auto',0,0,0): ERR_HARDWARE_NOT_RESPONDING
Tue Dec 13 16:53:14.362 - [07912] RP1210_ClientConnect(0,1,'CAN:Baud=Auto',0,0,0): ERR_HARDWARE_NOT_RESPONDING
Tue Dec 13 16:53:14.367 - [07912] RP1210_ClientConnect(0,1,'CAN:Baud=Auto',0,0,0): ERR_HARDWARE_NOT_RESPONDING
Tue Dec 13 16:53:14.373 - [07912] RP1210_ClientConnect(0,1,'CAN:Baud=Auto',0,0,0): ERR_HARDWARE_NOT_RESPONDING
Tue Dec 13 16:53:14.379 - [07912] RP1210_ClientConnect(0,1,'CAN:Baud=Auto',0,0,0): ERR_HARDWARE_NOT_RESPONDING
Tue Dec 13 16:53:14.384 - [07912] RP1210_ClientConnect(0,1,'CAN:Baud=Auto',0,0,0): ERR_HARDWARE_NOT_RESPONDING
Tue Dec 13 16:53:14.390 - [07912] RP1210_ClientConnect(0,1,'CAN:Baud=Auto',0,0,0): ERR_HARDWARE_NOT_RESPONDING
Tue Dec 13 16:53:14.395 - [07912] RP1210_ClientConnect(0,1,'CAN:Baud=Auto',0,0,0): ERR_HARDWARE_NOT_RESPONDING
Tue Dec 13 16:53:14.401 - [07912] RP1210_ClientConnect(0,1,'CAN:Baud=Auto',0,0,0): ERR_HARDWARE_NOT_RESPONDING
Tue Dec 13 16:53:14.407 - [07912] RP1210_ClientConnect(0,1,'CAN:Baud=Auto',0,0,0): ERR_HARDWARE_NOT_RESPONDING
Tue Dec 13 16:53:14.413 - [07912] RP1210_ClientConnect(0,1,'CAN:Baud=Auto',0,0,0): ERR_HARDWARE_NOT_RESPONDING
Tue Dec 13 16:53:14.417 - [07912] RP1210_ClientConnect(0,1,'CAN:Baud=Auto',0,0,0): ERR_HARDWARE_NOT_RESPONDING
Tue Dec 13 16:53:14.424 - [07912] RP1210_ClientConnect(0,1,'CAN:Baud=Auto',0,0,0): ERR_HARDWARE_NOT_RESPONDING
Tue Dec 13 16:53:14.428 - [07912] RP1210_ClientConnect(0,1,'CAN:Baud=Auto',0,0,0): ERR_HARDWARE_NOT_RESPONDING
Tue Dec 13 16:53:14.434 - [07912] RP1210_ClientConnect(0,1,'CAN:Baud=Auto',0,0,0): ERR_HARDWARE_NOT_RESPONDING
Tue Dec 13 16:53:14.440 - [07912] RP1210_ClientConnect(0,1,'CAN:Baud=Auto',0,0,0): ERR_HARDWARE_NOT_RESPONDING
Tue Dec 13 16:53:14.445 - [07912] RP1210_ClientConnect(0,1,'CAN:Baud=Auto',0,0,0): ERR_HARDWARE_NOT_RESPONDING
Tue Dec 13 16:53:14.450 - [07912] RP1210_ClientConnect(0,1,'CAN:Baud=Auto',0,0,0): ERR_HARDWARE_NOT_RESPONDING
Tue Dec 13 16:53:14.456 - [07912] RP1210_ClientConnect(0,1,'CAN:Baud=Auto',0,0,0): ERR_HARDWARE_NOT_RESPONDING
Tue Dec 13 16:53:14.463 - [07912] RP1210_ClientConnect(0,1,'CAN:Baud=Auto',0,0,0): ERR_HARDWARE_NOT_RESPONDING
Tue Dec 13 16:53:14.468 - [07912] RP1210_ClientConnect(0,1,'CAN:Baud=Auto',0,0,0): ERR_HARDWARE_NOT_RESPONDING
Tue Dec 13 16:53:14.475 - [07912] RP1210_ClientConnect(0,1,'CAN:Baud=Auto',0,0,0): ERR_HARDWARE_NOT_RESPONDING
Tue Dec 13 16:53:14.480 - [07912] RP1210_ClientConnect(0,1,'CAN:Baud=Auto',0,0,0): ERR_HARDWARE_NOT_RESPONDING
Tue Dec 13 16:53:14.485 - [07912] RP1210_ClientConnect(0,1,'CAN:Baud=Auto',0,0,0): ERR_HARDWARE_NOT_RESPONDING
Tue Dec 13 16:53:14.491 - [07912] RP1210_ClientConnect(0,1,'CAN:Baud=Auto',0,0,0): ERR_HARDWARE_NOT_RESPONDING
Tue Dec 13 16:53:14.498 - [07912] RP1210_ClientConnect(0,1,'CAN:Baud=Auto',0,0,0): ERR_HARDWARE_NOT_RESPONDING
Tue Dec 13 16:53:14.503 - [07912] RP1210_ClientConnect(0,1,'CAN:Baud=Auto',0,0,0): ERR_HARDWARE_NOT_RESPONDING
Tue Dec 13 16:53:14.509 - [07912] RP1210_ClientConnect(0,1,'CAN:Baud=Auto',0,0,0): ERR_HARDWARE_NOT_RESPONDING
Tue Dec 13 16:53:14.515 - [07912] RP1210_ClientConnect(0,1,'CAN:Baud=Auto',0,0,0): ERR_HARDWARE_NOT_RESPONDING
Tue Dec 13 16:53:14.520 - [07912] RP1210_ClientConnect(0,1,'CAN:Baud=Auto',0,0,0): ERR_HARDWARE_NOT_RESPONDING
Tue Dec 13 16:53:14.526 - [07912] RP1210_ClientConnect(0,1,'CAN:Baud=Auto',0,0,0): ERR_HARDWARE_NOT_RESPONDING
Tue Dec 13 16:53:14.532 - [07912] RP1210_ClientConnect(0,1,'CAN:Baud=Auto',0,0,0): ERR_HARDWARE_NOT_RESPONDING
Tue Dec 13 16:53:14.537 - [07912] RP1210_ClientConnect(0,1,'CAN:Baud=Auto',0,0,0): ERR_HARDWARE_NOT_RESPONDING
Tue Dec 13 16:53:14.543 - [07912] RP1210_ClientConnect(0,1,'CAN:Baud=Auto',0,0,0): ERR_HARDWARE_NOT_RESPONDING
Tue Dec 13 16:53:14.549 - [07912] RP1210_ClientConnect(0,1,'CAN:Baud=Auto',0,0,0): ERR_HARDWARE_NOT_RESPONDING
Tue Dec 13 16:53:14.555 - [07912] RP1210_ClientConnect(0,1,'CAN:Baud=Auto',0,0,0): ERR_HARDWARE_NOT_RESPONDING
Tue Dec 13 16:53:14.561 - [07912] RP1210_ClientConnect(0,1,'CAN:Baud=Auto',0,0,0): ERR_HARDWARE_NOT_RESPONDING
Tue Dec 13 16:53:14.568 - [07912] RP1210_ClientConnect(0,1,'CAN:Baud=Auto',0,0,0): ERR_HARDWARE_NOT_RESPONDING
Tue Dec 13 16:53:14.577 - [07912] RP1210_ClientConnect(0,1,'CAN:Baud=Auto',0,0,0): ERR_HARDWARE_NOT_RESPONDING
Tue Dec 13 16:53:14.583 - [07912] RP1210_ClientConnect(0,1,'CAN:Baud=Auto',0,0,0): ERR_HARDWARE_NOT_RESPONDING
Tue Dec 13 16:53:14.593 - [07912] RP1210_ClientConnect(0,1,'CAN:Baud=Auto',0,0,0): ERR_HARDWARE_NOT_RESPONDING
Tue Dec 13 16:53:14.599 - [07912] RP1210_ClientConnect(0,1,'CAN:Baud=Auto',0,0,0): ERR_HARDWARE_NOT_RESPONDING
Tue Dec 13 16:53:14.607 - [07912] RP1210_ClientConnect(0,1,'CAN:Baud=Auto',0,0,0): ERR_HARDWARE_NOT_RESPONDING
Tue Dec 13 16:53:14.612 - [07912] RP1210_ClientConnect(0,1,'CAN:Baud=Auto',0,0,0): ERR_HARDWARE_NOT_RESPONDING
Tue Dec 13 16:53:14.617 - [07912] RP1210_ClientConnect(0,1,'CAN:Baud=Auto',0,0,0): ERR_HARDWARE_NOT_RESPONDING
Tue Dec 13 16:53:14.625 - [07912] RP1210_ClientConnect(0,1,'CAN:Baud=Auto',0,0,0): ERR_HARDWARE_NOT_RESPONDING
Tue Dec 13 16:53:14.630 - [07912] RP1210_ClientConnect(0,1,'CAN:Baud=Auto',0,0,0): ERR_HARDWARE_NOT_RESPONDING
Tue Dec 13 16:53:14.636 - [07912] RP1210_ClientConnect(0,1,'CAN:Baud=Auto',0,0,0): ERR_HARDWARE_NOT_RESPONDING
Tue Dec 13 16:53:14.644 - [07912] RP1210_ClientConnect(0,1,'CAN:Baud=Auto',0,0,0): ERR_HARDWARE_NOT_RESPONDING
Tue Dec 13 16:53:14.651 - [07912] RP1210_ClientConnect(0,1,'CAN:Baud=Auto',0,0,0): ERR_HARDWARE_NOT_RESPONDING
Tue Dec 13 16:53:14.659 - [07912] RP1210_ClientConnect(0,1,'CAN:Baud=Auto',0,0,0): ERR_HARDWARE_NOT_RESPONDING
Tue Dec 13 16:53:14.664 - [07912] RP1210_ClientConnect(0,1,'CAN:Baud=Auto',0,0,0): ERR_HARDWARE_NOT_RESPONDING
Tue Dec 13 16:53:14.670 - [07912] RP1210_ClientConnect(0,1,'CAN:Baud=Auto',0,0,0): ERR_HARDWARE_NOT_RESPONDING
[-----------------------------------------]
[ PEAK RP1210(C) LOG
[ Record start: Tue Dec 13 16:55:35 2022
[-----------------------------------------]
Tue Dec 13 16:55:35.175 - [02604] RP1210_ClientConnect(0,1,'CAN:Baud=Auto',0,0,0): 1
Tue Dec 13 16:55:35.181 - [02604] RP1210_ClientConnect(0,1,'CAN:Baud=Auto',0,0,0): 2
Tue Dec 13 16:55:35.186 - [02604] RP1210_ClientConnect(0,1,'CAN:Baud=Auto',0,0,0): 3

[-----------------------------------------]
[ PEAK RP1210(C) LOG
[ Record start: Tue Dec 13 16:56:34 2022
[-----------------------------------------]
Tue Dec 13 16:56:34.487 - [15768] RP1210_ClientConnect(0,1,'CAN:Baud=Auto',0,0,0): 1
Tue Dec 13 16:56:34.493 - [15768] RP1210_ClientConnect(0,1,'CAN:Baud=Auto',0,0,0): 2
Tue Dec 13 16:56:34.501 - [15768] RP1210_ClientConnect(0,1,'CAN:Baud=Auto',0,0,0): 3
Tue Dec 13 17:02:37.729 - [02340] RP1210_ClientConnect(0,1,'CAN:Baud=Auto',0,0,0): 4
Tue Dec 13 17:02:38.720 - [17248] RP1210_ClientConnect(0,1,'CAN:Baud=Auto',0,0,0): 5
Tue Dec 13 17:02:39.505 - [15212] RP1210_ClientConnect(0,1,'CAN:Baud=Auto',0,0,0): 6
[-----------------------------------------]
[ PEAK RP1210(C) LOG
[ Record start: Tue Dec 13 17:05:10 2022
[-----------------------------------------]
Tue Dec 13 17:05:10.959 - [08752] RP1210_ClientConnect(0,1,'CAN:Baud=Auto',0,0,0): 1
Tue Dec 13 17:05:10.970 - [08752] RP1210_ClientConnect(0,1,'CAN:Baud=Auto',0,0,0): 2
Tue Dec 13 17:05:10.977 - [08752] RP1210_ClientConnect(0,1,'CAN:Baud=Auto',0,0,0): 3

[-----------------------------------------]
[ PEAK RP1210(C) LOG
[ Record start: Tue Dec 13 17:05:13 2022
[-----------------------------------------]
[-----------------------------------------]
[ PEAK RP1210(C) LOG
[ Record start: Tue Dec 13 17:07:20 2022
[-----------------------------------------]
Tue Dec 13 17:07:20.376 - [05752] RP1210_ClientConnect(0,1,'CAN:Baud=Auto',0,0,0): 1

[-----------------------------------------]
[ PEAK RP1210(C) LOG
[ Record start: Tue Dec 13 17:07:21 2022
[-----------------------------------------]
Tue Dec 13 17:07:21.508 - [13044] RP1210_ClientConnect(0,1,'CAN:Baud=Auto',0,0,0): 1
Tue Dec 13 17:07:22.238 - [03308] RP1210_ClientConnect(0,1,'CAN:Baud=Auto',0,0,0): 2
Tue Dec 13 17:07:22.245 - [03308] RP1210_ClientConnect(0,1,'CAN:Baud=Auto',0,0,0): 3
Tue Dec 13 17:07:22.274 - [03308] RP1210_ClientConnect(0,1,'CAN:Baud=Auto',0,0,0): 4
Tue Dec 13 17:07:22.291 - [03308] RP1210_ClientConnect(0,1,'CAN:Baud=Auto',0,0,0): 5
Tue Dec 13 17:07:22.299 - [03308] RP1210_ClientConnect(0,1,'CAN:Baud=Auto',0,0,0): 6
Tue Dec 13 17:07:22.306 - [03308] RP1210_ClientConnect(0,1,'CAN:Baud=Auto',0,0,0): 7
Tue Dec 13 17:07:22.313 - [03308] RP1210_ClientConnect(0,1,'CAN:Baud=Auto',0,0,0): 8
Tue Dec 13 17:07:22.319 - [03308] RP1210_ClientConnect(0,1,'CAN:Baud=Auto',0,0,0): 9
Tue Dec 13 17:07:22.326 - [03308] RP1210_ClientConnect(0,1,'CAN:Baud=Auto',0,0,0): 10
Tue Dec 13 17:07:22.332 - [03308] RP1210_ClientConnect(0,1,'CAN:Baud=Auto',0,0,0): 11
Tue Dec 13 17:07:22.338 - [03308] RP1210_ClientConnect(0,1,'CAN:Baud=Auto',0,0,0): 12
Tue Dec 13 17:07:22.345 - [03308] RP1210_ClientConnect(0,1,'CAN:Baud=Auto',0,0,0): 13
Tue Dec 13 17:07:22.350 - [03308] RP1210_ClientConnect(0,1,'CAN:Baud=Auto',0,0,0): 14
Tue Dec 13 17:07:22.357 - [03308] RP1210_ClientConnect(0,1,'CAN:Baud=Auto',0,0,0): 15
Tue Dec 13 17:07:22.364 - [03308] RP1210_ClientConnect(0,1,'CAN:Baud=Auto',0,0,0): 16
Tue Dec 13 17:07:22.370 - [03308] RP1210_ClientConnect(0,1,'CAN:Baud=Auto',0,0,0): 17
Tue Dec 13 17:07:22.376 - [03308] RP1210_ClientConnect(0,1,'CAN:Baud=Auto',0,0,0): 18
Tue Dec 13 17:07:22.383 - [03308] RP1210_ClientConnect(0,1,'CAN:Baud=Auto',0,0,0): 19
Tue Dec 13 17:07:22.389 - [03308] RP1210_ClientConnect(0,1,'CAN:Baud=Auto',0,0,0): 20
Tue Dec 13 17:07:22.395 - [03308] RP1210_ClientConnect(0,1,'CAN:Baud=Auto',0,0,0): 21
Tue Dec 13 17:07:22.401 - [03308] RP1210_ClientConnect(0,1,'CAN:Baud=Auto',0,0,0): 22
Tue Dec 13 17:07:22.407 - [03308] RP1210_ClientConnect(0,1,'CAN:Baud=Auto',0,0,0): 23
Tue Dec 13 17:07:22.413 - [03308] RP1210_ClientConnect(0,1,'CAN:Baud=Auto',0,0,0): 24
Tue Dec 13 17:07:22.419 - [03308] RP1210_ClientConnect(0,1,'CAN:Baud=Auto',0,0,0): 25
Tue Dec 13 17:07:22.426 - [03308] RP1210_ClientConnect(0,1,'CAN:Baud=Auto',0,0,0): 26
Tue Dec 13 17:07:22.432 - [03308] RP1210_ClientConnect(0,1,'CAN:Baud=Auto',0,0,0): 27
Tue Dec 13 17:07:22.438 - [03308] RP1210_ClientConnect(0,1,'CAN:Baud=Auto',0,0,0): 28
Tue Dec 13 17:07:22.446 - [03308] RP1210_ClientConnect(0,1,'CAN:Baud=Auto',0,0,0): 29
Tue Dec 13 17:07:22.452 - [03308] RP1210_ClientConnect(0,1,'CAN:Baud=Auto',0,0,0): 30
Tue Dec 13 17:07:22.459 - [03308] RP1210_ClientConnect(0,1,'CAN:Baud=Auto',0,0,0): 31
Tue Dec 13 17:07:22.464 - [03308] RP1210_ClientConnect(0,1,'CAN:Baud=Auto',0,0,0): 32
Tue Dec 13 17:07:22.471 - [03308] RP1210_ClientConnect(0,1,'CAN:Baud=Auto',0,0,0): 33
Tue Dec 13 17:07:22.479 - [03308] RP1210_ClientConnect(0,1,'CAN:Baud=Auto',0,0,0): 34
Tue Dec 13 17:07:22.485 - [03308] RP1210_ClientConnect(0,1,'CAN:Baud=Auto',0,0,0): 35
Tue Dec 13 17:07:22.492 - [03308] RP1210_ClientConnect(0,1,'CAN:Baud=Auto',0,0,0): 36
Tue Dec 13 17:07:22.498 - [03308] RP1210_ClientConnect(0,1,'CAN:Baud=Auto',0,0,0): 37
Tue Dec 13 17:07:22.504 - [03308] RP1210_ClientConnect(0,1,'CAN:Baud=Auto',0,0,0): 38
Tue Dec 13 17:07:22.511 - [03308] RP1210_ClientConnect(0,1,'CAN:Baud=Auto',0,0,0): 39
Tue Dec 13 17:07:22.517 - [03308] RP1210_ClientConnect(0,1,'CAN:Baud=Auto',0,0,0): 40
Tue Dec 13 17:07:22.524 - [03308] RP1210_ClientConnect(0,1,'CAN:Baud=Auto',0,0,0): 41
Tue Dec 13 17:07:22.531 - [03308] RP1210_ClientConnect(0,1,'CAN:Baud=Auto',0,0,0): 42
Tue Dec 13 17:07:22.537 - [03308] RP1210_ClientConnect(0,1,'CAN:Baud=Auto',0,0,0): 43
Tue Dec 13 17:07:22.545 - [03308] RP1210_ClientConnect(0,1,'CAN:Baud=Auto',0,0,0): 44
Tue Dec 13 17:07:22.551 - [03308] RP1210_ClientConnect(0,1,'CAN:Baud=Auto',0,0,0): 45
Tue Dec 13 17:07:22.557 - [03308] RP1210_ClientConnect(0,1,'CAN:Baud=Auto',0,0,0): 46
Tue Dec 13 17:07:22.563 - [03308] RP1210_ClientConnect(0,1,'CAN:Baud=Auto',0,0,0): 47
Tue Dec 13 17:07:22.569 - [03308] RP1210_ClientConnect(0,1,'CAN:Baud=Auto',0,0,0): 48
Tue Dec 13 17:07:22.576 - [03308] RP1210_ClientConnect(0,1,'CAN:Baud=Auto',0,0,0): 49
Tue Dec 13 17:07:22.582 - [03308] RP1210_ClientConnect(0,1,'CAN:Baud=Auto',0,0,0): 50
Tue Dec 13 17:07:22.588 - [03308] RP1210_ClientConnect(0,1,'CAN:Baud=Auto',0,0,0): 51
Tue Dec 13 17:07:22.595 - [03308] RP1210_ClientConnect(0,1,'CAN:Baud=Auto',0,0,0): 52
Tue Dec 13 17:07:22.601 - [03308] RP1210_ClientConnect(0,1,'CAN:Baud=Auto',0,0,0): 53
Tue Dec 13 17:07:22.608 - [03308] RP1210_ClientConnect(0,1,'CAN:Baud=Auto',0,0,0): 54
Tue Dec 13 17:07:22.614 - [03308] RP1210_ClientConnect(0,1,'CAN:Baud=Auto',0,0,0): 55
Tue Dec 13 17:07:22.620 - [03308] RP1210_ClientConnect(0,1,'CAN:Baud=Auto',0,0,0): 56
Tue Dec 13 17:07:22.627 - [03308] RP1210_ClientConnect(0,1,'CAN:Baud=Auto',0,0,0): 57
Tue Dec 13 17:07:22.635 - [03308] RP1210_ClientConnect(0,1,'CAN:Baud=Auto',0,0,0): 58
Tue Dec 13 17:07:22.642 - [03308] RP1210_ClientConnect(0,1,'CAN:Baud=Auto',0,0,0): 59
Tue Dec 13 17:07:22.648 - [03308] RP1210_ClientConnect(0,1,'CAN:Baud=Auto',0,0,0): 60
Tue Dec 13 17:07:22.654 - [03308] RP1210_ClientConnect(0,1,'CAN:Baud=Auto',0,0,0): 61
Tue Dec 13 17:07:22.662 - [03308] RP1210_ClientConnect(0,1,'CAN:Baud=Auto',0,0,0): 62
Tue Dec 13 17:07:22.667 - [03308] RP1210_ClientConnect(0,1,'CAN:Baud=Auto',0,0,0): 63
Tue Dec 13 17:07:22.674 - [03308] RP1210_ClientConnect(0,1,'CAN:Baud=Auto',0,0,0): ERR_HARDWARE_NOT_RESPONDING
Tue Dec 13 17:07:22.680 - [03308] RP1210_ClientConnect(0,1,'CAN:Baud=Auto',0,0,0): ERR_HARDWARE_NOT_RESPONDING
Tue Dec 13 17:07:22.685 - [03308] RP1210_ClientConnect(0,1,'CAN:Baud=Auto',0,0,0): ERR_HARDWARE_NOT_RESPONDING
Tue Dec 13 17:07:22.692 - [03308] RP1210_ClientConnect(0,1,'CAN:Baud=Auto',0,0,0): ERR_HARDWARE_NOT_RESPONDING
Tue Dec 13 17:07:22.697 - [03308] RP1210_ClientConnect(0,1,'CAN:Baud=Auto',0,0,0): ERR_HARDWARE_NOT_RESPONDING
Tue Dec 13 17:07:22.703 - [03308] RP1210_ClientConnect(0,1,'CAN:Baud=Auto',0,0,0): ERR_HARDWARE_NOT_RESPONDING
Tue Dec 13 17:07:22.709 - [03308] RP1210_ClientConnect(0,1,'CAN:Baud=Auto',0,0,0): ERR_HARDWARE_NOT_RESPONDING
Tue Dec 13 17:07:22.715 - [03308] RP1210_ClientConnect(0,1,'CAN:Baud=Auto',0,0,0): ERR_HARDWARE_NOT_RESPONDING
Tue Dec 13 17:07:22.720 - [03308] RP1210_ClientConnect(0,1,'CAN:Baud=Auto',0,0,0): ERR_HARDWARE_NOT_RESPONDING
Tue Dec 13 17:07:22.727 - [03308] RP1210_ClientConnect(0,1,'CAN:Baud=Auto',0,0,0): ERR_HARDWARE_NOT_RESPONDING
Tue Dec 13 17:07:22.732 - [03308] RP1210_ClientConnect(0,1,'CAN:Baud=Auto',0,0,0): ERR_HARDWARE_NOT_RESPONDING
Tue Dec 13 17:07:22.737 - [03308] RP1210_ClientConnect(0,1,'CAN:Baud=Auto',0,0,0): ERR_HARDWARE_NOT_RESPONDING
Tue Dec 13 17:07:22.744 - [03308] RP1210_ClientConnect(0,1,'CAN:Baud=Auto',0,0,0): ERR_HARDWARE_NOT_RESPONDING
Tue Dec 13 17:07:22.749 - [03308] RP1210_ClientConnect(0,1,'CAN:Baud=Auto',0,0,0): ERR_HARDWARE_NOT_RESPONDING
Tue Dec 13 17:07:22.754 - [03308] RP1210_ClientConnect(0,1,'CAN:Baud=Auto',0,0,0): ERR_HARDWARE_NOT_RESPONDING
Tue Dec 13 17:07:22.760 - [03308] RP1210_ClientConnect(0,1,'CAN:Baud=Auto',0,0,0): ERR_HARDWARE_NOT_RESPONDING
Tue Dec 13 17:07:22.765 - [03308] RP1210_ClientConnect(0,1,'CAN:Baud=Auto',0,0,0): ERR_HARDWARE_NOT_RESPONDING
Tue Dec 13 17:07:22.771 - [03308] RP1210_ClientConnect(0,1,'CAN:Baud=Auto',0,0,0): ERR_HARDWARE_NOT_RESPONDING
Tue Dec 13 17:07:22.777 - [03308] RP1210_ClientConnect(0,1,'CAN:Baud=Auto',0,0,0): ERR_HARDWARE_NOT_RESPONDING
Tue Dec 13 17:07:22.782 - [03308] RP1210_ClientConnect(0,1,'CAN:Baud=Auto',0,0,0): ERR_HARDWARE_NOT_RESPONDING
Tue Dec 13 17:07:22.788 - [03308] RP1210_ClientConnect(0,1,'CAN:Baud=Auto',0,0,0): ERR_HARDWARE_NOT_RESPONDING
Tue Dec 13 17:07:22.794 - [03308] RP1210_ClientConnect(0,1,'CAN:Baud=Auto',0,0,0): ERR_HARDWARE_NOT_RESPONDING
Tue Dec 13 17:07:22.800 - [03308] RP1210_ClientConnect(0,1,'CAN:Baud=Auto',0,0,0): ERR_HARDWARE_NOT_RESPONDING
Tue Dec 13 17:07:22.805 - [03308] RP1210_ClientConnect(0,1,'CAN:Baud=Auto',0,0,0): ERR_HARDWARE_NOT_RESPONDING
Tue Dec 13 17:07:22.812 - [03308] RP1210_ClientConnect(0,1,'CAN:Baud=Auto',0,0,0): ERR_HARDWARE_NOT_RESPONDING
Tue Dec 13 17:07:22.818 - [03308] RP1210_ClientConnect(0,1,'CAN:Baud=Auto',0,0,0): ERR_HARDWARE_NOT_RESPONDING
Tue Dec 13 17:07:22.823 - [03308] RP1210_ClientConnect(0,1,'CAN:Baud=Auto',0,0,0): ERR_HARDWARE_NOT_RESPONDING
Tue Dec 13 17:07:22.830 - [03308] RP1210_ClientConnect(0,1,'CAN:Baud=Auto',0,0,0): ERR_HARDWARE_NOT_RESPONDING
Tue Dec 13 17:07:22.835 - [03308] RP1210_ClientConnect(0,1,'CAN:Baud=Auto',0,0,0): ERR_HARDWARE_NOT_RESPONDING
Tue Dec 13 17:07:22.840 - [03308] RP1210_ClientConnect(0,1,'CAN:Baud=Auto',0,0,0): ERR_HARDWARE_NOT_RESPONDING
Tue Dec 13 17:07:22.846 - [03308] RP1210_ClientConnect(0,1,'CAN:Baud=Auto',0,0,0): ERR_HARDWARE_NOT_RESPONDING
Tue Dec 13 17:07:22.851 - [03308] RP1210_ClientConnect(0,1,'CAN:Baud=Auto',0,0,0): ERR_HARDWARE_NOT_RESPONDING
Tue Dec 13 17:07:22.857 - [03308] RP1210_ClientConnect(0,1,'CAN:Baud=Auto',0,0,0): ERR_HARDWARE_NOT_RESPONDING
Tue Dec 13 17:07:22.863 - [03308] RP1210_ClientConnect(0,1,'CAN:Baud=Auto',0,0,0): ERR_HARDWARE_NOT_RESPONDING
Tue Dec 13 17:07:22.868 - [03308] RP1210_ClientConnect(0,1,'CAN:Baud=Auto',0,0,0): ERR_HARDWARE_NOT_RESPONDING
Tue Dec 13 17:07:22.873 - [03308] RP1210_ClientConnect(0,1,'CAN:Baud=Auto',0,0,0): ERR_HARDWARE_NOT_RESPONDING
Tue Dec 13 17:07:22.880 - [03308] RP1210_ClientConnect(0,1,'CAN:Baud=Auto',0,0,0): ERR_HARDWARE_NOT_RESPONDING
Tue Dec 13 17:07:22.886 - [03308] RP1210_ClientConnect(0,1,'CAN:Baud=Auto',0,0,0): ERR_HARDWARE_NOT_RESPONDING
Tue Dec 13 17:07:22.927 - [03308] RP1210_ClientConnect(0,1,'CAN:Baud=Auto',0,0,0): ERR_HARDWARE_NOT_RESPONDING
Tue Dec 13 17:07:22.932 - [03308] RP1210_ClientConnect(0,1,'CAN:Baud=Auto',0,0,0): ERR_HARDWARE_NOT_RESPONDING
Tue Dec 13 17:07:22.937 - [03308] RP1210_ClientConnect(0,1,'CAN:Baud=Auto',0,0,0): ERR_HARDWARE_NOT_RESPONDING
Tue Dec 13 17:07:22.944 - [03308] RP1210_ClientConnect(0,1,'CAN:Baud=Auto',0,0,0): ERR_HARDWARE_NOT_RESPONDING
Tue Dec 13 17:07:22.949 - [03308] RP1210_ClientConnect(0,1,'CAN:Baud=Auto',0,0,0): ERR_HARDWARE_NOT_RESPONDING
Tue Dec 13 17:07:22.954 - [03308] RP1210_ClientConnect(0,1,'CAN:Baud=Auto',0,0,0): ERR_HARDWARE_NOT_RESPONDING
Tue Dec 13 17:07:22.960 - [03308] RP1210_ClientConnect(0,1,'CAN:Baud=Auto',0,0,0): ERR_HARDWARE_NOT_RESPONDING
Tue Dec 13 17:07:22.965 - [03308] RP1210_ClientConnect(0,1,'CAN:Baud=Auto',0,0,0): ERR_HARDWARE_NOT_RESPONDING
Tue Dec 13 17:07:22.970 - [03308] RP1210_ClientConnect(0,1,'CAN:Baud=Auto',0,0,0): ERR_HARDWARE_NOT_RESPONDING
Tue Dec 13 17:07:22.976 - [03308] RP1210_ClientConnect(0,1,'CAN:Baud=Auto',0,0,0): ERR_HARDWARE_NOT_RESPONDING
Tue Dec 13 17:07:22.981 - [03308] RP1210_ClientConnect(0,1,'CAN:Baud=Auto',0,0,0): ERR_HARDWARE_NOT_RESPONDING
Tue Dec 13 17:07:22.986 - [03308] RP1210_ClientConnect(0,1,'CAN:Baud=Auto',0,0,0): ERR_HARDWARE_NOT_RESPONDING
Tue Dec 13 17:07:22.992 - [03308] RP1210_ClientConnect(0,1,'CAN:Baud=Auto',0,0,0): ERR_HARDWARE_NOT_RESPONDING
Tue Dec 13 17:07:22.998 - [03308] RP1210_ClientConnect(0,1,'CAN:Baud=Auto',0,0,0): ERR_HARDWARE_NOT_RESPONDING
Tue Dec 13 17:07:23.004 - [03308] RP1210_ClientConnect(0,1,'CAN:Baud=Auto',0,0,0): ERR_HARDWARE_NOT_RESPONDING
Tue Dec 13 17:07:23.010 - [03308] RP1210_ClientConnect(0,1,'CAN:Baud=Auto',0,0,0): ERR_HARDWARE_NOT_RESPONDING
Tue Dec 13 17:07:23.015 - [03308] RP1210_ClientConnect(0,1,'CAN:Baud=Auto',0,0,0): ERR_HARDWARE_NOT_RESPONDING
Tue Dec 13 17:07:23.020 - [03308] RP1210_ClientConnect(0,1,'CAN:Baud=Auto',0,0,0): ERR_HARDWARE_NOT_RESPONDING
Tue Dec 13 17:07:23.026 - [03308] RP1210_ClientConnect(0,1,'CAN:Baud=Auto',0,0,0): ERR_HARDWARE_NOT_RESPONDING
Tue Dec 13 17:07:23.032 - [03308] RP1210_ClientConnect(0,1,'CAN:Baud=Auto',0,0,0): ERR_HARDWARE_NOT_RESPONDING
Tue Dec 13 17:07:23.037 - [03308] RP1210_ClientConnect(0,1,'CAN:Baud=Auto',0,0,0): ERR_HARDWARE_NOT_RESPONDING
Tue Dec 13 17:07:23.043 - [03308] RP1210_ClientConnect(0,1,'CAN:Baud=Auto',0,0,0): ERR_HARDWARE_NOT_RESPONDING
Tue Dec 13 17:07:23.049 - [03308] RP1210_ClientConnect(0,1,'CAN:Baud=Auto',0,0,0): ERR_HARDWARE_NOT_RESPONDING
Tue Dec 13 17:07:23.054 - [03308] RP1210_ClientConnect(0,1,'CAN:Baud=Auto',0,0,0): ERR_HARDWARE_NOT_RESPONDING
Tue Dec 13 17:07:23.061 - [03308] RP1210_ClientConnect(0,1,'CAN:Baud=Auto',0,0,0): ERR_HARDWARE_NOT_RESPONDING
Tue Dec 13 17:07:23.066 - [03308] RP1210_ClientConnect(0,1,'CAN:Baud=Auto',0,0,0): ERR_HARDWARE_NOT_RESPONDING
Tue Dec 13 17:07:23.071 - [03308] RP1210_ClientConnect(0,1,'CAN:Baud=Auto',0,0,0): ERR_HARDWARE_NOT_RESPONDING
Tue Dec 13 17:07:23.078 - [03308] RP1210_ClientConnect(0,1,'CAN:Baud=Auto',0,0,0): ERR_HARDWARE_NOT_RESPONDING
Tue Dec 13 17:07:23.084 - [03308] RP1210_ClientConnect(0,1,'CAN:Baud=Auto',0,0,0): ERR_HARDWARE_NOT_RESPONDING
Tue Dec 13 17:07:23.089 - [03308] RP1210_ClientConnect(0,1,'CAN:Baud=Auto',0,0,0): ERR_HARDWARE_NOT_RESPONDING
Tue Dec 13 17:07:23.095 - [03308] RP1210_ClientConnect(0,1,'CAN:Baud=Auto',0,0,0): ERR_HARDWARE_NOT_RESPONDING
Tue Dec 13 17:07:23.101 - [03308] RP1210_ClientConnect(0,1,'CAN:Baud=Auto',0,0,0): ERR_HARDWARE_NOT_RESPONDING
Tue Dec 13 17:07:23.106 - [03308] RP1210_ClientConnect(0,1,'CAN:Baud=Auto',0,0,0): ERR_HARDWARE_NOT_RESPONDING
Tue Dec 13 17:07:23.112 - [03308] RP1210_ClientConnect(0,1,'CAN:Baud=Auto',0,0,0): ERR_HARDWARE_NOT_RESPONDING
Tue Dec 13 17:07:23.118 - [03308] RP1210_ClientConnect(0,1,'CAN:Baud=Auto',0,0,0): ERR_HARDWARE_NOT_RESPONDING
Tue Dec 13 17:07:23.123 - [03308] RP1210_ClientConnect(0,1,'CAN:Baud=Auto',0,0,0): ERR_HARDWARE_NOT_RESPONDING
Tue Dec 13 17:07:23.130 - [03308] RP1210_ClientConnect(0,1,'CAN:Baud=Auto',0,0,0): ERR_HARDWARE_NOT_RESPONDING
Tue Dec 13 17:07:23.135 - [03308] RP1210_ClientConnect(0,1,'CAN:Baud=Auto',0,0,0): ERR_HARDWARE_NOT_RESPONDING
Tue Dec 13 17:07:23.140 - [03308] RP1210_ClientConnect(0,1,'CAN:Baud=Auto',0,0,0): ERR_HARDWARE_NOT_RESPONDING
Tue Dec 13 17:07:23.147 - [03308] RP1210_ClientConnect(0,1,'CAN:Baud=Auto',0,0,0): ERR_HARDWARE_NOT_RESPONDING
Tue Dec 13 17:07:23.154 - [03308] RP1210_ClientConnect(0,1,'CAN:Baud=Auto',0,0,0): ERR_HARDWARE_NOT_RESPONDING
Tue Dec 13 17:07:23.159 - [03308] RP1210_ClientConnect(0,1,'CAN:Baud=Auto',0,0,0): ERR_HARDWARE_NOT_RESPONDING
Tue Dec 13 17:07:23.165 - [03308] RP1210_ClientConnect(0,1,'CAN:Baud=Auto',0,0,0): ERR_HARDWARE_NOT_RESPONDING
Tue Dec 13 17:07:23.170 - [03308] RP1210_ClientConnect(0,1,'CAN:Baud=Auto',0,0,0): ERR_HARDWARE_NOT_RESPONDING
Tue Dec 13 17:07:23.176 - [03308] RP1210_ClientConnect(0,1,'CAN:Baud=Auto',0,0,0): ERR_HARDWARE_NOT_RESPONDING
Tue Dec 13 17:07:23.181 - [03308] RP1210_ClientConnect(0,1,'CAN:Baud=Auto',0,0,0): ERR_HARDWARE_NOT_RESPONDING
Tue Dec 13 17:07:23.186 - [03308] RP1210_ClientConnect(0,1,'CAN:Baud=Auto',0,0,0): ERR_HARDWARE_NOT_RESPONDING
Tue Dec 13 17:07:23.192 - [03308] RP1210_ClientConnect(0,1,'CAN:Baud=Auto',0,0,0): ERR_HARDWARE_NOT_RESPONDING
Tue Dec 13 17:07:23.197 - [03308] RP1210_ClientConnect(0,1,'CAN:Baud=Auto',0,0,0): ERR_HARDWARE_NOT_RESPONDING
Tue Dec 13 17:07:23.202 - [03308] RP1210_ClientConnect(0,1,'CAN:Baud=Auto',0,0,0): ERR_HARDWARE_NOT_RESPONDING
Tue Dec 13 17:07:23.208 - [03308] RP1210_ClientConnect(0,1,'CAN:Baud=Auto',0,0,0): ERR_HARDWARE_NOT_RESPONDING
Tue Dec 13 17:07:23.214 - [03308] RP1210_ClientConnect(0,1,'CAN:Baud=Auto',0,0,0): ERR_HARDWARE_NOT_RESPONDING
Tue Dec 13 17:07:23.219 - [03308] RP1210_ClientConnect(0,1,'CAN:Baud=Auto',0,0,0): ERR_HARDWARE_NOT_RESPONDING
Tue Dec 13 17:07:23.225 - [03308] RP1210_ClientConnect(0,1,'CAN:Baud=Auto',0,0,0): ERR_HARDWARE_NOT_RESPONDING
Tue Dec 13 17:07:23.231 - [03308] RP1210_ClientConnect(0,1,'CAN:Baud=Auto',0,0,0): ERR_HARDWARE_NOT_RESPONDING
Tue Dec 13 17:07:23.236 - [03308] RP1210_ClientConnect(0,1,'CAN:Baud=Auto',0,0,0): ERR_HARDWARE_NOT_RESPONDING
Tue Dec 13 17:07:23.242 - [03308] RP1210_ClientConnect(0,1,'CAN:Baud=Auto',0,0,0): ERR_HARDWARE_NOT_RESPONDING
Tue Dec 13 17:07:23.248 - [03308] RP1210_ClientConnect(0,1,'CAN:Baud=Auto',0,0,0): ERR_HARDWARE_NOT_RESPONDING
Tue Dec 13 17:07:23.253 - [03308] RP1210_ClientConnect(0,1,'CAN:Baud=Auto',0,0,0): ERR_HARDWARE_NOT_RESPONDING
Tue Dec 13 17:07:23.260 - [03308] RP1210_ClientConnect(0,1,'CAN:Baud=Auto',0,0,0): ERR_HARDWARE_NOT_RESPONDING
Tue Dec 13 17:07:23.265 - [03308] RP1210_ClientConnect(0,1,'CAN:Baud=Auto',0,0,0): ERR_HARDWARE_NOT_RESPONDING
Tue Dec 13 17:07:23.271 - [03308] RP1210_ClientConnect(0,1,'CAN:Baud=Auto',0,0,0): ERR_HARDWARE_NOT_RESPONDING
Tue Dec 13 17:07:23.277 - [03308] RP1210_ClientConnect(0,1,'CAN:Baud=Auto',0,0,0): ERR_HARDWARE_NOT_RESPONDING
Tue Dec 13 17:07:23.285 - [03308] RP1210_ClientConnect(0,1,'CAN:Baud=Auto',0,0,0): ERR_HARDWARE_NOT_RESPONDING
Tue Dec 13 17:07:23.293 - [03308] RP1210_ClientConnect(0,1,'CAN:Baud=Auto',0,0,0): ERR_HARDWARE_NOT_RESPONDING
Tue Dec 13 17:07:23.299 - [03308] RP1210_ClientConnect(0,1,'CAN:Baud=Auto',0,0,0): ERR_HARDWARE_NOT_RESPONDING
Tue Dec 13 17:07:23.304 - [03308] RP1210_ClientConnect(0,1,'CAN:Baud=Auto',0,0,0): ERR_HARDWARE_NOT_RESPONDING
Tue Dec 13 17:07:23.311 - [03308] RP1210_ClientConnect(0,1,'CAN:Baud=Auto',0,0,0): ERR_HARDWARE_NOT_RESPONDING
Tue Dec 13 17:07:23.316 - [03308] RP1210_ClientConnect(0,1,'CAN:Baud=Auto',0,0,0): ERR_HARDWARE_NOT_RESPONDING
Tue Dec 13 17:07:23.322 - [03308] RP1210_ClientConnect(0,1,'CAN:Baud=Auto',0,0,0): ERR_HARDWARE_NOT_RESPONDING
Tue Dec 13 17:07:23.329 - [03308] RP1210_ClientConnect(0,1,'CAN:Baud=Auto',0,0,0): ERR_HARDWARE_NOT_RESPONDING
Tue Dec 13 17:07:23.336 - [03308] RP1210_ClientConnect(0,1,'CAN:Baud=Auto',0,0,0): ERR_HARDWARE_NOT_RESPONDING
Tue Dec 13 17:07:23.343 - [03308] RP1210_ClientConnect(0,1,'CAN:Baud=Auto',0,0,0): ERR_HARDWARE_NOT_RESPONDING
Tue Dec 13 17:07:23.348 - [03308] RP1210_ClientConnect(0,1,'CAN:Baud=Auto',0,0,0): ERR_HARDWARE_NOT_RESPONDING
Tue Dec 13 17:07:23.355 - [03308] RP1210_ClientConnect(0,1,'CAN:Baud=Auto',0,0,0): ERR_HARDWARE_NOT_RESPONDING
Tue Dec 13 17:07:23.362 - [03308] RP1210_ClientConnect(0,1,'CAN:Baud=Auto',0,0,0): ERR_HARDWARE_NOT_RESPONDING
Tue Dec 13 17:07:23.367 - [03308] RP1210_ClientConnect(0,1,'CAN:Baud=Auto',0,0,0): ERR_HARDWARE_NOT_RESPONDING
Tue Dec 13 17:07:23.371 - [03308] RP1210_ClientConnect(0,1,'CAN:Baud=Auto',0,0,0): ERR_HARDWARE_NOT_RESPONDING
Tue Dec 13 17:07:23.378 - [03308] RP1210_ClientConnect(0,1,'CAN:Baud=Auto',0,0,0): ERR_HARDWARE_NOT_RESPONDING
Tue Dec 13 17:07:23.383 - [03308] RP1210_ClientConnect(0,1,'CAN:Baud=Auto',0,0,0): ERR_HARDWARE_NOT_RESPONDING
Tue Dec 13 17:07:23.388 - [03308] RP1210_ClientConnect(0,1,'CAN:Baud=Auto',0,0,0): ERR_HARDWARE_NOT_RESPONDING
Tue Dec 13 17:07:23.396 - [03308] RP1210_ClientConnect(0,1,'CAN:Baud=Auto',0,0,0): ERR_HARDWARE_NOT_RESPONDING
Tue Dec 13 17:07:23.401 - [03308] RP1210_ClientConnect(0,1,'CAN:Baud=Auto',0,0,0): ERR_HARDWARE_NOT_RESPONDING
Tue Dec 13 17:07:23.407 - [03308] RP1210_ClientConnect(0,1,'CAN:Baud=Auto',0,0,0): ERR_HARDWARE_NOT_RESPONDING
Tue Dec 13 17:07:23.414 - [03308] RP1210_ClientConnect(0,1,'CAN:Baud=Auto',0,0,0): ERR_HARDWARE_NOT_RESPONDING
Tue Dec 13 17:07:23.420 - [03308] RP1210_ClientConnect(0,1,'CAN:Baud=Auto',0,0,0): ERR_HARDWARE_NOT_RESPONDING
Tue Dec 13 17:07:23.426 - [03308] RP1210_ClientConnect(0,1,'CAN:Baud=Auto',0,0,0): ERR_HARDWARE_NOT_RESPONDING
Tue Dec 13 17:07:23.431 - [03308] RP1210_ClientConnect(0,1,'CAN:Baud=Auto',0,0,0): ERR_HARDWARE_NOT_RESPONDING
Tue Dec 13 17:07:23.436 - [03308] RP1210_ClientConnect(0,1,'CAN:Baud=Auto',0,0,0): ERR_HARDWARE_NOT_RESPONDING
Tue Dec 13 17:07:23.443 - [03308] RP1210_ClientConnect(0,1,'CAN:Baud=Auto',0,0,0): ERR_HARDWARE_NOT_RESPONDING
Tue Dec 13 17:07:23.449 - [03308] RP1210_ClientConnect(0,1,'CAN:Baud=Auto',0,0,0): ERR_HARDWARE_NOT_RESPONDING
Tue Dec 13 17:07:23.454 - [03308] RP1210_ClientConnect(0,1,'CAN:Baud=Auto',0,0,0): ERR_HARDWARE_NOT_RESPONDING
Tue Dec 13 17:07:23.461 - [03308] RP1210_ClientConnect(0,1,'CAN:Baud=Auto',0,0,0): ERR_HARDWARE_NOT_RESPONDING
Tue Dec 13 17:07:23.466 - [03308] RP1210_ClientConnect(0,1,'CAN:Baud=Auto',0,0,0): ERR_HARDWARE_NOT_RESPONDING
Tue Dec 13 17:07:23.471 - [03308] RP1210_ClientConnect(0,1,'CAN:Baud=Auto',0,0,0): ERR_HARDWARE_NOT_RESPONDING
Tue Dec 13 17:07:23.477 - [03308] RP1210_ClientConnect(0,1,'CAN:Baud=Auto',0,0,0): ERR_HARDWARE_NOT_RESPONDING
Tue Dec 13 17:07:23.482 - [03308] RP1210_ClientConnect(0,1,'CAN:Baud=Auto',0,0,0): ERR_HARDWARE_NOT_RESPONDING
Tue Dec 13 17:07:23.487 - [03308] RP1210_ClientConnect(0,1,'CAN:Baud=Auto',0,0,0): ERR_HARDWARE_NOT_RESPONDING
Tue Dec 13 17:07:23.493 - [03308] RP1210_ClientConnect(0,1,'CAN:Baud=Auto',0,0,0): ERR_HARDWARE_NOT_RESPONDING
Tue Dec 13 17:07:23.498 - [03308] RP1210_ClientConnect(0,1,'CAN:Baud=Auto',0,0,0): ERR_HARDWARE_NOT_RESPONDING
Tue Dec 13 17:07:23.503 - [03308] RP1210_ClientConnect(0,1,'CAN:Baud=Auto',0,0,0): ERR_HARDWARE_NOT_RESPONDING
Tue Dec 13 17:07:23.510 - [03308] RP1210_ClientConnect(0,1,'CAN:Baud=Auto',0,0,0): ERR_HARDWARE_NOT_RESPONDING
Tue Dec 13 17:07:23.515 - [03308] RP1210_ClientConnect(0,1,'CAN:Baud=Auto',0,0,0): ERR_HARDWARE_NOT_RESPONDING
Tue Dec 13 17:07:23.520 - [03308] RP1210_ClientConnect(0,1,'CAN:Baud=Auto',0,0,0): ERR_HARDWARE_NOT_RESPONDING
Tue Dec 13 17:07:23.526 - [03308] RP1210_ClientConnect(0,1,'CAN:Baud=Auto',0,0,0): ERR_HARDWARE_NOT_RESPONDING
Tue Dec 13 17:07:23.531 - [03308] RP1210_ClientConnect(0,1,'CAN:Baud=Auto',0,0,0): ERR_HARDWARE_NOT_RESPONDING
Tue Dec 13 17:07:23.536 - [03308] RP1210_ClientConnect(0,1,'CAN:Baud=Auto',0,0,0): ERR_HARDWARE_NOT_RESPONDING
Tue Dec 13 17:07:23.542 - [03308] RP1210_ClientConnect(0,1,'CAN:Baud=Auto',0,0,0): ERR_HARDWARE_NOT_RESPONDING
Tue Dec 13 17:07:23.547 - [03308] RP1210_ClientConnect(0,1,'CAN:Baud=Auto',0,0,0): ERR_HARDWARE_NOT_RESPONDING
Tue Dec 13 17:07:23.552 - [03308] RP1210_ClientConnect(0,1,'CAN:Baud=Auto',0,0,0): ERR_HARDWARE_NOT_RESPONDING
Tue Dec 13 17:07:23.557 - [03308] RP1210_ClientConnect(0,1,'CAN:Baud=Auto',0,0,0): ERR_HARDWARE_NOT_RESPONDING
Tue Dec 13 17:07:23.564 - [03308] RP1210_ClientConnect(0,1,'CAN:Baud=Auto',0,0,0): ERR_HARDWARE_NOT_RESPONDING
Tue Dec 13 17:07:23.569 - [03308] RP1210_ClientConnect(0,1,'CAN:Baud=Auto',0,0,0): ERR_HARDWARE_NOT_RESPONDING
Tue Dec 13 17:07:23.575 - [03308] RP1210_ClientConnect(0,1,'CAN:Baud=Auto',0,0,0): ERR_HARDWARE_NOT_RESPONDING
Tue Dec 13 17:07:23.581 - [03308] RP1210_ClientConnect(0,1,'CAN:Baud=Auto',0,0,0): ERR_HARDWARE_NOT_RESPONDING
Tue Dec 13 17:07:23.587 - [03308] RP1210_ClientConnect(0,1,'CAN:Baud=Auto',0,0,0): ERR_HARDWARE_NOT_RESPONDING
Tue Dec 13 17:07:23.593 - [03308] RP1210_ClientConnect(0,1,'CAN:Baud=Auto',0,0,0): ERR_HARDWARE_NOT_RESPONDING
Tue Dec 13 17:07:23.599 - [03308] RP1210_ClientConnect(0,1,'CAN:Baud=Auto',0,0,0): ERR_HARDWARE_NOT_RESPONDING
Tue Dec 13 17:07:23.604 - [03308] RP1210_ClientConnect(0,1,'CAN:Baud=Auto',0,0,0): ERR_HARDWARE_NOT_RESPONDING
Tue Dec 13 17:07:23.610 - [03308] RP1210_ClientConnect(0,1,'CAN:Baud=Auto',0,0,0): ERR_HARDWARE_NOT_RESPONDING
Tue Dec 13 17:07:23.616 - [03308] RP1210_ClientConnect(0,1,'CAN:Baud=Auto',0,0,0): ERR_HARDWARE_NOT_RESPONDING
Tue Dec 13 17:07:23.622 - [03308] RP1210_ClientConnect(0,1,'CAN:Baud=Auto',0,0,0): ERR_HARDWARE_NOT_RESPONDING
Tue Dec 13 17:07:23.632 - [03308] RP1210_ClientConnect(0,1,'CAN:Baud=Auto',0,0,0): ERR_HARDWARE_NOT_RESPONDING
Tue Dec 13 17:07:23.639 - [03308] RP1210_ClientConnect(0,1,'CAN:Baud=Auto',0,0,0): ERR_HARDWARE_NOT_RESPONDING
Tue Dec 13 17:07:23.646 - [03308] RP1210_ClientConnect(0,1,'CAN:Baud=Auto',0,0,0): ERR_HARDWARE_NOT_RESPONDING
Tue Dec 13 17:07:23.652 - [03308] RP1210_ClientConnect(0,1,'CAN:Baud=Auto',0,0,0): ERR_HARDWARE_NOT_RESPONDING
Tue Dec 13 17:07:23.658 - [03308] RP1210_ClientConnect(0,1,'CAN:Baud=Auto',0,0,0): ERR_HARDWARE_NOT_RESPONDING
Tue Dec 13 17:07:23.665 - [03308] RP1210_ClientConnect(0,1,'CAN:Baud=Auto',0,0,0): ERR_HARDWARE_NOT_RESPONDING
Tue Dec 13 17:07:23.670 - [03308] RP1210_ClientConnect(0,1,'CAN:Baud=Auto',0,0,0): ERR_HARDWARE_NOT_RESPONDING
Tue Dec 13 17:07:23.676 - [03308] RP1210_ClientConnect(0,1,'CAN:Baud=Auto',0,0,0): ERR_HARDWARE_NOT_RESPONDING
Tue Dec 13 17:07:23.682 - [03308] RP1210_ClientConnect(0,1,'CAN:Baud=Auto',0,0,0): ERR_HARDWARE_NOT_RESPONDING
Tue Dec 13 17:07:23.687 - [03308] RP1210_ClientConnect(0,1,'CAN:Baud=Auto',0,0,0): ERR_HARDWARE_NOT_RESPONDING
Tue Dec 13 17:07:23.694 - [03308] RP1210_ClientConnect(0,1,'CAN:Baud=Auto',0,0,0): ERR_HARDWARE_NOT_RESPONDING
Tue Dec 13 17:07:23.700 - [03308] RP1210_ClientConnect(0,1,'CAN:Baud=Auto',0,0,0): ERR_HARDWARE_NOT_RESPONDING
Tue Dec 13 17:07:23.705 - [03308] RP1210_ClientConnect(0,1,'CAN:Baud=Auto',0,0,0): ERR_HARDWARE_NOT_RESPONDING
Tue Dec 13 17:07:23.712 - [03308] RP1210_ClientConnect(0,1,'CAN:Baud=Auto',0,0,0): ERR_HARDWARE_NOT_RESPONDING
Tue Dec 13 17:07:23.717 - [03308] RP1210_ClientConnect(0,1,'CAN:Baud=Auto',0,0,0): ERR_HARDWARE_NOT_RESPONDING
Tue Dec 13 17:07:23.723 - [03308] RP1210_ClientConnect(0,1,'CAN:Baud=Auto',0,0,0): ERR_HARDWARE_NOT_RESPONDING
Tue Dec 13 17:07:23.731 - [03308] RP1210_ClientConnect(0,1,'CAN:Baud=Auto',0,0,0): ERR_HARDWARE_NOT_RESPONDING
Tue Dec 13 17:07:23.736 - [03308] RP1210_ClientConnect(0,1,'CAN:Baud=Auto',0,0,0): ERR_HARDWARE_NOT_RESPONDING
Tue Dec 13 17:07:23.744 - [03308] RP1210_ClientConnect(0,1,'CAN:Baud=Auto',0,0,0): ERR_HARDWARE_NOT_RESPONDING
Tue Dec 13 17:07:23.749 - [03308] RP1210_ClientConnect(0,1,'CAN:Baud=Auto',0,0,0): ERR_HARDWARE_NOT_RESPONDING
Tue Dec 13 17:07:23.780 - [03308] RP1210_ClientConnect(0,1,'CAN:Baud=Auto',0,0,0): ERR_HARDWARE_NOT_RESPONDING
Tue Dec 13 17:07:23.785 - [03308] RP1210_ClientConnect(0,1,'CAN:Baud=Auto',0,0,0): ERR_HARDWARE_NOT_RESPONDING
Tue Dec 13 17:07:23.790 - [03308] RP1210_ClientConnect(0,1,'CAN:Baud=Auto',0,0,0): ERR_HARDWARE_NOT_RESPONDING
Tue Dec 13 17:07:23.798 - [03308] RP1210_ClientConnect(0,1,'CAN:Baud=Auto',0,0,0): ERR_HARDWARE_NOT_RESPONDING
Tue Dec 13 17:07:23.803 - [03308] RP1210_ClientConnect(0,1,'CAN:Baud=Auto',0,0,0): ERR_HARDWARE_NOT_RESPONDING
Tue Dec 13 17:07:23.810 - [03308] RP1210_ClientConnect(0,1,'CAN:Baud=Auto',0,0,0): ERR_HARDWARE_NOT_RESPONDING
Tue Dec 13 17:07:23.815 - [03308] RP1210_ClientConnect(0,1,'CAN:Baud=Auto',0,0,0): ERR_HARDWARE_NOT_RESPONDING
Tue Dec 13 17:07:23.821 - [03308] RP1210_ClientConnect(0,1,'CAN:Baud=Auto',0,0,0): ERR_HARDWARE_NOT_RESPONDING
Tue Dec 13 17:07:23.828 - [03308] RP1210_ClientConnect(0,1,'CAN:Baud=Auto',0,0,0): ERR_HARDWARE_NOT_RESPONDING
Tue Dec 13 17:07:23.834 - [03308] RP1210_ClientConnect(0,1,'CAN:Baud=Auto',0,0,0): ERR_HARDWARE_NOT_RESPONDING
Tue Dec 13 17:07:23.839 - [03308] RP1210_ClientConnect(0,1,'CAN:Baud=Auto',0,0,0): ERR_HARDWARE_NOT_RESPONDING
Tue Dec 13 17:07:23.848 - [03308] RP1210_ClientConnect(0,1,'CAN:Baud=Auto',0,0,0): ERR_HARDWARE_NOT_RESPONDING
Tue Dec 13 17:07:23.854 - [03308] RP1210_ClientConnect(0,1,'CAN:Baud=Auto',0,0,0): ERR_HARDWARE_NOT_RESPONDING
Tue Dec 13 17:07:23.860 - [03308] RP1210_ClientConnect(0,1,'CAN:Baud=Auto',0,0,0): ERR_HARDWARE_NOT_RESPONDING
Tue Dec 13 17:07:23.866 - [03308] RP1210_ClientConnect(0,1,'CAN:Baud=Auto',0,0,0): ERR_HARDWARE_NOT_RESPONDING
Tue Dec 13 17:07:23.871 - [03308] RP1210_ClientConnect(0,1,'CAN:Baud=Auto',0,0,0): ERR_HARDWARE_NOT_RESPONDING
Tue Dec 13 17:07:23.877 - [03308] RP1210_ClientConnect(0,1,'CAN:Baud=Auto',0,0,0): ERR_HARDWARE_NOT_RESPONDING
Tue Dec 13 17:07:23.882 - [03308] RP1210_ClientConnect(0,1,'CAN:Baud=Auto',0,0,0): ERR_HARDWARE_NOT_RESPONDING
Tue Dec 13 17:07:23.888 - [03308] RP1210_ClientConnect(0,1,'CAN:Baud=Auto',0,0,0): ERR_HARDWARE_NOT_RESPONDING
Tue Dec 13 17:07:23.894 - [03308] RP1210_ClientConnect(0,1,'CAN:Baud=Auto',0,0,0): ERR_HARDWARE_NOT_RESPONDING
Tue Dec 13 17:07:23.899 - [03308] RP1210_ClientConnect(0,1,'CAN:Baud=Auto',0,0,0): ERR_HARDWARE_NOT_RESPONDING
Tue Dec 13 17:07:23.905 - [03308] RP1210_ClientConnect(0,1,'CAN:Baud=Auto',0,0,0): ERR_HARDWARE_NOT_RESPONDING
Tue Dec 13 17:07:23.912 - [03308] RP1210_ClientConnect(0,1,'CAN:Baud=Auto',0,0,0): ERR_HARDWARE_NOT_RESPONDING
Tue Dec 13 17:07:23.917 - [03308] RP1210_ClientConnect(0,1,'CAN:Baud=Auto',0,0,0): ERR_HARDWARE_NOT_RESPONDING
Tue Dec 13 17:07:23.923 - [03308] RP1210_ClientConnect(0,1,'CAN:Baud=Auto',0,0,0): ERR_HARDWARE_NOT_RESPONDING
Tue Dec 13 17:07:23.930 - [03308] RP1210_ClientConnect(0,1,'CAN:Baud=Auto',0,0,0): ERR_HARDWARE_NOT_RESPONDING
Tue Dec 13 17:07:23.936 - [03308] RP1210_ClientConnect(0,1,'CAN:Baud=Auto',0,0,0): ERR_HARDWARE_NOT_RESPONDING
Tue Dec 13 17:07:23.941 - [03308] RP1210_ClientConnect(0,1,'CAN:Baud=Auto',0,0,0): ERR_HARDWARE_NOT_RESPONDING
Tue Dec 13 17:07:23.948 - [03308] RP1210_ClientConnect(0,1,'CAN:Baud=Auto',0,0,0): ERR_HARDWARE_NOT_RESPONDING
Tue Dec 13 17:07:23.953 - [03308] RP1210_ClientConnect(0,1,'CAN:Baud=Auto',0,0,0): ERR_HARDWARE_NOT_RESPONDING
Tue Dec 13 17:07:23.957 - [03308] RP1210_ClientConnect(0,1,'CAN:Baud=Auto',0,0,0): ERR_HARDWARE_NOT_RESPONDING
Tue Dec 13 17:07:23.964 - [03308] RP1210_ClientConnect(0,1,'CAN:Baud=Auto',0,0,0): ERR_HARDWARE_NOT_RESPONDING
Tue Dec 13 17:07:23.969 - [03308] RP1210_ClientConnect(0,1,'CAN:Baud=Auto',0,0,0): ERR_HARDWARE_NOT_RESPONDING
Tue Dec 13 17:07:23.974 - [03308] RP1210_ClientConnect(0,1,'CAN:Baud=Auto',0,0,0): ERR_HARDWARE_NOT_RESPONDING
Tue Dec 13 17:07:23.980 - [03308] RP1210_ClientConnect(0,1,'CAN:Baud=Auto',0,0,0): ERR_HARDWARE_NOT_RESPONDING
Tue Dec 13 17:07:23.985 - [03308] RP1210_ClientConnect(0,1,'CAN:Baud=Auto',0,0,0): ERR_HARDWARE_NOT_RESPONDING
Tue Dec 13 17:07:23.990 - [03308] RP1210_ClientConnect(0,1,'CAN:Baud=Auto',0,0,0): ERR_HARDWARE_NOT_RESPONDING
Tue Dec 13 17:07:23.995 - [03308] RP1210_ClientConnect(0,1,'CAN:Baud=Auto',0,0,0): ERR_HARDWARE_NOT_RESPONDING
Tue Dec 13 17:07:24.000 - [03308] RP1210_ClientConnect(0,1,'CAN:Baud=Auto',0,0,0): ERR_HARDWARE_NOT_RESPONDING
Tue Dec 13 17:07:24.005 - [03308] RP1210_ClientConnect(0,1,'CAN:Baud=Auto',0,0,0): ERR_HARDWARE_NOT_RESPONDING
Tue Dec 13 17:07:24.011 - [03308] RP1210_ClientConnect(0,1,'CAN:Baud=Auto',0,0,0): ERR_HARDWARE_NOT_RESPONDING
Tue Dec 13 17:07:24.016 - [03308] RP1210_ClientConnect(0,1,'CAN:Baud=Auto',0,0,0): ERR_HARDWARE_NOT_RESPONDING
Tue Dec 13 17:07:24.021 - [03308] RP1210_ClientConnect(0,1,'CAN:Baud=Auto',0,0,0): ERR_HARDWARE_NOT_RESPONDING
Tue Dec 13 17:07:24.028 - [03308] RP1210_ClientConnect(0,1,'CAN:Baud=Auto',0,0,0): ERR_HARDWARE_NOT_RESPONDING
Tue Dec 13 17:07:24.032 - [03308] RP1210_ClientConnect(0,1,'CAN:Baud=Auto',0,0,0): ERR_HARDWARE_NOT_RESPONDING
Tue Dec 13 17:07:24.038 - [03308] RP1210_ClientConnect(0,1,'CAN:Baud=Auto',0,0,0): ERR_HARDWARE_NOT_RESPONDING
Tue Dec 13 17:07:24.045 - [03308] RP1210_ClientConnect(0,1,'CAN:Baud=Auto',0,0,0): ERR_HARDWARE_NOT_RESPONDING
Tue Dec 13 17:07:24.051 - [03308] RP1210_ClientConnect(0,1,'CAN:Baud=Auto',0,0,0): ERR_HARDWARE_NOT_RESPONDING
Tue Dec 13 17:07:24.056 - [03308] RP1210_ClientConnect(0,1,'CAN:Baud=Auto',0,0,0): ERR_HARDWARE_NOT_RESPONDING
Tue Dec 13 17:07:24.062 - [03308] RP1210_ClientConnect(0,1,'CAN:Baud=Auto',0,0,0): ERR_HARDWARE_NOT_RESPONDING
Tue Dec 13 17:07:24.067 - [03308] RP1210_ClientConnect(0,1,'CAN:Baud=Auto',0,0,0): ERR_HARDWARE_NOT_RESPONDING
Tue Dec 13 17:07:24.073 - [03308] RP1210_ClientConnect(0,1,'CAN:Baud=Auto',0,0,0): ERR_HARDWARE_NOT_RESPONDING
Tue Dec 13 17:07:24.080 - [03308] RP1210_ClientConnect(0,1,'CAN:Baud=Auto',0,0,0): ERR_HARDWARE_NOT_RESPONDING
Tue Dec 13 17:07:24.085 - [03308] RP1210_ClientConnect(0,1,'CAN:Baud=Auto',0,0,0): ERR_HARDWARE_NOT_RESPONDING
Tue Dec 13 17:07:24.090 - [03308] RP1210_ClientConnect(0,1,'CAN:Baud=Auto',0,0,0): ERR_HARDWARE_NOT_RESPONDING
Tue Dec 13 17:07:24.097 - [03308] RP1210_ClientConnect(0,1,'CAN:Baud=Auto',0,0,0): ERR_HARDWARE_NOT_RESPONDING
Tue Dec 13 17:07:24.103 - [03308] RP1210_ClientConnect(0,1,'CAN:Baud=Auto',0,0,0): ERR_HARDWARE_NOT_RESPONDING
Tue Dec 13 17:07:24.108 - [03308] RP1210_ClientConnect(0,1,'CAN:Baud=Auto',0,0,0): ERR_HARDWARE_NOT_RESPONDING
Tue Dec 13 17:07:24.114 - [03308] RP1210_ClientConnect(0,1,'CAN:Baud=Auto',0,0,0): ERR_HARDWARE_NOT_RESPONDING
Tue Dec 13 17:07:24.119 - [03308] RP1210_ClientConnect(0,1,'CAN:Baud=Auto',0,0,0): ERR_HARDWARE_NOT_RESPONDING
Tue Dec 13 17:07:24.124 - [03308] RP1210_ClientConnect(0,1,'CAN:Baud=Auto',0,0,0): ERR_HARDWARE_NOT_RESPONDING
Tue Dec 13 17:07:24.131 - [03308] RP1210_ClientConnect(0,1,'CAN:Baud=Auto',0,0,0): ERR_HARDWARE_NOT_RESPONDING
Tue Dec 13 17:07:24.137 - [03308] RP1210_ClientConnect(0,1,'CAN:Baud=Auto',0,0,0): ERR_HARDWARE_NOT_RESPONDING
Tue Dec 13 17:07:24.144 - [03308] RP1210_ClientConnect(0,1,'CAN:Baud=Auto',0,0,0): ERR_HARDWARE_NOT_RESPONDING
Tue Dec 13 17:07:24.150 - [03308] RP1210_ClientConnect(0,1,'CAN:Baud=Auto',0,0,0): ERR_HARDWARE_NOT_RESPONDING
Tue Dec 13 17:07:24.155 - [03308] RP1210_ClientConnect(0,1,'CAN:Baud=Auto',0,0,0): ERR_HARDWARE_NOT_RESPONDING
Tue Dec 13 17:07:24.162 - [03308] RP1210_ClientConnect(0,1,'CAN:Baud=Auto',0,0,0): ERR_HARDWARE_NOT_RESPONDING
Tue Dec 13 17:07:24.167 - [03308] RP1210_ClientConnect(0,1,'CAN:Baud=Auto',0,0,0): ERR_HARDWARE_NOT_RESPONDING
Tue Dec 13 17:07:24.173 - [03308] RP1210_ClientConnect(0,1,'CAN:Baud=Auto',0,0,0): ERR_HARDWARE_NOT_RESPONDING
Tue Dec 13 17:07:24.179 - [03308] RP1210_ClientConnect(0,1,'CAN:Baud=Auto',0,0,0): ERR_HARDWARE_NOT_RESPONDING
Tue Dec 13 17:07:24.184 - [03308] RP1210_ClientConnect(0,1,'CAN:Baud=Auto',0,0,0): ERR_HARDWARE_NOT_RESPONDING
Tue Dec 13 17:07:24.190 - [03308] RP1210_ClientConnect(0,1,'CAN:Baud=Auto',0,0,0): ERR_HARDWARE_NOT_RESPONDING
Tue Dec 13 17:07:24.197 - [03308] RP1210_ClientConnect(0,1,'CAN:Baud=Auto',0,0,0): ERR_HARDWARE_NOT_RESPONDING
Tue Dec 13 17:07:24.203 - [03308] RP1210_ClientConnect(0,1,'CAN:Baud=Auto',0,0,0): ERR_HARDWARE_NOT_RESPONDING
Tue Dec 13 17:07:24.208 - [03308] RP1210_ClientConnect(0,1,'CAN:Baud=Auto',0,0,0): ERR_HARDWARE_NOT_RESPONDING
Tue Dec 13 17:07:24.215 - [03308] RP1210_ClientConnect(0,1,'CAN:Baud=Auto',0,0,0): ERR_HARDWARE_NOT_RESPONDING
Tue Dec 13 17:07:24.220 - [03308] RP1210_ClientConnect(0,1,'CAN:Baud=Auto',0,0,0): ERR_HARDWARE_NOT_RESPONDING
Tue Dec 13 17:07:24.227 - [03308] RP1210_ClientConnect(0,1,'CAN:Baud=Auto',0,0,0): ERR_HARDWARE_NOT_RESPONDING
Tue Dec 13 17:07:24.233 - [03308] RP1210_ClientConnect(0,1,'CAN:Baud=Auto',0,0,0): ERR_HARDWARE_NOT_RESPONDING
Tue Dec 13 17:07:24.238 - [03308] RP1210_ClientConnect(0,1,'CAN:Baud=Auto',0,0,0): ERR_HARDWARE_NOT_RESPONDING
Tue Dec 13 17:07:24.251 - [03308] RP1210_ClientConnect(0,1,'CAN:Baud=Auto',0,0,0): ERR_HARDWARE_NOT_RESPONDING
Tue Dec 13 17:07:24.258 - [03308] RP1210_ClientConnect(0,1,'CAN:Baud=Auto',0,0,0): ERR_HARDWARE_NOT_RESPONDING
Tue Dec 13 17:07:24.266 - [03308] RP1210_ClientConnect(0,1,'CAN:Baud=Auto',0,0,0): ERR_HARDWARE_NOT_RESPONDING
Tue Dec 13 17:07:24.271 - [03308] RP1210_ClientConnect(0,1,'CAN:Baud=Auto',0,0,0): ERR_HARDWARE_NOT_RESPONDING
Tue Dec 13 17:07:24.279 - [03308] RP1210_ClientConnect(0,1,'CAN:Baud=Auto',0,0,0): ERR_HARDWARE_NOT_RESPONDING
Tue Dec 13 17:07:24.285 - [03308] RP1210_ClientConnect(0,1,'CAN:Baud=Auto',0,0,0): ERR_HARDWARE_NOT_RESPONDING
Tue Dec 13 17:07:24.290 - [03308] RP1210_ClientConnect(0,1,'CAN:Baud=Auto',0,0,0): ERR_HARDWARE_NOT_RESPONDING
Tue Dec 13 17:07:24.297 - [03308] RP1210_ClientConnect(0,1,'CAN:Baud=Auto',0,0,0): ERR_HARDWARE_NOT_RESPONDING
Tue Dec 13 17:07:24.303 - [03308] RP1210_ClientConnect(0,1,'CAN:Baud=Auto',0,0,0): ERR_HARDWARE_NOT_RESPONDING
Tue Dec 13 17:07:24.310 - [03308] RP1210_ClientConnect(0,1,'CAN:Baud=Auto',0,0,0): ERR_HARDWARE_NOT_RESPONDING
Tue Dec 13 17:07:24.317 - [03308] RP1210_ClientConnect(0,1,'CAN:Baud=Auto',0,0,0): ERR_HARDWARE_NOT_RESPONDING
Tue Dec 13 17:07:24.322 - [03308] RP1210_ClientConnect(0,1,'CAN:Baud=Auto',0,0,0): ERR_HARDWARE_NOT_RESPONDING
Tue Dec 13 17:07:24.329 - [03308] RP1210_ClientConnect(0,1,'CAN:Baud=Auto',0,0,0): ERR_HARDWARE_NOT_RESPONDING
Tue Dec 13 17:07:24.334 - [03308] RP1210_ClientConnect(0,1,'CAN:Baud=Auto',0,0,0): ERR_HARDWARE_NOT_RESPONDING
Tue Dec 13 17:07:24.339 - [03308] RP1210_ClientConnect(0,1,'CAN:Baud=Auto',0,0,0): ERR_HARDWARE_NOT_RESPONDING
Tue Dec 13 17:07:24.346 - [03308] RP1210_ClientConnect(0,1,'CAN:Baud=Auto',0,0,0): ERR_HARDWARE_NOT_RESPONDING
Tue Dec 13 17:07:24.352 - [03308] RP1210_ClientConnect(0,1,'CAN:Baud=Auto',0,0,0): ERR_HARDWARE_NOT_RESPONDING
Tue Dec 13 17:07:24.357 - [03308] RP1210_ClientConnect(0,1,'CAN:Baud=Auto',0,0,0): ERR_HARDWARE_NOT_RESPONDING
Tue Dec 13 17:07:24.364 - [03308] RP1210_ClientConnect(0,1,'CAN:Baud=Auto',0,0,0): ERR_HARDWARE_NOT_RESPONDING
Tue Dec 13 17:07:24.369 - [03308] RP1210_ClientConnect(0,1,'CAN:Baud=Auto',0,0,0): ERR_HARDWARE_NOT_RESPONDING
Tue Dec 13 17:07:24.374 - [03308] RP1210_ClientConnect(0,1,'CAN:Baud=Auto',0,0,0): ERR_HARDWARE_NOT_RESPONDING
Tue Dec 13 17:07:24.381 - [03308] RP1210_ClientConnect(0,1,'CAN:Baud=Auto',0,0,0): ERR_HARDWARE_NOT_RESPONDING
Tue Dec 13 17:07:24.386 - [03308] RP1210_ClientConnect(0,1,'CAN:Baud=Auto',0,0,0): ERR_HARDWARE_NOT_RESPONDING
Tue Dec 13 17:07:24.392 - [03308] RP1210_ClientConnect(0,1,'CAN:Baud=Auto',0,0,0): ERR_HARDWARE_NOT_RESPONDING
Tue Dec 13 17:07:24.399 - [03308] RP1210_ClientConnect(0,1,'CAN:Baud=Auto',0,0,0): ERR_HARDWARE_NOT_RESPONDING
Tue Dec 13 17:07:24.405 - [03308] RP1210_ClientConnect(0,1,'CAN:Baud=Auto',0,0,0): ERR_HARDWARE_NOT_RESPONDING
Tue Dec 13 17:07:24.410 - [03308] RP1210_ClientConnect(0,1,'CAN:Baud=Auto',0,0,0): ERR_HARDWARE_NOT_RESPONDING
Tue Dec 13 17:07:24.416 - [03308] RP1210_ClientConnect(0,1,'CAN:Baud=Auto',0,0,0): ERR_HARDWARE_NOT_RESPONDING
Tue Dec 13 17:07:24.421 - [03308] RP1210_ClientConnect(0,1,'CAN:Baud=Auto',0,0,0): ERR_HARDWARE_NOT_RESPONDING
Tue Dec 13 17:07:24.427 - [03308] RP1210_ClientConnect(0,1,'CAN:Baud=Auto',0,0,0): ERR_HARDWARE_NOT_RESPONDING
Tue Dec 13 17:07:24.433 - [03308] RP1210_ClientConnect(0,1,'CAN:Baud=Auto',0,0,0): ERR_HARDWARE_NOT_RESPONDING
Tue Dec 13 17:07:24.439 - [03308] RP1210_ClientConnect(0,1,'CAN:Baud=Auto',0,0,0): ERR_HARDWARE_NOT_RESPONDING
Tue Dec 13 17:07:24.447 - [03308] RP1210_ClientConnect(0,1,'CAN:Baud=Auto',0,0,0): ERR_HARDWARE_NOT_RESPONDING
Tue Dec 13 17:07:24.452 - [03308] RP1210_ClientConnect(0,1,'CAN:Baud=Auto',0,0,0): ERR_HARDWARE_NOT_RESPONDING
Tue Dec 13 17:07:24.457 - [03308] RP1210_ClientConnect(0,1,'CAN:Baud=Auto',0,0,0): ERR_HARDWARE_NOT_RESPONDING
Tue Dec 13 17:07:24.465 - [03308] RP1210_ClientConnect(0,1,'CAN:Baud=Auto',0,0,0): ERR_HARDWARE_NOT_RESPONDING
Tue Dec 13 17:07:24.470 - [03308] RP1210_ClientConnect(0,1,'CAN:Baud=Auto',0,0,0): ERR_HARDWARE_NOT_RESPONDING
Tue Dec 13 17:07:24.477 - [03308] RP1210_ClientConnect(0,1,'CAN:Baud=Auto',0,0,0): ERR_HARDWARE_NOT_RESPONDING
Tue Dec 13 17:07:24.483 - [03308] RP1210_ClientConnect(0,1,'CAN:Baud=Auto',0,0,0): ERR_HARDWARE_NOT_RESPONDING
Tue Dec 13 17:07:24.488 - [03308] RP1210_ClientConnect(0,1,'CAN:Baud=Auto',0,0,0): ERR_HARDWARE_NOT_RESPONDING
Tue Dec 13 17:07:24.494 - [03308] RP1210_ClientConnect(0,1,'CAN:Baud=Auto',0,0,0): ERR_HARDWARE_NOT_RESPONDING
Tue Dec 13 17:07:24.500 - [03308] RP1210_ClientConnect(0,1,'CAN:Baud=Auto',0,0,0): ERR_HARDWARE_NOT_RESPONDING
Tue Dec 13 17:07:24.505 - [03308] RP1210_ClientConnect(0,1,'CAN:Baud=Auto',0,0,0): ERR_HARDWARE_NOT_RESPONDING
Tue Dec 13 17:07:24.511 - [03308] RP1210_ClientConnect(0,1,'CAN:Baud=Auto',0,0,0): ERR_HARDWARE_NOT_RESPONDING
Tue Dec 13 17:07:24.516 - [03308] RP1210_ClientConnect(0,1,'CAN:Baud=Auto',0,0,0): ERR_HARDWARE_NOT_RESPONDING
Tue Dec 13 17:07:24.521 - [03308] RP1210_ClientConnect(0,1,'CAN:Baud=Auto',0,0,0): ERR_HARDWARE_NOT_RESPONDING
Tue Dec 13 17:07:24.527 - [03308] RP1210_ClientConnect(0,1,'CAN:Baud=Auto',0,0,0): ERR_HARDWARE_NOT_RESPONDING
Tue Dec 13 17:07:24.533 - [03308] RP1210_ClientConnect(0,1,'CAN:Baud=Auto',0,0,0): ERR_HARDWARE_NOT_RESPONDING
Tue Dec 13 17:07:24.538 - [03308] RP1210_ClientConnect(0,1,'CAN:Baud=Auto',0,0,0): ERR_HARDWARE_NOT_RESPONDING
Tue Dec 13 17:07:24.545 - [03308] RP1210_ClientConnect(0,1,'CAN:Baud=Auto',0,0,0): ERR_HARDWARE_NOT_RESPONDING
Tue Dec 13 17:07:24.552 - [03308] RP1210_ClientConnect(0,1,'CAN:Baud=Auto',0,0,0): ERR_HARDWARE_NOT_RESPONDING
Tue Dec 13 17:07:24.557 - [03308] RP1210_ClientConnect(0,1,'CAN:Baud=Auto',0,0,0): ERR_HARDWARE_NOT_RESPONDING
Tue Dec 13 17:07:24.564 - [03308] RP1210_ClientConnect(0,1,'CAN:Baud=Auto',0,0,0): ERR_HARDWARE_NOT_RESPONDING
Tue Dec 13 17:07:24.569 - [03308] RP1210_ClientConnect(0,1,'CAN:Baud=Auto',0,0,0): ERR_HARDWARE_NOT_RESPONDING
Tue Dec 13 17:07:24.574 - [03308] RP1210_ClientConnect(0,1,'CAN:Baud=Auto',0,0,0): ERR_HARDWARE_NOT_RESPONDING
Tue Dec 13 17:07:24.580 - [03308] RP1210_ClientConnect(0,1,'CAN:Baud=Auto',0,0,0): ERR_HARDWARE_NOT_RESPONDING
Tue Dec 13 17:07:24.585 - [03308] RP1210_ClientConnect(0,1,'CAN:Baud=Auto',0,0,0): ERR_HARDWARE_NOT_RESPONDING
Tue Dec 13 17:07:24.591 - [03308] RP1210_ClientConnect(0,1,'CAN:Baud=Auto',0,0,0): ERR_HARDWARE_NOT_RESPONDING
Tue Dec 13 17:07:24.599 - [03308] RP1210_ClientConnect(0,1,'CAN:Baud=Auto',0,0,0): ERR_HARDWARE_NOT_RESPONDING
Tue Dec 13 17:07:24.606 - [03308] RP1210_ClientConnect(0,1,'CAN:Baud=Auto',0,0,0): ERR_HARDWARE_NOT_RESPONDING
Tue Dec 13 17:07:24.614 - [03308] RP1210_ClientConnect(0,1,'CAN:Baud=Auto',0,0,0): ERR_HARDWARE_NOT_RESPONDING
Tue Dec 13 17:07:24.620 - [03308] RP1210_ClientConnect(0,1,'CAN:Baud=Auto',0,0,0): ERR_HARDWARE_NOT_RESPONDING
Tue Dec 13 17:07:24.625 - [03308] RP1210_ClientConnect(0,1,'CAN:Baud=Auto',0,0,0): ERR_HARDWARE_NOT_RESPONDING
Tue Dec 13 17:07:24.633 - [03308] RP1210_ClientConnect(0,1,'CAN:Baud=Auto',0,0,0): ERR_HARDWARE_NOT_RESPONDING
Tue Dec 13 17:07:24.639 - [03308] RP1210_ClientConnect(0,1,'CAN:Baud=Auto',0,0,0): ERR_HARDWARE_NOT_RESPONDING
Tue Dec 13 17:07:24.647 - [03308] RP1210_ClientConnect(0,1,'CAN:Baud=Auto',0,0,0): ERR_HARDWARE_NOT_RESPONDING
Tue Dec 13 17:07:24.653 - [03308] RP1210_ClientConnect(0,1,'CAN:Baud=Auto',0,0,0): ERR_HARDWARE_NOT_RESPONDING
Tue Dec 13 17:07:24.663 - [03308] RP1210_ClientConnect(0,1,'CAN:Baud=Auto',0,0,0): ERR_HARDWARE_NOT_RESPONDING
Tue Dec 13 17:07:24.669 - [03308] RP1210_ClientConnect(0,1,'CAN:Baud=Auto',0,0,0): ERR_HARDWARE_NOT_RESPONDING
Tue Dec 13 17:07:24.674 - [03308] RP1210_ClientConnect(0,1,'CAN:Baud=Auto',0,0,0): ERR_HARDWARE_NOT_RESPONDING
Tue Dec 13 17:07:24.682 - [03308] RP1210_ClientConnect(0,1,'CAN:Baud=Auto',0,0,0): ERR_HARDWARE_NOT_RESPONDING
Tue Dec 13 17:07:24.687 - [03308] RP1210_ClientConnect(0,1,'CAN:Baud=Auto',0,0,0): ERR_HARDWARE_NOT_RESPONDING
Tue Dec 13 17:07:24.693 - [03308] RP1210_ClientConnect(0,1,'CAN:Baud=Auto',0,0,0): ERR_HARDWARE_NOT_RESPONDING
Tue Dec 13 17:07:24.699 - [03308] RP1210_ClientConnect(0,1,'CAN:Baud=Auto',0,0,0): ERR_HARDWARE_NOT_RESPONDING
Tue Dec 13 17:07:24.705 - [03308] RP1210_ClientConnect(0,1,'CAN:Baud=Auto',0,0,0): ERR_HARDWARE_NOT_RESPONDING
Tue Dec 13 17:07:24.712 - [03308] RP1210_ClientConnect(0,1,'CAN:Baud=Auto',0,0,0): ERR_HARDWARE_NOT_RESPONDING
Tue Dec 13 17:07:24.719 - [03308] RP1210_ClientConnect(0,1,'CAN:Baud=Auto',0,0,0): ERR_HARDWARE_NOT_RESPONDING
Tue Dec 13 17:07:24.724 - [03308] RP1210_ClientConnect(0,1,'CAN:Baud=Auto',0,0,0): ERR_HARDWARE_NOT_RESPONDING
Tue Dec 13 17:07:24.730 - [03308] RP1210_ClientConnect(0,1,'CAN:Baud=Auto',0,0,0): ERR_HARDWARE_NOT_RESPONDING
Tue Dec 13 17:07:24.735 - [03308] RP1210_ClientConnect(0,1,'CAN:Baud=Auto',0,0,0): ERR_HARDWARE_NOT_RESPONDING
Tue Dec 13 17:07:24.740 - [03308] RP1210_ClientConnect(0,1,'CAN:Baud=Auto',0,0,0): ERR_HARDWARE_NOT_RESPONDING
Tue Dec 13 17:07:24.748 - [03308] RP1210_ClientConnect(0,1,'CAN:Baud=Auto',0,0,0): ERR_HARDWARE_NOT_RESPONDING
Tue Dec 13 17:07:24.754 - [03308] RP1210_ClientConnect(0,1,'CAN:Baud=Auto',0,0,0): ERR_HARDWARE_NOT_RESPONDING
Tue Dec 13 17:07:24.761 - [03308] RP1210_ClientConnect(0,1,'CAN:Baud=Auto',0,0,0): ERR_HARDWARE_NOT_RESPONDING
Tue Dec 13 17:07:24.766 - [03308] RP1210_ClientConnect(0,1,'CAN:Baud=Auto',0,0,0): ERR_HARDWARE_NOT_RESPONDING
Tue Dec 13 17:07:24.771 - [03308] RP1210_ClientConnect(0,1,'CAN:Baud=Auto',0,0,0): ERR_HARDWARE_NOT_RESPONDING
Tue Dec 13 17:07:24.778 - [03308] RP1210_ClientConnect(0,1,'CAN:Baud=Auto',0,0,0): ERR_HARDWARE_NOT_RESPONDING
Tue Dec 13 17:07:24.783 - [03308] RP1210_ClientConnect(0,1,'CAN:Baud=Auto',0,0,0): ERR_HARDWARE_NOT_RESPONDING
Tue Dec 13 17:07:24.788 - [03308] RP1210_ClientConnect(0,1,'CAN:Baud=Auto',0,0,0): ERR_HARDWARE_NOT_RESPONDING
Tue Dec 13 17:07:24.794 - [03308] RP1210_ClientConnect(0,1,'CAN:Baud=Auto',0,0,0): ERR_HARDWARE_NOT_RESPONDING
Tue Dec 13 17:07:24.799 - [03308] RP1210_ClientConnect(0,1,'CAN:Baud=Auto',0,0,0): ERR_HARDWARE_NOT_RESPONDING
Tue Dec 13 17:07:24.804 - [03308] RP1210_ClientConnect(0,1,'CAN:Baud=Auto',0,0,0): ERR_HARDWARE_NOT_RESPONDING
Tue Dec 13 17:07:24.809 - [03308] RP1210_ClientConnect(0,1,'CAN:Baud=Auto',0,0,0): ERR_HARDWARE_NOT_RESPONDING
Tue Dec 13 17:07:24.815 - [03308] RP1210_ClientConnect(0,1,'CAN:Baud=Auto',0,0,0): ERR_HARDWARE_NOT_RESPONDING
Tue Dec 13 17:07:24.820 - [03308] RP1210_ClientConnect(0,1,'CAN:Baud=Auto',0,0,0): ERR_HARDWARE_NOT_RESPONDING
Tue Dec 13 17:07:24.825 - [03308] RP1210_ClientConnect(0,1,'CAN:Baud=Auto',0,0,0): ERR_HARDWARE_NOT_RESPONDING
Tue Dec 13 17:07:24.832 - [03308] RP1210_ClientConnect(0,1,'CAN:Baud=Auto',0,0,0): ERR_HARDWARE_NOT_RESPONDING
Tue Dec 13 17:07:24.837 - [03308] RP1210_ClientConnect(0,1,'CAN:Baud=Auto',0,0,0): ERR_HARDWARE_NOT_RESPONDING
Tue Dec 13 17:07:24.843 - [03308] RP1210_ClientConnect(0,1,'CAN:Baud=Auto',0,0,0): ERR_HARDWARE_NOT_RESPONDING
Tue Dec 13 17:07:24.848 - [03308] RP1210_ClientConnect(0,1,'CAN:Baud=Auto',0,0,0): ERR_HARDWARE_NOT_RESPONDING
Tue Dec 13 17:07:24.853 - [03308] RP1210_ClientConnect(0,1,'CAN:Baud=Auto',0,0,0): ERR_HARDWARE_NOT_RESPONDING
Tue Dec 13 17:07:24.858 - [03308] RP1210_ClientConnect(0,1,'CAN:Baud=Auto',0,0,0): ERR_HARDWARE_NOT_RESPONDING
Tue Dec 13 17:07:24.865 - [03308] RP1210_ClientConnect(0,1,'CAN:Baud=Auto',0,0,0): ERR_HARDWARE_NOT_RESPONDING
Tue Dec 13 17:07:24.869 - [03308] RP1210_ClientConnect(0,1,'CAN:Baud=Auto',0,0,0): ERR_HARDWARE_NOT_RESPONDING
Tue Dec 13 17:07:24.876 - [03308] RP1210_ClientConnect(0,1,'CAN:Baud=Auto',0,0,0): ERR_HARDWARE_NOT_RESPONDING
Tue Dec 13 17:07:24.882 - [03308] RP1210_ClientConnect(0,1,'CAN:Baud=Auto',0,0,0): ERR_HARDWARE_NOT_RESPONDING
Tue Dec 13 17:07:24.887 - [03308] RP1210_ClientConnect(0,1,'CAN:Baud=Auto',0,0,0): ERR_HARDWARE_NOT_RESPONDING
Tue Dec 13 17:07:24.892 - [03308] RP1210_ClientConnect(0,1,'CAN:Baud=Auto',0,0,0): ERR_HARDWARE_NOT_RESPONDING
Tue Dec 13 17:07:24.899 - [03308] RP1210_ClientConnect(0,1,'CAN:Baud=Auto',0,0,0): ERR_HARDWARE_NOT_RESPONDING
Tue Dec 13 17:07:24.904 - [03308] RP1210_ClientConnect(0,1,'CAN:Baud=Auto',0,0,0): ERR_HARDWARE_NOT_RESPONDING
Tue Dec 13 17:07:24.909 - [03308] RP1210_ClientConnect(0,1,'CAN:Baud=Auto',0,0,0): ERR_HARDWARE_NOT_RESPONDING
Tue Dec 13 17:07:24.914 - [03308] RP1210_ClientConnect(0,1,'CAN:Baud=Auto',0,0,0): ERR_HARDWARE_NOT_RESPONDING
Tue Dec 13 17:07:24.919 - [03308] RP1210_ClientConnect(0,1,'CAN:Baud=Auto',0,0,0): ERR_HARDWARE_NOT_RESPONDING
Tue Dec 13 17:07:24.924 - [03308] RP1210_ClientConnect(0,1,'CAN:Baud=Auto',0,0,0): ERR_HARDWARE_NOT_RESPONDING
Tue Dec 13 17:07:24.930 - [03308] RP1210_ClientConnect(0,1,'CAN:Baud=Auto',0,0,0): ERR_HARDWARE_NOT_RESPONDING
Tue Dec 13 17:07:24.935 - [03308] RP1210_ClientConnect(0,1,'CAN:Baud=Auto',0,0,0): ERR_HARDWARE_NOT_RESPONDING
Tue Dec 13 17:07:24.941 - [03308] RP1210_ClientConnect(0,1,'CAN:Baud=Auto',0,0,0): ERR_HARDWARE_NOT_RESPONDING
Tue Dec 13 17:07:24.948 - [03308] RP1210_ClientConnect(0,1,'CAN:Baud=Auto',0,0,0): ERR_HARDWARE_NOT_RESPONDING
Tue Dec 13 17:07:24.953 - [03308] RP1210_ClientConnect(0,1,'CAN:Baud=Auto',0,0,0): ERR_HARDWARE_NOT_RESPONDING
Tue Dec 13 17:07:24.958 - [03308] RP1210_ClientConnect(0,1,'CAN:Baud=Auto',0,0,0): ERR_HARDWARE_NOT_RESPONDING
Tue Dec 13 17:07:24.965 - [03308] RP1210_ClientConnect(0,1,'CAN:Baud=Auto',0,0,0): ERR_HARDWARE_NOT_RESPONDING
Tue Dec 13 17:07:24.970 - [03308] RP1210_ClientConnect(0,1,'CAN:Baud=Auto',0,0,0): ERR_HARDWARE_NOT_RESPONDING
Tue Dec 13 17:07:24.978 - [03308] RP1210_ClientConnect(0,1,'CAN:Baud=Auto',0,0,0): ERR_HARDWARE_NOT_RESPONDING
Tue Dec 13 17:07:24.985 - [03308] RP1210_ClientConnect(0,1,'CAN:Baud=Auto',0,0,0): ERR_HARDWARE_NOT_RESPONDING
Tue Dec 13 17:07:24.991 - [03308] RP1210_ClientConnect(0,1,'CAN:Baud=Auto',0,0,0): ERR_HARDWARE_NOT_RESPONDING
Tue Dec 13 17:07:25.000 - [03308] RP1210_ClientConnect(0,1,'CAN:Baud=Auto',0,0,0): ERR_HARDWARE_NOT_RESPONDING
Tue Dec 13 17:07:25.005 - [03308] RP1210_ClientConnect(0,1,'CAN:Baud=Auto',0,0,0): ERR_HARDWARE_NOT_RESPONDING
Tue Dec 13 17:07:25.011 - [03308] RP1210_ClientConnect(0,1,'CAN:Baud=Auto',0,0,0): ERR_HARDWARE_NOT_RESPONDING
Tue Dec 13 17:07:25.017 - [03308] RP1210_ClientConnect(0,1,'CAN:Baud=Auto',0,0,0): ERR_HARDWARE_NOT_RESPONDING
Tue Dec 13 17:07:25.023 - [03308] RP1210_ClientConnect(0,1,'CAN:Baud=Auto',0,0,0): ERR_HARDWARE_NOT_RESPONDING
Tue Dec 13 17:07:25.031 - [03308] RP1210_ClientConnect(0,1,'CAN:Baud=Auto',0,0,0): ERR_HARDWARE_NOT_RESPONDING
Tue Dec 13 17:07:25.037 - [03308] RP1210_ClientConnect(0,1,'CAN:Baud=Auto',0,0,0): ERR_HARDWARE_NOT_RESPONDING
Tue Dec 13 17:07:25.042 - [03308] RP1210_ClientConnect(0,1,'CAN:Baud=Auto',0,0,0): ERR_HARDWARE_NOT_RESPONDING
Tue Dec 13 17:07:25.050 - [03308] RP1210_ClientConnect(0,1,'CAN:Baud=Auto',0,0,0): ERR_HARDWARE_NOT_RESPONDING
Tue Dec 13 17:07:25.055 - [03308] RP1210_ClientConnect(0,1,'CAN:Baud=Auto',0,0,0): ERR_HARDWARE_NOT_RESPONDING
Tue Dec 13 17:07:25.063 - [03308] RP1210_ClientConnect(0,1,'CAN:Baud=Auto',0,0,0): ERR_HARDWARE_NOT_RESPONDING
Tue Dec 13 17:07:25.067 - [03308] RP1210_ClientConnect(0,1,'CAN:Baud=Auto',0,0,0): ERR_HARDWARE_NOT_RESPONDING
Tue Dec 13 17:07:25.073 - [03308] RP1210_ClientConnect(0,1,'CAN:Baud=Auto',0,0,0): ERR_HARDWARE_NOT_RESPONDING
Tue Dec 13 17:07:25.082 - [03308] RP1210_ClientConnect(0,1,'CAN:Baud=Auto',0,0,0): ERR_HARDWARE_NOT_RESPONDING
Tue Dec 13 17:07:25.087 - [03308] RP1210_ClientConnect(0,1,'CAN:Baud=Auto',0,0,0): ERR_HARDWARE_NOT_RESPONDING
Tue Dec 13 17:07:25.093 - [03308] RP1210_ClientConnect(0,1,'CAN:Baud=Auto',0,0,0): ERR_HARDWARE_NOT_RESPONDING
Tue Dec 13 17:07:25.099 - [03308] RP1210_ClientConnect(0,1,'CAN:Baud=Auto',0,0,0): ERR_HARDWARE_NOT_RESPONDING
Tue Dec 13 17:07:25.104 - [03308] RP1210_ClientConnect(0,1,'CAN:Baud=Auto',0,0,0): ERR_HARDWARE_NOT_RESPONDING
Tue Dec 13 17:07:25.109 - [03308] RP1210_ClientConnect(0,1,'CAN:Baud=Auto',0,0,0): ERR_HARDWARE_NOT_RESPONDING
Tue Dec 13 17:07:25.115 - [03308] RP1210_ClientConnect(0,1,'CAN:Baud=Auto',0,0,0): ERR_HARDWARE_NOT_RESPONDING
Tue Dec 13 17:07:25.120 - [03308] RP1210_ClientConnect(0,1,'CAN:Baud=Auto',0,0,0): ERR_HARDWARE_NOT_RESPONDING
Tue Dec 13 17:07:25.126 - [03308] RP1210_ClientConnect(0,1,'CAN:Baud=Auto',0,0,0): ERR_HARDWARE_NOT_RESPONDING
Tue Dec 13 17:07:25.134 - [03308] RP1210_ClientConnect(0,1,'CAN:Baud=Auto',0,0,0): ERR_HARDWARE_NOT_RESPONDING
Tue Dec 13 17:07:25.139 - [03308] RP1210_ClientConnect(0,1,'CAN:Baud=Auto',0,0,0): ERR_HARDWARE_NOT_RESPONDING
Tue Dec 13 17:07:25.146 - [03308] RP1210_ClientConnect(0,1,'CAN:Baud=Auto',0,0,0): ERR_HARDWARE_NOT_RESPONDING
Tue Dec 13 17:07:25.152 - [03308] RP1210_ClientConnect(0,1,'CAN:Baud=Auto',0,0,0): ERR_HARDWARE_NOT_RESPONDING
Tue Dec 13 17:07:25.158 - [03308] RP1210_ClientConnect(0,1,'CAN:Baud=Auto',0,0,0): ERR_HARDWARE_NOT_RESPONDING
Tue Dec 13 17:07:25.166 - [03308] RP1210_ClientConnect(0,1,'CAN:Baud=Auto',0,0,0): ERR_HARDWARE_NOT_RESPONDING
Tue Dec 13 17:07:25.171 - [03308] RP1210_ClientConnect(0,1,'CAN:Baud=Auto',0,0,0): ERR_HARDWARE_NOT_RESPONDING
Tue Dec 13 17:07:25.178 - [03308] RP1210_ClientConnect(0,1,'CAN:Baud=Auto',0,0,0): ERR_HARDWARE_NOT_RESPONDING
Tue Dec 13 17:07:25.184 - [03308] RP1210_ClientConnect(0,1,'CAN:Baud=Auto',0,0,0): ERR_HARDWARE_NOT_RESPONDING
Tue Dec 13 17:07:25.189 - [03308] RP1210_ClientConnect(0,1,'CAN:Baud=Auto',0,0,0): ERR_HARDWARE_NOT_RESPONDING
Tue Dec 13 17:07:25.195 - [03308] RP1210_ClientConnect(0,1,'CAN:Baud=Auto',0,0,0): ERR_HARDWARE_NOT_RESPONDING
Tue Dec 13 17:07:25.200 - [03308] RP1210_ClientConnect(0,1,'CAN:Baud=Auto',0,0,0): ERR_HARDWARE_NOT_RESPONDING
Tue Dec 13 17:07:25.204 - [03308] RP1210_ClientConnect(0,1,'CAN:Baud=Auto',0,0,0): ERR_HARDWARE_NOT_RESPONDING
Tue Dec 13 17:07:25.209 - [03308] RP1210_ClientConnect(0,1,'CAN:Baud=Auto',0,0,0): ERR_HARDWARE_NOT_RESPONDING
Tue Dec 13 17:07:25.216 - [03308] RP1210_ClientConnect(0,1,'CAN:Baud=Auto',0,0,0): ERR_HARDWARE_NOT_RESPONDING
Tue Dec 13 17:07:25.221 - [03308] RP1210_ClientConnect(0,1,'CAN:Baud=Auto',0,0,0): ERR_HARDWARE_NOT_RESPONDING
Tue Dec 13 17:07:25.226 - [03308] RP1210_ClientConnect(0,1,'CAN:Baud=Auto',0,0,0): ERR_HARDWARE_NOT_RESPONDING
Tue Dec 13 17:07:25.232 - [03308] RP1210_ClientConnect(0,1,'CAN:Baud=Auto',0,0,0): ERR_HARDWARE_NOT_RESPONDING
Tue Dec 13 17:07:25.238 - [03308] RP1210_ClientConnect(0,1,'CAN:Baud=Auto',0,0,0): ERR_HARDWARE_NOT_RESPONDING
Tue Dec 13 17:07:25.244 - [03308] RP1210_ClientConnect(0,1,'CAN:Baud=Auto',0,0,0): ERR_HARDWARE_NOT_RESPONDING
Tue Dec 13 17:07:25.252 - [03308] RP1210_ClientConnect(0,1,'CAN:Baud=Auto',0,0,0): ERR_HARDWARE_NOT_RESPONDING
Tue Dec 13 17:07:25.257 - [03308] RP1210_ClientConnect(0,1,'CAN:Baud=Auto',0,0,0): ERR_HARDWARE_NOT_RESPONDING
Tue Dec 13 17:07:25.264 - [03308] RP1210_ClientConnect(0,1,'CAN:Baud=Auto',0,0,0): ERR_HARDWARE_NOT_RESPONDING
Tue Dec 13 17:07:25.269 - [03308] RP1210_ClientConnect(0,1,'CAN:Baud=Auto',0,0,0): ERR_HARDWARE_NOT_RESPONDING
Tue Dec 13 17:07:25.274 - [03308] RP1210_ClientConnect(0,1,'CAN:Baud=Auto',0,0,0): ERR_HARDWARE_NOT_RESPONDING
Tue Dec 13 17:07:25.280 - [03308] RP1210_ClientConnect(0,1,'CAN:Baud=Auto',0,0,0): ERR_HARDWARE_NOT_RESPONDING
Tue Dec 13 17:07:25.285 - [03308] RP1210_ClientConnect(0,1,'CAN:Baud=Auto',0,0,0): ERR_HARDWARE_NOT_RESPONDING
Tue Dec 13 17:07:25.291 - [03308] RP1210_ClientConnect(0,1,'CAN:Baud=Auto',0,0,0): ERR_HARDWARE_NOT_RESPONDING
Tue Dec 13 17:07:25.298 - [03308] RP1210_ClientConnect(0,1,'CAN:Baud=Auto',0,0,0): ERR_HARDWARE_NOT_RESPONDING
Tue Dec 13 17:07:25.303 - [03308] RP1210_ClientConnect(0,1,'CAN:Baud=Auto',0,0,0): ERR_HARDWARE_NOT_RESPONDING
Tue Dec 13 17:07:25.309 - [03308] RP1210_ClientConnect(0,1,'CAN:Baud=Auto',0,0,0): ERR_HARDWARE_NOT_RESPONDING
Tue Dec 13 17:07:25.316 - [03308] RP1210_ClientConnect(0,1,'CAN:Baud=Auto',0,0,0): ERR_HARDWARE_NOT_RESPONDING
Tue Dec 13 17:07:25.321 - [03308] RP1210_ClientConnect(0,1,'CAN:Baud=Auto',0,0,0): ERR_HARDWARE_NOT_RESPONDING
Tue Dec 13 17:07:25.325 - [03308] RP1210_ClientConnect(0,1,'CAN:Baud=Auto',0,0,0): ERR_HARDWARE_NOT_RESPONDING
Tue Dec 13 17:07:25.332 - [03308] RP1210_ClientConnect(0,1,'CAN:Baud=Auto',0,0,0): ERR_HARDWARE_NOT_RESPONDING
Tue Dec 13 17:07:25.337 - [03308] RP1210_ClientConnect(0,1,'CAN:Baud=Auto',0,0,0): ERR_HARDWARE_NOT_RESPONDING
Tue Dec 13 17:07:25.342 - [03308] RP1210_ClientConnect(0,1,'CAN:Baud=Auto',0,0,0): ERR_HARDWARE_NOT_RESPONDING
Tue Dec 13 17:07:25.349 - [03308] RP1210_ClientConnect(0,1,'CAN:Baud=Auto',0,0,0): ERR_HARDWARE_NOT_RESPONDING
Tue Dec 13 17:07:25.353 - [03308] RP1210_ClientConnect(0,1,'CAN:Baud=Auto',0,0,0): ERR_HARDWARE_NOT_RESPONDING
Tue Dec 13 17:07:25.358 - [03308] RP1210_ClientConnect(0,1,'CAN:Baud=Auto',0,0,0): ERR_HARDWARE_NOT_RESPONDING
Tue Dec 13 17:07:25.365 - [03308] RP1210_ClientConnect(0,1,'CAN:Baud=Auto',0,0,0): ERR_HARDWARE_NOT_RESPONDING
Tue Dec 13 17:07:25.370 - [03308] RP1210_ClientConnect(0,1,'CAN:Baud=Auto',0,0,0): ERR_HARDWARE_NOT_RESPONDING
Tue Dec 13 17:07:25.374 - [03308] RP1210_ClientConnect(0,1,'CAN:Baud=Auto',0,0,0): ERR_HARDWARE_NOT_RESPONDING
Tue Dec 13 17:07:25.381 - [03308] RP1210_ClientConnect(0,1,'CAN:Baud=Auto',0,0,0): ERR_HARDWARE_NOT_RESPONDING
Tue Dec 13 17:07:25.386 - [03308] RP1210_ClientConnect(0,1,'CAN:Baud=Auto',0,0,0): ERR_HARDWARE_NOT_RESPONDING
Tue Dec 13 17:07:25.391 - [03308] RP1210_ClientConnect(0,1,'CAN:Baud=Auto',0,0,0): ERR_HARDWARE_NOT_RESPONDING
Tue Dec 13 17:07:25.397 - [03308] RP1210_ClientConnect(0,1,'CAN:Baud=Auto',0,0,0): ERR_HARDWARE_NOT_RESPONDING
Tue Dec 13 17:07:25.402 - [03308] RP1210_ClientConnect(0,1,'CAN:Baud=Auto',0,0,0): ERR_HARDWARE_NOT_RESPONDING
Tue Dec 13 17:07:25.407 - [03308] RP1210_ClientConnect(0,1,'CAN:Baud=Auto',0,0,0): ERR_HARDWARE_NOT_RESPONDING
Tue Dec 13 17:07:25.413 - [03308] RP1210_ClientConnect(0,1,'CAN:Baud=Auto',0,0,0): ERR_HARDWARE_NOT_RESPONDING
Tue Dec 13 17:07:25.418 - [03308] RP1210_ClientConnect(0,1,'CAN:Baud=Auto',0,0,0): ERR_HARDWARE_NOT_RESPONDING
Tue Dec 13 17:07:25.423 - [03308] RP1210_ClientConnect(0,1,'CAN:Baud=Auto',0,0,0): ERR_HARDWARE_NOT_RESPONDING
Tue Dec 13 17:07:25.428 - [03308] RP1210_ClientConnect(0,1,'CAN:Baud=Auto',0,0,0): ERR_HARDWARE_NOT_RESPONDING
Tue Dec 13 17:07:25.433 - [03308] RP1210_ClientConnect(0,1,'CAN:Baud=Auto',0,0,0): ERR_HARDWARE_NOT_RESPONDING
Tue Dec 13 17:07:25.439 - [03308] RP1210_ClientConnect(0,1,'CAN:Baud=Auto',0,0,0): ERR_HARDWARE_NOT_RESPONDING
Tue Dec 13 17:07:25.444 - [03308] RP1210_ClientConnect(0,1,'CAN:Baud=Auto',0,0,0): ERR_HARDWARE_NOT_RESPONDING
Tue Dec 13 17:07:25.449 - [03308] RP1210_ClientConnect(0,1,'CAN:Baud=Auto',0,0,0): ERR_HARDWARE_NOT_RESPONDING
Tue Dec 13 17:07:25.454 - [03308] RP1210_ClientConnect(0,1,'CAN:Baud=Auto',0,0,0): ERR_HARDWARE_NOT_RESPONDING
Tue Dec 13 17:07:25.459 - [03308] RP1210_ClientConnect(0,1,'CAN:Baud=Auto',0,0,0): ERR_HARDWARE_NOT_RESPONDING
Tue Dec 13 17:07:25.466 - [03308] RP1210_ClientConnect(0,1,'CAN:Baud=Auto',0,0,0): ERR_HARDWARE_NOT_RESPONDING
Tue Dec 13 17:07:25.471 - [03308] RP1210_ClientConnect(0,1,'CAN:Baud=Auto',0,0,0): ERR_HARDWARE_NOT_RESPONDING
Tue Dec 13 17:07:25.476 - [03308] RP1210_ClientConnect(0,1,'CAN:Baud=Auto',0,0,0): ERR_HARDWARE_NOT_RESPONDING
Tue Dec 13 17:07:25.483 - [03308] RP1210_ClientConnect(0,1,'CAN:Baud=Auto',0,0,0): ERR_HARDWARE_NOT_RESPONDING
Tue Dec 13 17:07:25.488 - [03308] RP1210_ClientConnect(0,1,'CAN:Baud=Auto',0,0,0): ERR_HARDWARE_NOT_RESPONDING
Tue Dec 13 17:07:25.494 - [03308] RP1210_ClientConnect(0,1,'CAN:Baud=Auto',0,0,0): ERR_HARDWARE_NOT_RESPONDING
Tue Dec 13 17:07:25.499 - [03308] RP1210_ClientConnect(0,1,'CAN:Baud=Auto',0,0,0): ERR_HARDWARE_NOT_RESPONDING
Tue Dec 13 17:07:25.504 - [03308] RP1210_ClientConnect(0,1,'CAN:Baud=Auto',0,0,0): ERR_HARDWARE_NOT_RESPONDING
Tue Dec 13 17:07:25.509 - [03308] RP1210_ClientConnect(0,1,'CAN:Baud=Auto',0,0,0): ERR_HARDWARE_NOT_RESPONDING
Tue Dec 13 17:07:25.519 - [03308] RP1210_ClientConnect(0,1,'CAN:Baud=Auto',0,0,0): ERR_HARDWARE_NOT_RESPONDING
Tue Dec 13 17:07:25.524 - [03308] RP1210_ClientConnect(0,1,'CAN:Baud=Auto',0,0,0): ERR_HARDWARE_NOT_RESPONDING
Tue Dec 13 17:07:25.530 - [03308] RP1210_ClientConnect(0,1,'CAN:Baud=Auto',0,0,0): ERR_HARDWARE_NOT_RESPONDING
Tue Dec 13 17:07:25.537 - [03308] RP1210_ClientConnect(0,1,'CAN:Baud=Auto',0,0,0): ERR_HARDWARE_NOT_RESPONDING
Tue Dec 13 17:07:25.545 - [03308] RP1210_ClientConnect(0,1,'CAN:Baud=Auto',0,0,0): ERR_HARDWARE_NOT_RESPONDING
Tue Dec 13 17:07:25.550 - [03308] RP1210_ClientConnect(0,1,'CAN:Baud=Auto',0,0,0): ERR_HARDWARE_NOT_RESPONDING
Tue Dec 13 17:07:25.555 - [03308] RP1210_ClientConnect(0,1,'CAN:Baud=Auto',0,0,0): ERR_HARDWARE_NOT_RESPONDING
Tue Dec 13 17:07:25.565 - [03308] RP1210_ClientConnect(0,1,'CAN:Baud=Auto',0,0,0): ERR_HARDWARE_NOT_RESPONDING
Tue Dec 13 17:07:25.586 - [03308] RP1210_ClientConnect(0,1,'CAN:Baud=Auto',0,0,0): ERR_HARDWARE_NOT_RESPONDING
Tue Dec 13 17:07:25.596 - [03308] RP1210_ClientConnect(0,1,'CAN:Baud=Auto',0,0,0): ERR_HARDWARE_NOT_RESPONDING
Tue Dec 13 17:07:25.617 - [03308] RP1210_ClientConnect(0,1,'CAN:Baud=Auto',0,0,0): ERR_HARDWARE_NOT_RESPONDING
Tue Dec 13 17:07:25.632 - [03308] RP1210_ClientConnect(0,1,'CAN:Baud=Auto',0,0,0): ERR_HARDWARE_NOT_RESPONDING
Tue Dec 13 17:07:25.638 - [03308] RP1210_ClientConnect(0,1,'CAN:Baud=Auto',0,0,0): ERR_HARDWARE_NOT_RESPONDING
Tue Dec 13 17:07:25.648 - [03308] RP1210_ClientConnect(0,1,'CAN:Baud=Auto',0,0,0): ERR_HARDWARE_NOT_RESPONDING
Tue Dec 13 17:07:25.660 - [03308] RP1210_ClientConnect(0,1,'CAN:Baud=Auto',0,0,0): ERR_HARDWARE_NOT_RESPONDING
Tue Dec 13 17:07:25.672 - [03308] RP1210_ClientConnect(0,1,'CAN:Baud=Auto',0,0,0): ERR_HARDWARE_NOT_RESPONDING
Tue Dec 13 17:07:25.679 - [03308] RP1210_ClientConnect(0,1,'CAN:Baud=Auto',0,0,0): ERR_HARDWARE_NOT_RESPONDING
Tue Dec 13 17:07:25.687 - [03308] RP1210_ClientConnect(0,1,'CAN:Baud=Auto',0,0,0): ERR_HARDWARE_NOT_RESPONDING
Tue Dec 13 17:07:25.695 - [03308] RP1210_ClientConnect(0,1,'CAN:Baud=Auto',0,0,0): ERR_HARDWARE_NOT_RESPONDING
Tue Dec 13 17:07:25.701 - [03308] RP1210_ClientConnect(0,1,'CAN:Baud=Auto',0,0,0): ERR_HARDWARE_NOT_RESPONDING
Tue Dec 13 17:07:25.706 - [03308] RP1210_ClientConnect(0,1,'CAN:Baud=Auto',0,0,0): ERR_HARDWARE_NOT_RESPONDING
Tue Dec 13 17:07:25.713 - [03308] RP1210_ClientConnect(0,1,'CAN:Baud=Auto',0,0,0): ERR_HARDWARE_NOT_RESPONDING
Tue Dec 13 17:07:25.720 - [03308] RP1210_ClientConnect(0,1,'CAN:Baud=Auto',0,0,0): ERR_HARDWARE_NOT_RESPONDING
Tue Dec 13 17:07:25.730 - [03308] RP1210_ClientConnect(0,1,'CAN:Baud=Auto',0,0,0): ERR_HARDWARE_NOT_RESPONDING
Tue Dec 13 17:07:25.737 - [03308] RP1210_ClientConnect(0,1,'CAN:Baud=Auto',0,0,0): ERR_HARDWARE_NOT_RESPONDING
Tue Dec 13 17:07:25.742 - [03308] RP1210_ClientConnect(0,1,'CAN:Baud=Auto',0,0,0): ERR_HARDWARE_NOT_RESPONDING
Tue Dec 13 17:07:25.768 - [03308] RP1210_ClientConnect(0,1,'CAN:Baud=Auto',0,0,0): ERR_HARDWARE_NOT_RESPONDING
Tue Dec 13 17:07:25.774 - [03308] RP1210_ClientConnect(0,1,'CAN:Baud=Auto',0,0,0): ERR_HARDWARE_NOT_RESPONDING
Tue Dec 13 17:07:25.782 - [03308] RP1210_ClientConnect(0,1,'CAN:Baud=Auto',0,0,0): ERR_HARDWARE_NOT_RESPONDING
Tue Dec 13 17:07:25.787 - [03308] RP1210_ClientConnect(0,1,'CAN:Baud=Auto',0,0,0): ERR_HARDWARE_NOT_RESPONDING
Tue Dec 13 17:07:25.792 - [03308] RP1210_ClientConnect(0,1,'CAN:Baud=Auto',0,0,0): ERR_HARDWARE_NOT_RESPONDING
Tue Dec 13 17:07:25.800 - [03308] RP1210_ClientConnect(0,1,'CAN:Baud=Auto',0,0,0): ERR_HARDWARE_NOT_RESPONDING
Tue Dec 13 17:07:25.805 - [03308] RP1210_ClientConnect(0,1,'CAN:Baud=Auto',0,0,0): ERR_HARDWARE_NOT_RESPONDING
Tue Dec 13 17:07:25.811 - [03308] RP1210_ClientConnect(0,1,'CAN:Baud=Auto',0,0,0): ERR_HARDWARE_NOT_RESPONDING
Tue Dec 13 17:07:25.818 - [03308] RP1210_ClientConnect(0,1,'CAN:Baud=Auto',0,0,0): ERR_HARDWARE_NOT_RESPONDING
Tue Dec 13 17:07:25.823 - [03308] RP1210_ClientConnect(0,1,'CAN:Baud=Auto',0,0,0): ERR_HARDWARE_NOT_RESPONDING
Tue Dec 13 17:07:25.830 - [03308] RP1210_ClientConnect(0,1,'CAN:Baud=Auto',0,0,0): ERR_HARDWARE_NOT_RESPONDING
Tue Dec 13 17:07:25.838 - [03308] RP1210_ClientConnect(0,1,'CAN:Baud=Auto',0,0,0): ERR_HARDWARE_NOT_RESPONDING
Tue Dec 13 17:07:25.846 - [03308] RP1210_ClientConnect(0,1,'CAN:Baud=Auto',0,0,0): ERR_HARDWARE_NOT_RESPONDING
Tue Dec 13 17:07:25.852 - [03308] RP1210_ClientConnect(0,1,'CAN:Baud=Auto',0,0,0): ERR_HARDWARE_NOT_RESPONDING
Tue Dec 13 17:07:25.857 - [03308] RP1210_ClientConnect(0,1,'CAN:Baud=Auto',0,0,0): ERR_HARDWARE_NOT_RESPONDING
Tue Dec 13 17:07:25.864 - [03308] RP1210_ClientConnect(0,1,'CAN:Baud=Auto',0,0,0): ERR_HARDWARE_NOT_RESPONDING
Tue Dec 13 17:07:25.870 - [03308] RP1210_ClientConnect(0,1,'CAN:Baud=Auto',0,0,0): ERR_HARDWARE_NOT_RESPONDING
Tue Dec 13 17:07:25.876 - [03308] RP1210_ClientConnect(0,1,'CAN:Baud=Auto',0,0,0): ERR_HARDWARE_NOT_RESPONDING
Tue Dec 13 17:07:25.883 - [03308] RP1210_ClientConnect(0,1,'CAN:Baud=Auto',0,0,0): ERR_HARDWARE_NOT_RESPONDING
Tue Dec 13 17:07:25.888 - [03308] RP1210_ClientConnect(0,1,'CAN:Baud=Auto',0,0,0): ERR_HARDWARE_NOT_RESPONDING
Tue Dec 13 17:07:25.895 - [03308] RP1210_ClientConnect(0,1,'CAN:Baud=Auto',0,0,0): ERR_HARDWARE_NOT_RESPONDING
Tue Dec 13 17:07:25.903 - [03308] RP1210_ClientConnect(0,1,'CAN:Baud=Auto',0,0,0): ERR_HARDWARE_NOT_RESPONDING
Tue Dec 13 17:07:25.908 - [03308] RP1210_ClientConnect(0,1,'CAN:Baud=Auto',0,0,0): ERR_HARDWARE_NOT_RESPONDING
Tue Dec 13 17:07:25.916 - [03308] RP1210_ClientConnect(0,1,'CAN:Baud=Auto',0,0,0): ERR_HARDWARE_NOT_RESPONDING
Tue Dec 13 17:07:25.922 - [03308] RP1210_ClientConnect(0,1,'CAN:Baud=Auto',0,0,0): ERR_HARDWARE_NOT_RESPONDING
Tue Dec 13 17:07:25.930 - [03308] RP1210_ClientConnect(0,1,'CAN:Baud=Auto',0,0,0): ERR_HARDWARE_NOT_RESPONDING
Tue Dec 13 17:07:25.937 - [03308] RP1210_ClientConnect(0,1,'CAN:Baud=Auto',0,0,0): ERR_HARDWARE_NOT_RESPONDING
Tue Dec 13 17:07:25.943 - [03308] RP1210_ClientConnect(0,1,'CAN:Baud=Auto',0,0,0): ERR_HARDWARE_NOT_RESPONDING
Tue Dec 13 17:07:25.952 - [03308] RP1210_ClientConnect(0,1,'CAN:Baud=Auto',0,0,0): ERR_HARDWARE_NOT_RESPONDING
Tue Dec 13 17:07:25.957 - [03308] RP1210_ClientConnect(0,1,'CAN:Baud=Auto',0,0,0): ERR_HARDWARE_NOT_RESPONDING
Tue Dec 13 17:07:25.966 - [03308] RP1210_ClientConnect(0,1,'CAN:Baud=Auto',0,0,0): ERR_HARDWARE_NOT_RESPONDING
Tue Dec 13 17:07:25.972 - [03308] RP1210_ClientConnect(0,1,'CAN:Baud=Auto',0,0,0): ERR_HARDWARE_NOT_RESPONDING
Tue Dec 13 17:07:25.980 - [03308] RP1210_ClientConnect(0,1,'CAN:Baud=Auto',0,0,0): ERR_HARDWARE_NOT_RESPONDING
Tue Dec 13 17:07:25.986 - [03308] RP1210_ClientConnect(0,1,'CAN:Baud=Auto',0,0,0): ERR_HARDWARE_NOT_RESPONDING
Tue Dec 13 17:07:25.991 - [03308] RP1210_ClientConnect(0,1,'CAN:Baud=Auto',0,0,0): ERR_HARDWARE_NOT_RESPONDING
Tue Dec 13 17:07:25.999 - [03308] RP1210_ClientConnect(0,1,'CAN:Baud=Auto',0,0,0): ERR_HARDWARE_NOT_RESPONDING
Tue Dec 13 17:07:26.004 - [03308] RP1210_ClientConnect(0,1,'CAN:Baud=Auto',0,0,0): ERR_HARDWARE_NOT_RESPONDING
Tue Dec 13 17:07:26.009 - [03308] RP1210_ClientConnect(0,1,'CAN:Baud=Auto',0,0,0): ERR_HARDWARE_NOT_RESPONDING
Tue Dec 13 17:07:26.017 - [03308] RP1210_ClientConnect(0,1,'CAN:Baud=Auto',0,0,0): ERR_HARDWARE_NOT_RESPONDING
Tue Dec 13 17:07:26.022 - [03308] RP1210_ClientConnect(0,1,'CAN:Baud=Auto',0,0,0): ERR_HARDWARE_NOT_RESPONDING
Tue Dec 13 17:07:26.028 - [03308] RP1210_ClientConnect(0,1,'CAN:Baud=Auto',0,0,0): ERR_HARDWARE_NOT_RESPONDING
Tue Dec 13 17:07:26.035 - [03308] RP1210_ClientConnect(0,1,'CAN:Baud=Auto',0,0,0): ERR_HARDWARE_NOT_RESPONDING
Tue Dec 13 17:07:26.041 - [03308] RP1210_ClientConnect(0,1,'CAN:Baud=Auto',0,0,0): ERR_HARDWARE_NOT_RESPONDING
Tue Dec 13 17:07:26.049 - [03308] RP1210_ClientConnect(0,1,'CAN:Baud=Auto',0,0,0): ERR_HARDWARE_NOT_RESPONDING
Tue Dec 13 17:07:26.054 - [03308] RP1210_ClientConnect(0,1,'CAN:Baud=Auto',0,0,0): ERR_HARDWARE_NOT_RESPONDING
Tue Dec 13 17:07:26.060 - [03308] RP1210_ClientConnect(0,1,'CAN:Baud=Auto',0,0,0): ERR_HARDWARE_NOT_RESPONDING
Tue Dec 13 17:07:26.069 - [03308] RP1210_ClientConnect(0,1,'CAN:Baud=Auto',0,0,0): ERR_HARDWARE_NOT_RESPONDING
Tue Dec 13 17:07:26.075 - [03308] RP1210_ClientConnect(0,1,'CAN:Baud=Auto',0,0,0): ERR_HARDWARE_NOT_RESPONDING
Tue Dec 13 17:07:26.083 - [03308] RP1210_ClientConnect(0,1,'CAN:Baud=Auto',0,0,0): ERR_HARDWARE_NOT_RESPONDING
Tue Dec 13 17:07:26.089 - [03308] RP1210_ClientConnect(0,1,'CAN:Baud=Auto',0,0,0): ERR_HARDWARE_NOT_RESPONDING
Tue Dec 13 17:07:26.096 - [03308] RP1210_ClientConnect(0,1,'CAN:Baud=Auto',0,0,0): ERR_HARDWARE_NOT_RESPONDING
Tue Dec 13 17:07:26.104 - [03308] RP1210_ClientConnect(0,1,'CAN:Baud=Auto',0,0,0): ERR_HARDWARE_NOT_RESPONDING
Tue Dec 13 17:07:26.109 - [03308] RP1210_ClientConnect(0,1,'CAN:Baud=Auto',0,0,0): ERR_HARDWARE_NOT_RESPONDING
Tue Dec 13 17:07:26.119 - [03308] RP1210_ClientConnect(0,1,'CAN:Baud=Auto',0,0,0): ERR_HARDWARE_NOT_RESPONDING
Tue Dec 13 17:07:26.124 - [03308] RP1210_ClientConnect(0,1,'CAN:Baud=Auto',0,0,0): ERR_HARDWARE_NOT_RESPONDING
Tue Dec 13 17:07:26.132 - [03308] RP1210_ClientConnect(0,1,'CAN:Baud=Auto',0,0,0): ERR_HARDWARE_NOT_RESPONDING
Tue Dec 13 17:07:26.138 - [03308] RP1210_ClientConnect(0,1,'CAN:Baud=Auto',0,0,0): ERR_HARDWARE_NOT_RESPONDING
Tue Dec 13 17:07:26.143 - [03308] RP1210_ClientConnect(0,1,'CAN:Baud=Auto',0,0,0): ERR_HARDWARE_NOT_RESPONDING
Tue Dec 13 17:07:26.154 - [03308] RP1210_ClientConnect(0,1,'CAN:Baud=Auto',0,0,0): ERR_HARDWARE_NOT_RESPONDING
Tue Dec 13 17:07:26.160 - [03308] RP1210_ClientConnect(0,1,'CAN:Baud=Auto',0,0,0): ERR_HARDWARE_NOT_RESPONDING
Tue Dec 13 17:07:26.168 - [03308] RP1210_ClientConnect(0,1,'CAN:Baud=Auto',0,0,0): ERR_HARDWARE_NOT_RESPONDING
Tue Dec 13 17:07:26.176 - [03308] RP1210_ClientConnect(0,1,'CAN:Baud=Auto',0,0,0): ERR_HARDWARE_NOT_RESPONDING
Tue Dec 13 17:07:26.189 - [03308] RP1210_ClientConnect(0,1,'CAN:Baud=Auto',0,0,0): ERR_HARDWARE_NOT_RESPONDING
Tue Dec 13 17:07:26.197 - [03308] RP1210_ClientConnect(0,1,'CAN:Baud=Auto',0,0,0): ERR_HARDWARE_NOT_RESPONDING
Tue Dec 13 17:07:26.204 - [03308] RP1210_ClientConnect(0,1,'CAN:Baud=Auto',0,0,0): ERR_HARDWARE_NOT_RESPONDING
Tue Dec 13 17:07:26.209 - [03308] RP1210_ClientConnect(0,1,'CAN:Baud=Auto',0,0,0): ERR_HARDWARE_NOT_RESPONDING
Tue Dec 13 17:07:26.218 - [03308] RP1210_ClientConnect(0,1,'CAN:Baud=Auto',0,0,0): ERR_HARDWARE_NOT_RESPONDING
Tue Dec 13 17:07:26.223 - [03308] RP1210_ClientConnect(0,1,'CAN:Baud=Auto',0,0,0): ERR_HARDWARE_NOT_RESPONDING
Tue Dec 13 17:07:26.231 - [03308] RP1210_ClientConnect(0,1,'CAN:Baud=Auto',0,0,0): ERR_HARDWARE_NOT_RESPONDING
Tue Dec 13 17:07:26.238 - [03308] RP1210_ClientConnect(0,1,'CAN:Baud=Auto',0,0,0): ERR_HARDWARE_NOT_RESPONDING
Tue Dec 13 17:07:26.243 - [03308] RP1210_ClientConnect(0,1,'CAN:Baud=Auto',0,0,0): ERR_HARDWARE_NOT_RESPONDING
Tue Dec 13 17:07:26.253 - [03308] RP1210_ClientConnect(0,1,'CAN:Baud=Auto',0,0,0): ERR_HARDWARE_NOT_RESPONDING
Tue Dec 13 17:07:26.258 - [03308] RP1210_ClientConnect(0,1,'CAN:Baud=Auto',0,0,0): ERR_HARDWARE_NOT_RESPONDING
Tue Dec 13 17:07:26.267 - [03308] RP1210_ClientConnect(0,1,'CAN:Baud=Auto',0,0,0): ERR_HARDWARE_NOT_RESPONDING
Tue Dec 13 17:07:26.273 - [03308] RP1210_ClientConnect(0,1,'CAN:Baud=Auto',0,0,0): ERR_HARDWARE_NOT_RESPONDING
Tue Dec 13 17:07:26.281 - [03308] RP1210_ClientConnect(0,1,'CAN:Baud=Auto',0,0,0): ERR_HARDWARE_NOT_RESPONDING
Tue Dec 13 17:07:26.288 - [03308] RP1210_ClientConnect(0,1,'CAN:Baud=Auto',0,0,0): ERR_HARDWARE_NOT_RESPONDING
Tue Dec 13 17:07:26.293 - [03308] RP1210_ClientConnect(0,1,'CAN:Baud=Auto',0,0,0): ERR_HARDWARE_NOT_RESPONDING
Tue Dec 13 17:07:26.303 - [03308] RP1210_ClientConnect(0,1,'CAN:Baud=Auto',0,0,0): ERR_HARDWARE_NOT_RESPONDING
Tue Dec 13 17:07:26.309 - [03308] RP1210_ClientConnect(0,1,'CAN:Baud=Auto',0,0,0): ERR_HARDWARE_NOT_RESPONDING
Tue Dec 13 17:07:26.317 - [03308] RP1210_ClientConnect(0,1,'CAN:Baud=Auto',0,0,0): ERR_HARDWARE_NOT_RESPONDING
Tue Dec 13 17:07:26.323 - [03308] RP1210_ClientConnect(0,1,'CAN:Baud=Auto',0,0,0): ERR_HARDWARE_NOT_RESPONDING
Tue Dec 13 17:07:26.329 - [03308] RP1210_ClientConnect(0,1,'CAN:Baud=Auto',0,0,0): ERR_HARDWARE_NOT_RESPONDING
Tue Dec 13 17:07:26.335 - [03308] RP1210_ClientConnect(0,1,'CAN:Baud=Auto',0,0,0): ERR_HARDWARE_NOT_RESPONDING
Tue Dec 13 17:07:26.344 - [03308] RP1210_ClientConnect(0,1,'CAN:Baud=Auto',0,0,0): ERR_HARDWARE_NOT_RESPONDING
Tue Dec 13 17:07:26.352 - [03308] RP1210_ClientConnect(0,1,'CAN:Baud=Auto',0,0,0): ERR_HARDWARE_NOT_RESPONDING
Tue Dec 13 17:07:26.357 - [03308] RP1210_ClientConnect(0,1,'CAN:Baud=Auto',0,0,0): ERR_HARDWARE_NOT_RESPONDING
Tue Dec 13 17:07:26.364 - [03308] RP1210_ClientConnect(0,1,'CAN:Baud=Auto',0,0,0): ERR_HARDWARE_NOT_RESPONDING
Tue Dec 13 17:07:26.371 - [03308] RP1210_ClientConnect(0,1,'CAN:Baud=Auto',0,0,0): ERR_HARDWARE_NOT_RESPONDING
Tue Dec 13 17:07:26.376 - [03308] RP1210_ClientConnect(0,1,'CAN:Baud=Auto',0,0,0): ERR_HARDWARE_NOT_RESPONDING
Tue Dec 13 17:07:26.383 - [03308] RP1210_ClientConnect(0,1,'CAN:Baud=Auto',0,0,0): ERR_HARDWARE_NOT_RESPONDING
Tue Dec 13 17:07:26.389 - [03308] RP1210_ClientConnect(0,1,'CAN:Baud=Auto',0,0,0): ERR_HARDWARE_NOT_RESPONDING
Tue Dec 13 17:07:26.394 - [03308] RP1210_ClientConnect(0,1,'CAN:Baud=Auto',0,0,0): ERR_HARDWARE_NOT_RESPONDING
Tue Dec 13 17:07:26.402 - [03308] RP1210_ClientConnect(0,1,'CAN:Baud=Auto',0,0,0): ERR_HARDWARE_NOT_RESPONDING
Tue Dec 13 17:07:26.407 - [03308] RP1210_ClientConnect(0,1,'CAN:Baud=Auto',0,0,0): ERR_HARDWARE_NOT_RESPONDING
Tue Dec 13 17:07:26.413 - [03308] RP1210_ClientConnect(0,1,'CAN:Baud=Auto',0,0,0): ERR_HARDWARE_NOT_RESPONDING
Tue Dec 13 17:07:26.419 - [03308] RP1210_ClientConnect(0,1,'CAN:Baud=Auto',0,0,0): ERR_HARDWARE_NOT_RESPONDING
Tue Dec 13 17:07:26.424 - [03308] RP1210_ClientConnect(0,1,'CAN:Baud=Auto',0,0,0): ERR_HARDWARE_NOT_RESPONDING
Tue Dec 13 17:07:26.432 - [03308] RP1210_ClientConnect(0,1,'CAN:Baud=Auto',0,0,0): ERR_HARDWARE_NOT_RESPONDING
Tue Dec 13 17:07:26.438 - [03308] RP1210_ClientConnect(0,1,'CAN:Baud=Auto',0,0,0): ERR_HARDWARE_NOT_RESPONDING
Tue Dec 13 17:07:26.443 - [03308] RP1210_ClientConnect(0,1,'CAN:Baud=Auto',0,0,0): ERR_HARDWARE_NOT_RESPONDING
Tue Dec 13 17:07:26.451 - [03308] RP1210_ClientConnect(0,1,'CAN:Baud=Auto',0,0,0): ERR_HARDWARE_NOT_RESPONDING
Tue Dec 13 17:07:26.456 - [03308] RP1210_ClientConnect(0,1,'CAN:Baud=Auto',0,0,0): ERR_HARDWARE_NOT_RESPONDING
Tue Dec 13 17:07:26.463 - [03308] RP1210_ClientConnect(0,1,'CAN:Baud=Auto',0,0,0): ERR_HARDWARE_NOT_RESPONDING
Tue Dec 13 17:07:26.470 - [03308] RP1210_ClientConnect(0,1,'CAN:Baud=Auto',0,0,0): ERR_HARDWARE_NOT_RESPONDING
Tue Dec 13 17:07:26.476 - [03308] RP1210_ClientConnect(0,1,'CAN:Baud=Auto',0,0,0): ERR_HARDWARE_NOT_RESPONDING
Tue Dec 13 17:07:26.486 - [03308] RP1210_ClientConnect(0,1,'CAN:Baud=Auto',0,0,0): ERR_HARDWARE_NOT_RESPONDING
Tue Dec 13 17:07:26.492 - [03308] RP1210_ClientConnect(0,1,'CAN:Baud=Auto',0,0,0): ERR_HARDWARE_NOT_RESPONDING
Tue Dec 13 17:07:26.501 - [03308] RP1210_ClientConnect(0,1,'CAN:Baud=Auto',0,0,0): ERR_HARDWARE_NOT_RESPONDING
Tue Dec 13 17:07:26.507 - [03308] RP1210_ClientConnect(0,1,'CAN:Baud=Auto',0,0,0): ERR_HARDWARE_NOT_RESPONDING
Tue Dec 13 17:07:26.514 - [03308] RP1210_ClientConnect(0,1,'CAN:Baud=Auto',0,0,0): ERR_HARDWARE_NOT_RESPONDING
Tue Dec 13 17:07:26.521 - [03308] RP1210_ClientConnect(0,1,'CAN:Baud=Auto',0,0,0): ERR_HARDWARE_NOT_RESPONDING
Tue Dec 13 17:07:26.526 - [03308] RP1210_ClientConnect(0,1,'CAN:Baud=Auto',0,0,0): ERR_HARDWARE_NOT_RESPONDING
Tue Dec 13 17:07:26.534 - [03308] RP1210_ClientConnect(0,1,'CAN:Baud=Auto',0,0,0): ERR_HARDWARE_NOT_RESPONDING
Tue Dec 13 17:07:26.541 - [03308] RP1210_ClientConnect(0,1,'CAN:Baud=Auto',0,0,0): ERR_HARDWARE_NOT_RESPONDING
Tue Dec 13 17:07:26.552 - [03308] RP1210_ClientConnect(0,1,'CAN:Baud=Auto',0,0,0): ERR_HARDWARE_NOT_RESPONDING
Tue Dec 13 17:07:26.559 - [03308] RP1210_ClientConnect(0,1,'CAN:Baud=Auto',0,0,0): ERR_HARDWARE_NOT_RESPONDING
Tue Dec 13 17:07:26.568 - [03308] RP1210_ClientConnect(0,1,'CAN:Baud=Auto',0,0,0): ERR_HARDWARE_NOT_RESPONDING
Tue Dec 13 17:07:26.574 - [03308] RP1210_ClientConnect(0,1,'CAN:Baud=Auto',0,0,0): ERR_HARDWARE_NOT_RESPONDING
Tue Dec 13 17:07:26.584 - [03308] RP1210_ClientConnect(0,1,'CAN:Baud=Auto',0,0,0): ERR_HARDWARE_NOT_RESPONDING
Tue Dec 13 17:07:26.590 - [03308] RP1210_ClientConnect(0,1,'CAN:Baud=Auto',0,0,0): ERR_HARDWARE_NOT_RESPONDING
Tue Dec 13 17:07:26.602 - [03308] RP1210_ClientConnect(0,1,'CAN:Baud=Auto',0,0,0): ERR_HARDWARE_NOT_RESPONDING
Tue Dec 13 17:07:26.608 - [03308] RP1210_ClientConnect(0,1,'CAN:Baud=Auto',0,0,0): ERR_HARDWARE_NOT_RESPONDING
Tue Dec 13 17:07:26.620 - [03308] RP1210_ClientConnect(0,1,'CAN:Baud=Auto',0,0,0): ERR_HARDWARE_NOT_RESPONDING
Tue Dec 13 17:07:26.626 - [03308] RP1210_ClientConnect(0,1,'CAN:Baud=Auto',0,0,0): ERR_HARDWARE_NOT_RESPONDING
Tue Dec 13 17:07:26.638 - [03308] RP1210_ClientConnect(0,1,'CAN:Baud=Auto',0,0,0): ERR_HARDWARE_NOT_RESPONDING
Tue Dec 13 17:07:26.644 - [03308] RP1210_ClientConnect(0,1,'CAN:Baud=Auto',0,0,0): ERR_HARDWARE_NOT_RESPONDING
Tue Dec 13 17:07:26.656 - [03308] RP1210_ClientConnect(0,1,'CAN:Baud=Auto',0,0,0): ERR_HARDWARE_NOT_RESPONDING
Tue Dec 13 17:07:26.667 - [03308] RP1210_ClientConnect(0,1,'CAN:Baud=Auto',0,0,0): ERR_HARDWARE_NOT_RESPONDING
Tue Dec 13 17:07:26.673 - [03308] RP1210_ClientConnect(0,1,'CAN:Baud=Auto',0,0,0): ERR_HARDWARE_NOT_RESPONDING
Tue Dec 13 17:07:26.680 - [03308] RP1210_ClientConnect(0,1,'CAN:Baud=Auto',0,0,0): ERR_HARDWARE_NOT_RESPONDING
Tue Dec 13 17:07:26.688 - [03308] RP1210_ClientConnect(0,1,'CAN:Baud=Auto',0,0,0): ERR_HARDWARE_NOT_RESPONDING
Tue Dec 13 17:07:26.693 - [03308] RP1210_ClientConnect(0,1,'CAN:Baud=Auto',0,0,0): ERR_HARDWARE_NOT_RESPONDING
Tue Dec 13 17:07:26.703 - [03308] RP1210_ClientConnect(0,1,'CAN:Baud=Auto',0,0,0): ERR_HARDWARE_NOT_RESPONDING
Tue Dec 13 17:07:26.708 - [03308] RP1210_ClientConnect(0,1,'CAN:Baud=Auto',0,0,0): ERR_HARDWARE_NOT_RESPONDING
Tue Dec 13 17:07:26.717 - [03308] RP1210_ClientConnect(0,1,'CAN:Baud=Auto',0,0,0): ERR_HARDWARE_NOT_RESPONDING
Tue Dec 13 17:07:26.724 - [03308] RP1210_ClientConnect(0,1,'CAN:Baud=Auto',0,0,0): ERR_HARDWARE_NOT_RESPONDING
Tue Dec 13 17:07:26.731 - [03308] RP1210_ClientConnect(0,1,'CAN:Baud=Auto',0,0,0): ERR_HARDWARE_NOT_RESPONDING
Tue Dec 13 17:07:26.737 - [03308] RP1210_ClientConnect(0,1,'CAN:Baud=Auto',0,0,0): ERR_HARDWARE_NOT_RESPONDING
Tue Dec 13 17:07:26.742 - [03308] RP1210_ClientConnect(0,1,'CAN:Baud=Auto',0,0,0): ERR_HARDWARE_NOT_RESPONDING
Tue Dec 13 17:07:26.748 - [03308] RP1210_ClientConnect(0,1,'CAN:Baud=Auto',0,0,0): ERR_HARDWARE_NOT_RESPONDING
Tue Dec 13 17:07:26.754 - [03308] RP1210_ClientConnect(0,1,'CAN:Baud=Auto',0,0,0): ERR_HARDWARE_NOT_RESPONDING
Tue Dec 13 17:07:26.759 - [03308] RP1210_ClientConnect(0,1,'CAN:Baud=Auto',0,0,0): ERR_HARDWARE_NOT_RESPONDING
Tue Dec 13 17:07:26.766 - [03308] RP1210_ClientConnect(0,1,'CAN:Baud=Auto',0,0,0): ERR_HARDWARE_NOT_RESPONDING
Tue Dec 13 17:07:26.771 - [03308] RP1210_ClientConnect(0,1,'CAN:Baud=Auto',0,0,0): ERR_HARDWARE_NOT_RESPONDING
Tue Dec 13 17:07:26.776 - [03308] RP1210_ClientConnect(0,1,'CAN:Baud=Auto',0,0,0): ERR_HARDWARE_NOT_RESPONDING
Tue Dec 13 17:07:26.785 - [03308] RP1210_ClientConnect(0,1,'CAN:Baud=Auto',0,0,0): ERR_HARDWARE_NOT_RESPONDING
Tue Dec 13 17:07:26.790 - [03308] RP1210_ClientConnect(0,1,'CAN:Baud=Auto',0,0,0): ERR_HARDWARE_NOT_RESPONDING
Tue Dec 13 17:07:26.794 - [03308] RP1210_ClientConnect(0,1,'CAN:Baud=Auto',0,0,0): ERR_HARDWARE_NOT_RESPONDING
Tue Dec 13 17:07:26.802 - [03308] RP1210_ClientConnect(0,1,'CAN:Baud=Auto',0,0,0): ERR_HARDWARE_NOT_RESPONDING
Tue Dec 13 17:07:26.807 - [03308] RP1210_ClientConnect(0,1,'CAN:Baud=Auto',0,0,0): ERR_HARDWARE_NOT_RESPONDING
Tue Dec 13 17:07:26.813 - [03308] RP1210_ClientConnect(0,1,'CAN:Baud=Auto',0,0,0): ERR_HARDWARE_NOT_RESPONDING
Tue Dec 13 17:07:26.819 - [03308] RP1210_ClientConnect(0,1,'CAN:Baud=Auto',0,0,0): ERR_HARDWARE_NOT_RESPONDING
Tue Dec 13 17:07:26.824 - [03308] RP1210_ClientConnect(0,1,'CAN:Baud=Auto',0,0,0): ERR_HARDWARE_NOT_RESPONDING
Tue Dec 13 17:07:26.830 - [03308] RP1210_ClientConnect(0,1,'CAN:Baud=Auto',0,0,0): ERR_HARDWARE_NOT_RESPONDING
Tue Dec 13 17:07:26.837 - [03308] RP1210_ClientConnect(0,1,'CAN:Baud=Auto',0,0,0): ERR_HARDWARE_NOT_RESPONDING
Tue Dec 13 17:07:26.844 - [03308] RP1210_ClientConnect(0,1,'CAN:Baud=Auto',0,0,0): ERR_HARDWARE_NOT_RESPONDING
Tue Dec 13 17:07:26.852 - [03308] RP1210_ClientConnect(0,1,'CAN:Baud=Auto',0,0,0): ERR_HARDWARE_NOT_RESPONDING
Tue Dec 13 17:07:26.857 - [03308] RP1210_ClientConnect(0,1,'CAN:Baud=Auto',0,0,0): ERR_HARDWARE_NOT_RESPONDING
Tue Dec 13 17:07:26.864 - [03308] RP1210_ClientConnect(0,1,'CAN:Baud=Auto',0,0,0): ERR_HARDWARE_NOT_RESPONDING
Tue Dec 13 17:07:26.871 - [03308] RP1210_ClientConnect(0,1,'CAN:Baud=Auto',0,0,0): ERR_HARDWARE_NOT_RESPONDING
Tue Dec 13 17:07:26.876 - [03308] RP1210_ClientConnect(0,1,'CAN:Baud=Auto',0,0,0): ERR_HARDWARE_NOT_RESPONDING
Tue Dec 13 17:07:26.884 - [03308] RP1210_ClientConnect(0,1,'CAN:Baud=Auto',0,0,0): ERR_HARDWARE_NOT_RESPONDING
Tue Dec 13 17:07:26.890 - [03308] RP1210_ClientConnect(0,1,'CAN:Baud=Auto',0,0,0): ERR_HARDWARE_NOT_RESPONDING
Tue Dec 13 17:07:26.895 - [03308] RP1210_ClientConnect(0,1,'CAN:Baud=Auto',0,0,0): ERR_HARDWARE_NOT_RESPONDING
Tue Dec 13 17:07:26.902 - [03308] RP1210_ClientConnect(0,1,'CAN:Baud=Auto',0,0,0): ERR_HARDWARE_NOT_RESPONDING
Tue Dec 13 17:07:26.907 - [03308] RP1210_ClientConnect(0,1,'CAN:Baud=Auto',0,0,0): ERR_HARDWARE_NOT_RESPONDING
Tue Dec 13 17:07:26.914 - [03308] RP1210_ClientConnect(0,1,'CAN:Baud=Auto',0,0,0): ERR_HARDWARE_NOT_RESPONDING
Tue Dec 13 17:07:26.920 - [03308] RP1210_ClientConnect(0,1,'CAN:Baud=Auto',0,0,0): ERR_HARDWARE_NOT_RESPONDING
Tue Dec 13 17:07:26.925 - [03308] RP1210_ClientConnect(0,1,'CAN:Baud=Auto',0,0,0): ERR_HARDWARE_NOT_RESPONDING
Tue Dec 13 17:07:26.932 - [03308] RP1210_ClientConnect(0,1,'CAN:Baud=Auto',0,0,0): ERR_HARDWARE_NOT_RESPONDING
Tue Dec 13 17:07:26.938 - [03308] RP1210_ClientConnect(0,1,'CAN:Baud=Auto',0,0,0): ERR_HARDWARE_NOT_RESPONDING
Tue Dec 13 17:07:26.943 - [03308] RP1210_ClientConnect(0,1,'CAN:Baud=Auto',0,0,0): ERR_HARDWARE_NOT_RESPONDING
Tue Dec 13 17:07:26.950 - [03308] RP1210_ClientConnect(0,1,'CAN:Baud=Auto',0,0,0): ERR_HARDWARE_NOT_RESPONDING
Tue Dec 13 17:07:26.955 - [03308] RP1210_ClientConnect(0,1,'CAN:Baud=Auto',0,0,0): ERR_HARDWARE_NOT_RESPONDING
Tue Dec 13 17:07:26.960 - [03308] RP1210_ClientConnect(0,1,'CAN:Baud=Auto',0,0,0): ERR_HARDWARE_NOT_RESPONDING
Tue Dec 13 17:07:26.969 - [03308] RP1210_ClientConnect(0,1,'CAN:Baud=Auto',0,0,0): ERR_HARDWARE_NOT_RESPONDING
Tue Dec 13 17:07:26.975 - [03308] RP1210_ClientConnect(0,1,'CAN:Baud=Auto',0,0,0): ERR_HARDWARE_NOT_RESPONDING
Tue Dec 13 17:07:26.981 - [03308] RP1210_ClientConnect(0,1,'CAN:Baud=Auto',0,0,0): ERR_HARDWARE_NOT_RESPONDING
Tue Dec 13 17:07:26.987 - [03308] RP1210_ClientConnect(0,1,'CAN:Baud=Auto',0,0,0): ERR_HARDWARE_NOT_RESPONDING
Tue Dec 13 17:07:26.992 - [03308] RP1210_ClientConnect(0,1,'CAN:Baud=Auto',0,0,0): ERR_HARDWARE_NOT_RESPONDING
Tue Dec 13 17:07:26.999 - [03308] RP1210_ClientConnect(0,1,'CAN:Baud=Auto',0,0,0): ERR_HARDWARE_NOT_RESPONDING
Tue Dec 13 17:07:27.005 - [03308] RP1210_ClientConnect(0,1,'CAN:Baud=Auto',0,0,0): ERR_HARDWARE_NOT_RESPONDING
Tue Dec 13 17:07:27.009 - [03308] RP1210_ClientConnect(0,1,'CAN:Baud=Auto',0,0,0): ERR_HARDWARE_NOT_RESPONDING
Tue Dec 13 17:07:27.017 - [03308] RP1210_ClientConnect(0,1,'CAN:Baud=Auto',0,0,0): ERR_HARDWARE_NOT_RESPONDING
Tue Dec 13 17:07:27.023 - [03308] RP1210_ClientConnect(0,1,'CAN:Baud=Auto',0,0,0): ERR_HARDWARE_NOT_RESPONDING
Tue Dec 13 17:07:27.030 - [03308] RP1210_ClientConnect(0,1,'CAN:Baud=Auto',0,0,0): ERR_HARDWARE_NOT_RESPONDING
Tue Dec 13 17:07:27.036 - [03308] RP1210_ClientConnect(0,1,'CAN:Baud=Auto',0,0,0): ERR_HARDWARE_NOT_RESPONDING
Tue Dec 13 17:07:27.041 - [03308] RP1210_ClientConnect(0,1,'CAN:Baud=Auto',0,0,0): ERR_HARDWARE_NOT_RESPONDING
Tue Dec 13 17:07:27.047 - [03308] RP1210_ClientConnect(0,1,'CAN:Baud=Auto',0,0,0): ERR_HARDWARE_NOT_RESPONDING
Tue Dec 13 17:07:27.054 - [03308] RP1210_ClientConnect(0,1,'CAN:Baud=Auto',0,0,0): ERR_HARDWARE_NOT_RESPONDING
Tue Dec 13 17:07:27.059 - [03308] RP1210_ClientConnect(0,1,'CAN:Baud=Auto',0,0,0): ERR_HARDWARE_NOT_RESPONDING
Tue Dec 13 17:07:27.065 - [03308] RP1210_ClientConnect(0,1,'CAN:Baud=Auto',0,0,0): ERR_HARDWARE_NOT_RESPONDING
Tue Dec 13 17:07:27.071 - [03308] RP1210_ClientConnect(0,1,'CAN:Baud=Auto',0,0,0): ERR_HARDWARE_NOT_RESPONDING
Tue Dec 13 17:07:27.076 - [03308] RP1210_ClientConnect(0,1,'CAN:Baud=Auto',0,0,0): ERR_HARDWARE_NOT_RESPONDING
Tue Dec 13 17:07:27.082 - [03308] RP1210_ClientConnect(0,1,'CAN:Baud=Auto',0,0,0): ERR_HARDWARE_NOT_RESPONDING
Tue Dec 13 17:07:27.088 - [03308] RP1210_ClientConnect(0,1,'CAN:Baud=Auto',0,0,0): ERR_HARDWARE_NOT_RESPONDING
Tue Dec 13 17:07:27.093 - [03308] RP1210_ClientConnect(0,1,'CAN:Baud=Auto',0,0,0): ERR_HARDWARE_NOT_RESPONDING
Tue Dec 13 17:07:27.101 - [03308] RP1210_ClientConnect(0,1,'CAN:Baud=Auto',0,0,0): ERR_HARDWARE_NOT_RESPONDING
Tue Dec 13 17:07:27.106 - [03308] RP1210_ClientConnect(0,1,'CAN:Baud=Auto',0,0,0): ERR_HARDWARE_NOT_RESPONDING
Tue Dec 13 17:07:27.111 - [03308] RP1210_ClientConnect(0,1,'CAN:Baud=Auto',0,0,0): ERR_HARDWARE_NOT_RESPONDING
Tue Dec 13 17:07:27.119 - [03308] RP1210_ClientConnect(0,1,'CAN:Baud=Auto',0,0,0): ERR_HARDWARE_NOT_RESPONDING
Tue Dec 13 17:07:27.124 - [03308] RP1210_ClientConnect(0,1,'CAN:Baud=Auto',0,0,0): ERR_HARDWARE_NOT_RESPONDING
Tue Dec 13 17:07:27.132 - [03308] RP1210_ClientConnect(0,1,'CAN:Baud=Auto',0,0,0): ERR_HARDWARE_NOT_RESPONDING
Tue Dec 13 17:07:27.138 - [03308] RP1210_ClientConnect(0,1,'CAN:Baud=Auto',0,0,0): ERR_HARDWARE_NOT_RESPONDING
Tue Dec 13 17:07:27.142 - [03308] RP1210_ClientConnect(0,1,'CAN:Baud=Auto',0,0,0): ERR_HARDWARE_NOT_RESPONDING
Tue Dec 13 17:07:27.149 - [03308] RP1210_ClientConnect(0,1,'CAN:Baud=Auto',0,0,0): ERR_HARDWARE_NOT_RESPONDING
Tue Dec 13 17:07:27.155 - [03308] RP1210_ClientConnect(0,1,'CAN:Baud=Auto',0,0,0): ERR_HARDWARE_NOT_RESPONDING
Tue Dec 13 17:07:27.159 - [03308] RP1210_ClientConnect(0,1,'CAN:Baud=Auto',0,0,0): ERR_HARDWARE_NOT_RESPONDING
Tue Dec 13 17:07:27.166 - [03308] RP1210_ClientConnect(0,1,'CAN:Baud=Auto',0,0,0): ERR_HARDWARE_NOT_RESPONDING
Tue Dec 13 17:07:27.172 - [03308] RP1210_ClientConnect(0,1,'CAN:Baud=Auto',0,0,0): ERR_HARDWARE_NOT_RESPONDING
Tue Dec 13 17:07:27.177 - [03308] RP1210_ClientConnect(0,1,'CAN:Baud=Auto',0,0,0): ERR_HARDWARE_NOT_RESPONDING
Tue Dec 13 17:07:27.185 - [03308] RP1210_ClientConnect(0,1,'CAN:Baud=Auto',0,0,0): ERR_HARDWARE_NOT_RESPONDING
Tue Dec 13 17:07:27.190 - [03308] RP1210_ClientConnect(0,1,'CAN:Baud=Auto',0,0,0): ERR_HARDWARE_NOT_RESPONDING
Tue Dec 13 17:07:27.195 - [03308] RP1210_ClientConnect(0,1,'CAN:Baud=Auto',0,0,0): ERR_HARDWARE_NOT_RESPONDING
Tue Dec 13 17:07:27.202 - [03308] RP1210_ClientConnect(0,1,'CAN:Baud=Auto',0,0,0): ERR_HARDWARE_NOT_RESPONDING
Tue Dec 13 17:07:27.207 - [03308] RP1210_ClientConnect(0,1,'CAN:Baud=Auto',0,0,0): ERR_HARDWARE_NOT_RESPONDING
Tue Dec 13 17:07:27.213 - [03308] RP1210_ClientConnect(0,1,'CAN:Baud=Auto',0,0,0): ERR_HARDWARE_NOT_RESPONDING
Tue Dec 13 17:07:27.219 - [03308] RP1210_ClientConnect(0,1,'CAN:Baud=Auto',0,0,0): ERR_HARDWARE_NOT_RESPONDING
Tue Dec 13 17:07:27.224 - [03308] RP1210_ClientConnect(0,1,'CAN:Baud=Auto',0,0,0): ERR_HARDWARE_NOT_RESPONDING
Tue Dec 13 17:07:27.230 - [03308] RP1210_ClientConnect(0,1,'CAN:Baud=Auto',0,0,0): ERR_HARDWARE_NOT_RESPONDING
Tue Dec 13 17:07:27.237 - [03308] RP1210_ClientConnect(0,1,'CAN:Baud=Auto',0,0,0): ERR_HARDWARE_NOT_RESPONDING
Tue Dec 13 17:07:27.242 - [03308] RP1210_ClientConnect(0,1,'CAN:Baud=Auto',0,0,0): ERR_HARDWARE_NOT_RESPONDING
Tue Dec 13 17:07:27.249 - [03308] RP1210_ClientConnect(0,1,'CAN:Baud=Auto',0,0,0): ERR_HARDWARE_NOT_RESPONDING
Tue Dec 13 17:07:27.254 - [03308] RP1210_ClientConnect(0,1,'CAN:Baud=Auto',0,0,0): ERR_HARDWARE_NOT_RESPONDING
Tue Dec 13 17:07:27.259 - [03308] RP1210_ClientConnect(0,1,'CAN:Baud=Auto',0,0,0): ERR_HARDWARE_NOT_RESPONDING
Tue Dec 13 17:07:27.266 - [03308] RP1210_ClientConnect(0,1,'CAN:Baud=Auto',0,0,0): ERR_HARDWARE_NOT_RESPONDING
Tue Dec 13 17:07:27.272 - [03308] RP1210_ClientConnect(0,1,'CAN:Baud=Auto',0,0,0): ERR_HARDWARE_NOT_RESPONDING
Tue Dec 13 17:07:27.277 - [03308] RP1210_ClientConnect(0,1,'CAN:Baud=Auto',0,0,0): ERR_HARDWARE_NOT_RESPONDING
Tue Dec 13 17:07:27.285 - [03308] RP1210_ClientConnect(0,1,'CAN:Baud=Auto',0,0,0): ERR_HARDWARE_NOT_RESPONDING
Tue Dec 13 17:07:27.290 - [03308] RP1210_ClientConnect(0,1,'CAN:Baud=Auto',0,0,0): ERR_HARDWARE_NOT_RESPONDING
Tue Dec 13 17:07:27.295 - [03308] RP1210_ClientConnect(0,1,'CAN:Baud=Auto',0,0,0): ERR_HARDWARE_NOT_RESPONDING
Tue Dec 13 17:07:27.302 - [03308] RP1210_ClientConnect(0,1,'CAN:Baud=Auto',0,0,0): ERR_HARDWARE_NOT_RESPONDING
Tue Dec 13 17:07:27.307 - [03308] RP1210_ClientConnect(0,1,'CAN:Baud=Auto',0,0,0): ERR_HARDWARE_NOT_RESPONDING
Tue Dec 13 17:07:27.314 - [03308] RP1210_ClientConnect(0,1,'CAN:Baud=Auto',0,0,0): ERR_HARDWARE_NOT_RESPONDING
Tue Dec 13 17:07:27.320 - [03308] RP1210_ClientConnect(0,1,'CAN:Baud=Auto',0,0,0): ERR_HARDWARE_NOT_RESPONDING
Tue Dec 13 17:07:27.325 - [03308] RP1210_ClientConnect(0,1,'CAN:Baud=Auto',0,0,0): ERR_HARDWARE_NOT_RESPONDING
Tue Dec 13 17:07:27.331 - [03308] RP1210_ClientConnect(0,1,'CAN:Baud=Auto',0,0,0): ERR_HARDWARE_NOT_RESPONDING
Tue Dec 13 17:07:27.338 - [03308] RP1210_ClientConnect(0,1,'CAN:Baud=Auto',0,0,0): ERR_HARDWARE_NOT_RESPONDING
Tue Dec 13 17:07:27.345 - [03308] RP1210_ClientConnect(0,1,'CAN:Baud=Auto',0,0,0): ERR_HARDWARE_NOT_RESPONDING
Tue Dec 13 17:07:27.352 - [03308] RP1210_ClientConnect(0,1,'CAN:Baud=Auto',0,0,0): ERR_HARDWARE_NOT_RESPONDING
Tue Dec 13 17:07:27.357 - [03308] RP1210_ClientConnect(0,1,'CAN:Baud=Auto',0,0,0): ERR_HARDWARE_NOT_RESPONDING
Tue Dec 13 17:07:27.362 - [03308] RP1210_ClientConnect(0,1,'CAN:Baud=Auto',0,0,0): ERR_HARDWARE_NOT_RESPONDING
Tue Dec 13 17:07:27.369 - [03308] RP1210_ClientConnect(0,1,'CAN:Baud=Auto',0,0,0): ERR_HARDWARE_NOT_RESPONDING
Tue Dec 13 17:07:27.374 - [03308] RP1210_ClientConnect(0,1,'CAN:Baud=Auto',0,0,0): ERR_HARDWARE_NOT_RESPONDING
Tue Dec 13 17:07:27.380 - [03308] RP1210_ClientConnect(0,1,'CAN:Baud=Auto',0,0,0): ERR_HARDWARE_NOT_RESPONDING
Tue Dec 13 17:07:27.387 - [03308] RP1210_ClientConnect(0,1,'CAN:Baud=Auto',0,0,0): ERR_HARDWARE_NOT_RESPONDING
Tue Dec 13 17:07:27.392 - [03308] RP1210_ClientConnect(0,1,'CAN:Baud=Auto',0,0,0): ERR_HARDWARE_NOT_RESPONDING
Tue Dec 13 17:07:27.398 - [03308] RP1210_ClientConnect(0,1,'CAN:Baud=Auto',0,0,0): ERR_HARDWARE_NOT_RESPONDING
Tue Dec 13 17:07:27.405 - [03308] RP1210_ClientConnect(0,1,'CAN:Baud=Auto',0,0,0): ERR_HARDWARE_NOT_RESPONDING
Tue Dec 13 17:07:27.410 - [03308] RP1210_ClientConnect(0,1,'CAN:Baud=Auto',0,0,0): ERR_HARDWARE_NOT_RESPONDING
Tue Dec 13 17:07:27.416 - [03308] RP1210_ClientConnect(0,1,'CAN:Baud=Auto',0,0,0): ERR_HARDWARE_NOT_RESPONDING
Tue Dec 13 17:07:27.422 - [03308] RP1210_ClientConnect(0,1,'CAN:Baud=Auto',0,0,0): ERR_HARDWARE_NOT_RESPONDING
Tue Dec 13 17:07:27.427 - [03308] RP1210_ClientConnect(0,1,'CAN:Baud=Auto',0,0,0): ERR_HARDWARE_NOT_RESPONDING
Tue Dec 13 17:07:27.434 - [03308] RP1210_ClientConnect(0,1,'CAN:Baud=Auto',0,0,0): ERR_HARDWARE_NOT_RESPONDING
Tue Dec 13 17:07:27.441 - [03308] RP1210_ClientConnect(0,1,'CAN:Baud=Auto',0,0,0): ERR_HARDWARE_NOT_RESPONDING
Tue Dec 13 17:07:27.448 - [03308] RP1210_ClientConnect(0,1,'CAN:Baud=Auto',0,0,0): ERR_HARDWARE_NOT_RESPONDING
Tue Dec 13 17:07:27.455 - [03308] RP1210_ClientConnect(0,1,'CAN:Baud=Auto',0,0,0): ERR_HARDWARE_NOT_RESPONDING
Tue Dec 13 17:07:27.461 - [03308] RP1210_ClientConnect(0,1,'CAN:Baud=Auto',0,0,0): ERR_HARDWARE_NOT_RESPONDING
Tue Dec 13 17:07:27.468 - [03308] RP1210_ClientConnect(0,1,'CAN:Baud=Auto',0,0,0): ERR_HARDWARE_NOT_RESPONDING
Tue Dec 13 17:07:27.473 - [03308] RP1210_ClientConnect(0,1,'CAN:Baud=Auto',0,0,0): ERR_HARDWARE_NOT_RESPONDING
Tue Dec 13 17:07:27.479 - [03308] RP1210_ClientConnect(0,1,'CAN:Baud=Auto',0,0,0): ERR_HARDWARE_NOT_RESPONDING
Tue Dec 13 17:07:27.487 - [03308] RP1210_ClientConnect(0,1,'CAN:Baud=Auto',0,0,0): ERR_HARDWARE_NOT_RESPONDING
Tue Dec 13 17:07:27.492 - [03308] RP1210_ClientConnect(0,1,'CAN:Baud=Auto',0,0,0): ERR_HARDWARE_NOT_RESPONDING
Tue Dec 13 17:07:27.499 - [03308] RP1210_ClientConnect(0,1,'CAN:Baud=Auto',0,0,0): ERR_HARDWARE_NOT_RESPONDING
Tue Dec 13 17:07:27.505 - [03308] RP1210_ClientConnect(0,1,'CAN:Baud=Auto',0,0,0): ERR_HARDWARE_NOT_RESPONDING
Tue Dec 13 17:07:27.510 - [03308] RP1210_ClientConnect(0,1,'CAN:Baud=Auto',0,0,0): ERR_HARDWARE_NOT_RESPONDING
Tue Dec 13 17:07:27.517 - [03308] RP1210_ClientConnect(0,1,'CAN:Baud=Auto',0,0,0): ERR_HARDWARE_NOT_RESPONDING
Tue Dec 13 17:07:27.524 - [03308] RP1210_ClientConnect(0,1,'CAN:Baud=Auto',0,0,0): ERR_HARDWARE_NOT_RESPONDING
Tue Dec 13 17:07:27.529 - [03308] RP1210_ClientConnect(0,1,'CAN:Baud=Auto',0,0,0): ERR_HARDWARE_NOT_RESPONDING
Tue Dec 13 17:07:27.537 - [03308] RP1210_ClientConnect(0,1,'CAN:Baud=Auto',0,0,0): ERR_HARDWARE_NOT_RESPONDING
Tue Dec 13 17:07:27.542 - [03308] RP1210_ClientConnect(0,1,'CAN:Baud=Auto',0,0,0): ERR_HARDWARE_NOT_RESPONDING
Tue Dec 13 17:07:27.548 - [03308] RP1210_ClientConnect(0,1,'CAN:Baud=Auto',0,0,0): ERR_HARDWARE_NOT_RESPONDING
Tue Dec 13 17:07:27.555 - [03308] RP1210_ClientConnect(0,1,'CAN:Baud=Auto',0,0,0): ERR_HARDWARE_NOT_RESPONDING
Tue Dec 13 17:07:27.559 - [03308] RP1210_ClientConnect(0,1,'CAN:Baud=Auto',0,0,0): ERR_HARDWARE_NOT_RESPONDING
Tue Dec 13 17:07:27.566 - [03308] RP1210_ClientConnect(0,1,'CAN:Baud=Auto',0,0,0): ERR_HARDWARE_NOT_RESPONDING
Tue Dec 13 17:07:27.572 - [03308] RP1210_ClientConnect(0,1,'CAN:Baud=Auto',0,0,0): ERR_HARDWARE_NOT_RESPONDING
Tue Dec 13 17:07:27.576 - [03308] RP1210_ClientConnect(0,1,'CAN:Baud=Auto',0,0,0): ERR_HARDWARE_NOT_RESPONDING
Tue Dec 13 17:07:27.583 - [03308] RP1210_ClientConnect(0,1,'CAN:Baud=Auto',0,0,0): ERR_HARDWARE_NOT_RESPONDING
Tue Dec 13 17:07:27.589 - [03308] RP1210_ClientConnect(0,1,'CAN:Baud=Auto',0,0,0): ERR_HARDWARE_NOT_RESPONDING
Tue Dec 13 17:07:27.594 - [03308] RP1210_ClientConnect(0,1,'CAN:Baud=Auto',0,0,0): ERR_HARDWARE_NOT_RESPONDING
Tue Dec 13 17:07:27.601 - [03308] RP1210_ClientConnect(0,1,'CAN:Baud=Auto',0,0,0): ERR_HARDWARE_NOT_RESPONDING
Tue Dec 13 17:07:27.607 - [03308] RP1210_ClientConnect(0,1,'CAN:Baud=Auto',0,0,0): ERR_HARDWARE_NOT_RESPONDING
Tue Dec 13 17:07:27.612 - [03308] RP1210_ClientConnect(0,1,'CAN:Baud=Auto',0,0,0): ERR_HARDWARE_NOT_RESPONDING
Tue Dec 13 17:07:27.620 - [03308] RP1210_ClientConnect(0,1,'CAN:Baud=Auto',0,0,0): ERR_HARDWARE_NOT_RESPONDING
Tue Dec 13 17:07:27.625 - [03308] RP1210_ClientConnect(0,1,'CAN:Baud=Auto',0,0,0): ERR_HARDWARE_NOT_RESPONDING
Tue Dec 13 17:07:27.631 - [03308] RP1210_ClientConnect(0,1,'CAN:Baud=Auto',0,0,0): ERR_HARDWARE_NOT_RESPONDING
Tue Dec 13 17:07:27.638 - [03308] RP1210_ClientConnect(0,1,'CAN:Baud=Auto',0,0,0): ERR_HARDWARE_NOT_RESPONDING
Tue Dec 13 17:07:27.643 - [03308] RP1210_ClientConnect(0,1,'CAN:Baud=Auto',0,0,0): ERR_HARDWARE_NOT_RESPONDING
Tue Dec 13 17:07:27.650 - [03308] RP1210_ClientConnect(0,1,'CAN:Baud=Auto',0,0,0): ERR_HARDWARE_NOT_RESPONDING
Tue Dec 13 17:07:27.657 - [03308] RP1210_ClientConnect(0,1,'CAN:Baud=Auto',0,0,0): ERR_HARDWARE_NOT_RESPONDING
Tue Dec 13 17:07:27.661 - [03308] RP1210_ClientConnect(0,1,'CAN:Baud=Auto',0,0,0): ERR_HARDWARE_NOT_RESPONDING
Tue Dec 13 17:07:27.669 - [03308] RP1210_ClientConnect(0,1,'CAN:Baud=Auto',0,0,0): ERR_HARDWARE_NOT_RESPONDING
Tue Dec 13 17:07:27.674 - [03308] RP1210_ClientConnect(0,1,'CAN:Baud=Auto',0,0,0): ERR_HARDWARE_NOT_RESPONDING
Tue Dec 13 17:07:27.679 - [03308] RP1210_ClientConnect(0,1,'CAN:Baud=Auto',0,0,0): ERR_HARDWARE_NOT_RESPONDING
Tue Dec 13 17:07:27.687 - [03308] RP1210_ClientConnect(0,1,'CAN:Baud=Auto',0,0,0): ERR_HARDWARE_NOT_RESPONDING
Tue Dec 13 17:07:27.691 - [03308] RP1210_ClientConnect(0,1,'CAN:Baud=Auto',0,0,0): ERR_HARDWARE_NOT_RESPONDING
Tue Dec 13 17:07:27.698 - [03308] RP1210_ClientConnect(0,1,'CAN:Baud=Auto',0,0,0): ERR_HARDWARE_NOT_RESPONDING
Tue Dec 13 17:07:27.705 - [03308] RP1210_ClientConnect(0,1,'CAN:Baud=Auto',0,0,0): ERR_HARDWARE_NOT_RESPONDING
Tue Dec 13 17:07:27.710 - [03308] RP1210_ClientConnect(0,1,'CAN:Baud=Auto',0,0,0): ERR_HARDWARE_NOT_RESPONDING
Tue Dec 13 17:07:27.718 - [03308] RP1210_ClientConnect(0,1,'CAN:Baud=Auto',0,0,0): ERR_HARDWARE_NOT_RESPONDING
Tue Dec 13 17:07:27.724 - [03308] RP1210_ClientConnect(0,1,'CAN:Baud=Auto',0,0,0): ERR_HARDWARE_NOT_RESPONDING
Tue Dec 13 17:07:27.728 - [03308] RP1210_ClientConnect(0,1,'CAN:Baud=Auto',0,0,0): ERR_HARDWARE_NOT_RESPONDING
Tue Dec 13 17:07:27.736 - [03308] RP1210_ClientConnect(0,1,'CAN:Baud=Auto',0,0,0): ERR_HARDWARE_NOT_RESPONDING
Tue Dec 13 17:07:27.741 - [03308] RP1210_ClientConnect(0,1,'CAN:Baud=Auto',0,0,0): ERR_HARDWARE_NOT_RESPONDING
Tue Dec 13 17:07:27.747 - [03308] RP1210_ClientConnect(0,1,'CAN:Baud=Auto',0,0,0): ERR_HARDWARE_NOT_RESPONDING
Tue Dec 13 17:07:27.753 - [03308] RP1210_ClientConnect(0,1,'CAN:Baud=Auto',0,0,0): ERR_HARDWARE_NOT_RESPONDING
Tue Dec 13 17:07:27.758 - [03308] RP1210_ClientConnect(0,1,'CAN:Baud=Auto',0,0,0): ERR_HARDWARE_NOT_RESPONDING
Tue Dec 13 17:07:27.764 - [03308] RP1210_ClientConnect(0,1,'CAN:Baud=Auto',0,0,0): ERR_HARDWARE_NOT_RESPONDING
Tue Dec 13 17:07:27.771 - [03308] RP1210_ClientConnect(0,1,'CAN:Baud=Auto',0,0,0): ERR_HARDWARE_NOT_RESPONDING
Tue Dec 13 17:07:27.776 - [03308] RP1210_ClientConnect(0,1,'CAN:Baud=Auto',0,0,0): ERR_HARDWARE_NOT_RESPONDING
Tue Dec 13 17:07:27.783 - [03308] RP1210_ClientConnect(0,1,'CAN:Baud=Auto',0,0,0): ERR_HARDWARE_NOT_RESPONDING
Tue Dec 13 17:07:27.788 - [03308] RP1210_ClientConnect(0,1,'CAN:Baud=Auto',0,0,0): ERR_HARDWARE_NOT_RESPONDING
Tue Dec 13 17:07:27.793 - [03308] RP1210_ClientConnect(0,1,'CAN:Baud=Auto',0,0,0): ERR_HARDWARE_NOT_RESPONDING
Tue Dec 13 17:07:27.800 - [03308] RP1210_ClientConnect(0,1,'CAN:Baud=Auto',0,0,0): ERR_HARDWARE_NOT_RESPONDING
Tue Dec 13 17:07:27.806 - [03308] RP1210_ClientConnect(0,1,'CAN:Baud=Auto',0,0,0): ERR_HARDWARE_NOT_RESPONDING
Tue Dec 13 17:07:27.811 - [03308] RP1210_ClientConnect(0,1,'CAN:Baud=Auto',0,0,0): ERR_HARDWARE_NOT_RESPONDING
Tue Dec 13 17:07:27.818 - [03308] RP1210_ClientConnect(0,1,'CAN:Baud=Auto',0,0,0): ERR_HARDWARE_NOT_RESPONDING
Tue Dec 13 17:07:27.825 - [03308] RP1210_ClientConnect(0,1,'CAN:Baud=Auto',0,0,0): ERR_HARDWARE_NOT_RESPONDING
Tue Dec 13 17:07:27.831 - [03308] RP1210_ClientConnect(0,1,'CAN:Baud=Auto',0,0,0): ERR_HARDWARE_NOT_RESPONDING
Tue Dec 13 17:07:27.838 - [03308] RP1210_ClientConnect(0,1,'CAN:Baud=Auto',0,0,0): ERR_HARDWARE_NOT_RESPONDING
Tue Dec 13 17:07:27.843 - [03308] RP1210_ClientConnect(0,1,'CAN:Baud=Auto',0,0,0): ERR_HARDWARE_NOT_RESPONDING
Tue Dec 13 17:07:27.850 - [03308] RP1210_ClientConnect(0,1,'CAN:Baud=Auto',0,0,0): ERR_HARDWARE_NOT_RESPONDING
Tue Dec 13 17:07:27.856 - [03308] RP1210_ClientConnect(0,1,'CAN:Baud=Auto',0,0,0): ERR_HARDWARE_NOT_RESPONDING
Tue Dec 13 17:07:27.861 - [03308] RP1210_ClientConnect(0,1,'CAN:Baud=Auto',0,0,0): ERR_HARDWARE_NOT_RESPONDING
Tue Dec 13 17:07:27.869 - [03308] RP1210_ClientConnect(0,1,'CAN:Baud=Auto',0,0,0): ERR_HARDWARE_NOT_RESPONDING
Tue Dec 13 17:07:27.876 - [03308] RP1210_ClientConnect(0,1,'CAN:Baud=Auto',0,0,0): ERR_HARDWARE_NOT_RESPONDING
Tue Dec 13 17:07:27.885 - [03308] RP1210_ClientConnect(0,1,'CAN:Baud=Auto',0,0,0): ERR_HARDWARE_NOT_RESPONDING
Tue Dec 13 17:07:27.892 - [03308] RP1210_ClientConnect(0,1,'CAN:Baud=Auto',0,0,0): ERR_HARDWARE_NOT_RESPONDING
Tue Dec 13 17:07:27.898 - [03308] RP1210_ClientConnect(0,1,'CAN:Baud=Auto',0,0,0): ERR_HARDWARE_NOT_RESPONDING
Tue Dec 13 17:07:27.905 - [03308] RP1210_ClientConnect(0,1,'CAN:Baud=Auto',0,0,0): ERR_HARDWARE_NOT_RESPONDING
Tue Dec 13 17:07:27.918 - [03308] RP1210_ClientConnect(0,1,'CAN:Baud=Auto',0,0,0): ERR_HARDWARE_NOT_RESPONDING
Tue Dec 13 17:07:27.926 - [03308] RP1210_ClientConnect(0,1,'CAN:Baud=Auto',0,0,0): ERR_HARDWARE_NOT_RESPONDING
Tue Dec 13 17:07:27.934 - [03308] RP1210_ClientConnect(0,1,'CAN:Baud=Auto',0,0,0): ERR_HARDWARE_NOT_RESPONDING
Tue Dec 13 17:07:27.944 - [03308] RP1210_ClientConnect(0,1,'CAN:Baud=Auto',0,0,0): ERR_HARDWARE_NOT_RESPONDING
Tue Dec 13 17:07:27.957 - [03308] RP1210_ClientConnect(0,1,'CAN:Baud=Auto',0,0,0): ERR_HARDWARE_NOT_RESPONDING
Tue Dec 13 17:07:27.965 - [03308] RP1210_ClientConnect(0,1,'CAN:Baud=Auto',0,0,0): ERR_HARDWARE_NOT_RESPONDING
Tue Dec 13 17:07:27.974 - [03308] RP1210_ClientConnect(0,1,'CAN:Baud=Auto',0,0,0): ERR_HARDWARE_NOT_RESPONDING
Tue Dec 13 17:07:27.986 - [03308] RP1210_ClientConnect(0,1,'CAN:Baud=Auto',0,0,0): ERR_HARDWARE_NOT_RESPONDING
Tue Dec 13 17:07:27.995 - [03308] RP1210_ClientConnect(0,1,'CAN:Baud=Auto',0,0,0): ERR_HARDWARE_NOT_RESPONDING
Tue Dec 13 17:07:28.009 - [03308] RP1210_ClientConnect(0,1,'CAN:Baud=Auto',0,0,0): ERR_HARDWARE_NOT_RESPONDING
Tue Dec 13 17:07:28.022 - [03308] RP1210_ClientConnect(0,1,'CAN:Baud=Auto',0,0,0): ERR_HARDWARE_NOT_RESPONDING
Tue Dec 13 17:07:28.028 - [03308] RP1210_ClientConnect(0,1,'CAN:Baud=Auto',0,0,0): ERR_HARDWARE_NOT_RESPONDING
Tue Dec 13 17:07:28.036 - [03308] RP1210_ClientConnect(0,1,'CAN:Baud=Auto',0,0,0): ERR_HARDWARE_NOT_RESPONDING
Tue Dec 13 17:07:28.043 - [03308] RP1210_ClientConnect(0,1,'CAN:Baud=Auto',0,0,0): ERR_HARDWARE_NOT_RESPONDING
Tue Dec 13 17:07:28.054 - [03308] RP1210_ClientConnect(0,1,'CAN:Baud=Auto',0,0,0): ERR_HARDWARE_NOT_RESPONDING
Tue Dec 13 17:07:28.061 - [03308] RP1210_ClientConnect(0,1,'CAN:Baud=Auto',0,0,0): ERR_HARDWARE_NOT_RESPONDING
Tue Dec 13 17:07:28.069 - [03308] RP1210_ClientConnect(0,1,'CAN:Baud=Auto',0,0,0): ERR_HARDWARE_NOT_RESPONDING
Tue Dec 13 17:07:28.112 - [03308] RP1210_ClientConnect(0,1,'CAN:Baud=Auto',0,0,0): ERR_HARDWARE_NOT_RESPONDING
Tue Dec 13 17:07:28.143 - [03308] RP1210_ClientConnect(0,1,'CAN:Baud=Auto',0,0,0): ERR_HARDWARE_NOT_RESPONDING
Tue Dec 13 17:07:28.156 - [03308] RP1210_ClientConnect(0,1,'CAN:Baud=Auto',0,0,0): ERR_HARDWARE_NOT_RESPONDING
Tue Dec 13 17:07:28.169 - [03308] RP1210_ClientConnect(0,1,'CAN:Baud=Auto',0,0,0): ERR_HARDWARE_NOT_RESPONDING
Tue Dec 13 17:07:28.179 - [03308] RP1210_ClientConnect(0,1,'CAN:Baud=Auto',0,0,0): ERR_HARDWARE_NOT_RESPONDING
Tue Dec 13 17:07:28.190 - [03308] RP1210_ClientConnect(0,1,'CAN:Baud=Auto',0,0,0): ERR_HARDWARE_NOT_RESPONDING
Tue Dec 13 17:07:28.201 - [03308] RP1210_ClientConnect(0,1,'CAN:Baud=Auto',0,0,0): ERR_HARDWARE_NOT_RESPONDING
Tue Dec 13 17:07:28.210 - [03308] RP1210_ClientConnect(0,1,'CAN:Baud=Auto',0,0,0): ERR_HARDWARE_NOT_RESPONDING
Tue Dec 13 17:07:28.219 - [03308] RP1210_ClientConnect(0,1,'CAN:Baud=Auto',0,0,0): ERR_HARDWARE_NOT_RESPONDING
Tue Dec 13 17:07:28.228 - [03308] RP1210_ClientConnect(0,1,'CAN:Baud=Auto',0,0,0): ERR_HARDWARE_NOT_RESPONDING
Tue Dec 13 17:07:28.236 - [03308] RP1210_ClientConnect(0,1,'CAN:Baud=Auto',0,0,0): ERR_HARDWARE_NOT_RESPONDING
Tue Dec 13 17:07:28.241 - [03308] RP1210_ClientConnect(0,1,'CAN:Baud=Auto',0,0,0): ERR_HARDWARE_NOT_RESPONDING
Tue Dec 13 17:07:28.246 - [03308] RP1210_ClientConnect(0,1,'CAN:Baud=Auto',0,0,0): ERR_HARDWARE_NOT_RESPONDING
Tue Dec 13 17:07:28.256 - [03308] RP1210_ClientConnect(0,1,'CAN:Baud=Auto',0,0,0): ERR_HARDWARE_NOT_RESPONDING
Tue Dec 13 17:07:28.263 - [03308] RP1210_ClientConnect(0,1,'CAN:Baud=Auto',0,0,0): ERR_HARDWARE_NOT_RESPONDING
Tue Dec 13 17:07:28.272 - [03308] RP1210_ClientConnect(0,1,'CAN:Baud=Auto',0,0,0): ERR_HARDWARE_NOT_RESPONDING
Tue Dec 13 17:07:28.282 - [03308] RP1210_ClientConnect(0,1,'CAN:Baud=Auto',0,0,0): ERR_HARDWARE_NOT_RESPONDING
Tue Dec 13 17:07:28.289 - [03308] RP1210_ClientConnect(0,1,'CAN:Baud=Auto',0,0,0): ERR_HARDWARE_NOT_RESPONDING
Tue Dec 13 17:07:28.294 - [03308] RP1210_ClientConnect(0,1,'CAN:Baud=Auto',0,0,0): ERR_HARDWARE_NOT_RESPONDING
Tue Dec 13 17:07:28.301 - [03308] RP1210_ClientConnect(0,1,'CAN:Baud=Auto',0,0,0): ERR_HARDWARE_NOT_RESPONDING
Tue Dec 13 17:07:28.306 - [03308] RP1210_ClientConnect(0,1,'CAN:Baud=Auto',0,0,0): ERR_HARDWARE_NOT_RESPONDING
Tue Dec 13 17:07:28.311 - [03308] RP1210_ClientConnect(0,1,'CAN:Baud=Auto',0,0,0): ERR_HARDWARE_NOT_RESPONDING
Tue Dec 13 17:07:28.319 - [03308] RP1210_ClientConnect(0,1,'CAN:Baud=Auto',0,0,0): ERR_HARDWARE_NOT_RESPONDING
Tue Dec 13 17:07:28.325 - [03308] RP1210_ClientConnect(0,1,'CAN:Baud=Auto',0,0,0): ERR_HARDWARE_NOT_RESPONDING
Tue Dec 13 17:07:28.329 - [03308] RP1210_ClientConnect(0,1,'CAN:Baud=Auto',0,0,0): ERR_HARDWARE_NOT_RESPONDING
Tue Dec 13 17:07:28.338 - [03308] RP1210_ClientConnect(0,1,'CAN:Baud=Auto',0,0,0): ERR_HARDWARE_NOT_RESPONDING
Tue Dec 13 17:07:28.345 - [03308] RP1210_ClientConnect(0,1,'CAN:Baud=Auto',0,0,0): ERR_HARDWARE_NOT_RESPONDING
Tue Dec 13 17:07:28.351 - [03308] RP1210_ClientConnect(0,1,'CAN:Baud=Auto',0,0,0): ERR_HARDWARE_NOT_RESPONDING
Tue Dec 13 17:07:28.358 - [03308] RP1210_ClientConnect(0,1,'CAN:Baud=Auto',0,0,0): ERR_HARDWARE_NOT_RESPONDING
Tue Dec 13 17:07:28.367 - [03308] RP1210_ClientConnect(0,1,'CAN:Baud=Auto',0,0,0): ERR_HARDWARE_NOT_RESPONDING
Tue Dec 13 17:07:28.373 - [03308] RP1210_ClientConnect(0,1,'CAN:Baud=Auto',0,0,0): ERR_HARDWARE_NOT_RESPONDING
Tue Dec 13 17:07:28.378 - [03308] RP1210_ClientConnect(0,1,'CAN:Baud=Auto',0,0,0): ERR_HARDWARE_NOT_RESPONDING
Tue Dec 13 17:07:28.385 - [03308] RP1210_ClientConnect(0,1,'CAN:Baud=Auto',0,0,0): ERR_HARDWARE_NOT_RESPONDING
Tue Dec 13 17:07:28.393 - [03308] RP1210_ClientConnect(0,1,'CAN:Baud=Auto',0,0,0): ERR_HARDWARE_NOT_RESPONDING
Tue Dec 13 17:07:28.400 - [03308] RP1210_ClientConnect(0,1,'CAN:Baud=Auto',0,0,0): ERR_HARDWARE_NOT_RESPONDING
Tue Dec 13 17:07:28.407 - [03308] RP1210_ClientConnect(0,1,'CAN:Baud=Auto',0,0,0): ERR_HARDWARE_NOT_RESPONDING
Tue Dec 13 17:07:28.412 - [03308] RP1210_ClientConnect(0,1,'CAN:Baud=Auto',0,0,0): ERR_HARDWARE_NOT_RESPONDING
Tue Dec 13 17:07:28.423 - [03308] RP1210_ClientConnect(0,1,'CAN:Baud=Auto',0,0,0): ERR_HARDWARE_NOT_RESPONDING
Tue Dec 13 17:07:28.428 - [03308] RP1210_ClientConnect(0,1,'CAN:Baud=Auto',0,0,0): ERR_HARDWARE_NOT_RESPONDING
Tue Dec 13 17:07:28.435 - [03308] RP1210_ClientConnect(0,1,'CAN:Baud=Auto',0,0,0): ERR_HARDWARE_NOT_RESPONDING
Tue Dec 13 17:07:28.442 - [03308] RP1210_ClientConnect(0,1,'CAN:Baud=Auto',0,0,0): ERR_HARDWARE_NOT_RESPONDING
Tue Dec 13 17:07:28.448 - [03308] RP1210_ClientConnect(0,1,'CAN:Baud=Auto',0,0,0): ERR_HARDWARE_NOT_RESPONDING
Tue Dec 13 17:07:28.455 - [03308] RP1210_ClientConnect(0,1,'CAN:Baud=Auto',0,0,0): ERR_HARDWARE_NOT_RESPONDING
Tue Dec 13 17:07:28.460 - [03308] RP1210_ClientConnect(0,1,'CAN:Baud=Auto',0,0,0): ERR_HARDWARE_NOT_RESPONDING
Tue Dec 13 17:07:28.466 - [03308] RP1210_ClientConnect(0,1,'CAN:Baud=Auto',0,0,0): ERR_HARDWARE_NOT_RESPONDING
Tue Dec 13 17:07:28.473 - [03308] RP1210_ClientConnect(0,1,'CAN:Baud=Auto',0,0,0): ERR_HARDWARE_NOT_RESPONDING
Tue Dec 13 17:07:28.485 - [03308] RP1210_ClientConnect(0,1,'CAN:Baud=Auto',0,0,0): ERR_HARDWARE_NOT_RESPONDING
Tue Dec 13 17:07:28.490 - [03308] RP1210_ClientConnect(0,1,'CAN:Baud=Auto',0,0,0): ERR_HARDWARE_NOT_RESPONDING
Tue Dec 13 17:07:28.495 - [03308] RP1210_ClientConnect(0,1,'CAN:Baud=Auto',0,0,0): ERR_HARDWARE_NOT_RESPONDING
Tue Dec 13 17:07:28.502 - [03308] RP1210_ClientConnect(0,1,'CAN:Baud=Auto',0,0,0): ERR_HARDWARE_NOT_RESPONDING
Tue Dec 13 17:07:28.507 - [03308] RP1210_ClientConnect(0,1,'CAN:Baud=Auto',0,0,0): ERR_HARDWARE_NOT_RESPONDING
Tue Dec 13 17:07:28.513 - [03308] RP1210_ClientConnect(0,1,'CAN:Baud=Auto',0,0,0): ERR_HARDWARE_NOT_RESPONDING
Tue Dec 13 17:07:28.528 - [03308] RP1210_ClientConnect(0,1,'CAN:Baud=Auto',0,0,0): ERR_HARDWARE_NOT_RESPONDING
Tue Dec 13 17:07:28.546 - [03308] RP1210_ClientConnect(0,1,'CAN:Baud=Auto',0,0,0): ERR_HARDWARE_NOT_RESPONDING
Tue Dec 13 17:07:28.570 - [03308] RP1210_ClientConnect(0,1,'CAN:Baud=Auto',0,0,0): ERR_HARDWARE_NOT_RESPONDING
Tue Dec 13 17:07:28.589 - [03308] RP1210_ClientConnect(0,1,'CAN:Baud=Auto',0,0,0): ERR_HARDWARE_NOT_RESPONDING
Tue Dec 13 17:07:28.604 - [03308] RP1210_ClientConnect(0,1,'CAN:Baud=Auto',0,0,0): ERR_HARDWARE_NOT_RESPONDING
Tue Dec 13 17:07:28.616 - [03308] RP1210_ClientConnect(0,1,'CAN:Baud=Auto',0,0,0): ERR_HARDWARE_NOT_RESPONDING
Tue Dec 13 17:07:28.625 - [03308] RP1210_ClientConnect(0,1,'CAN:Baud=Auto',0,0,0): ERR_HARDWARE_NOT_RESPONDING
Tue Dec 13 17:07:28.632 - [03308] RP1210_ClientConnect(0,1,'CAN:Baud=Auto',0,0,0): ERR_HARDWARE_NOT_RESPONDING
Tue Dec 13 17:07:28.638 - [03308] RP1210_ClientConnect(0,1,'CAN:Baud=Auto',0,0,0): ERR_HARDWARE_NOT_RESPONDING
Tue Dec 13 17:07:28.643 - [03308] RP1210_ClientConnect(0,1,'CAN:Baud=Auto',0,0,0): ERR_HARDWARE_NOT_RESPONDING
Tue Dec 13 17:07:28.648 - [03308] RP1210_ClientConnect(0,1,'CAN:Baud=Auto',0,0,0): ERR_HARDWARE_NOT_RESPONDING
Tue Dec 13 17:07:28.653 - [03308] RP1210_ClientConnect(0,1,'CAN:Baud=Auto',0,0,0): ERR_HARDWARE_NOT_RESPONDING
Tue Dec 13 17:07:28.658 - [03308] RP1210_ClientConnect(0,1,'CAN:Baud=Auto',0,0,0): ERR_HARDWARE_NOT_RESPONDING
Tue Dec 13 17:07:28.663 - [03308] RP1210_ClientConnect(0,1,'CAN:Baud=Auto',0,0,0): ERR_HARDWARE_NOT_RESPONDING
Tue Dec 13 17:07:28.670 - [03308] RP1210_ClientConnect(0,1,'CAN:Baud=Auto',0,0,0): ERR_HARDWARE_NOT_RESPONDING
Tue Dec 13 17:07:28.675 - [03308] RP1210_ClientConnect(0,1,'CAN:Baud=Auto',0,0,0): ERR_HARDWARE_NOT_RESPONDING
Tue Dec 13 17:07:28.680 - [03308] RP1210_ClientConnect(0,1,'CAN:Baud=Auto',0,0,0): ERR_HARDWARE_NOT_RESPONDING
Tue Dec 13 17:07:28.687 - [03308] RP1210_ClientConnect(0,1,'CAN:Baud=Auto',0,0,0): ERR_HARDWARE_NOT_RESPONDING
Tue Dec 13 17:07:28.692 - [03308] RP1210_ClientConnect(0,1,'CAN:Baud=Auto',0,0,0): ERR_HARDWARE_NOT_RESPONDING
Tue Dec 13 17:07:28.697 - [03308] RP1210_ClientConnect(0,1,'CAN:Baud=Auto',0,0,0): ERR_HARDWARE_NOT_RESPONDING
Tue Dec 13 17:07:28.704 - [03308] RP1210_ClientConnect(0,1,'CAN:Baud=Auto',0,0,0): ERR_HARDWARE_NOT_RESPONDING
Tue Dec 13 17:07:28.709 - [03308] RP1210_ClientConnect(0,1,'CAN:Baud=Auto',0,0,0): ERR_HARDWARE_NOT_RESPONDING
Tue Dec 13 17:07:28.714 - [03308] RP1210_ClientConnect(0,1,'CAN:Baud=Auto',0,0,0): ERR_HARDWARE_NOT_RESPONDING
Tue Dec 13 17:07:28.720 - [03308] RP1210_ClientConnect(0,1,'CAN:Baud=Auto',0,0,0): ERR_HARDWARE_NOT_RESPONDING
Tue Dec 13 17:07:28.725 - [03308] RP1210_ClientConnect(0,1,'CAN:Baud=Auto',0,0,0): ERR_HARDWARE_NOT_RESPONDING
Tue Dec 13 17:07:28.731 - [03308] RP1210_ClientConnect(0,1,'CAN:Baud=Auto',0,0,0): ERR_HARDWARE_NOT_RESPONDING
Tue Dec 13 17:07:28.737 - [03308] RP1210_ClientConnect(0,1,'CAN:Baud=Auto',0,0,0): ERR_HARDWARE_NOT_RESPONDING
Tue Dec 13 17:07:28.742 - [03308] RP1210_ClientConnect(0,1,'CAN:Baud=Auto',0,0,0): ERR_HARDWARE_NOT_RESPONDING
Tue Dec 13 17:07:28.747 - [03308] RP1210_ClientConnect(0,1,'CAN:Baud=Auto',0,0,0): ERR_HARDWARE_NOT_RESPONDING
Tue Dec 13 17:07:28.754 - [03308] RP1210_ClientConnect(0,1,'CAN:Baud=Auto',0,0,0): ERR_HARDWARE_NOT_RESPONDING
Tue Dec 13 17:07:28.759 - [03308] RP1210_ClientConnect(0,1,'CAN:Baud=Auto',0,0,0): ERR_HARDWARE_NOT_RESPONDING
Tue Dec 13 17:07:28.763 - [03308] RP1210_ClientConnect(0,1,'CAN:Baud=Auto',0,0,0): ERR_HARDWARE_NOT_RESPONDING
Tue Dec 13 17:07:28.770 - [03308] RP1210_ClientConnect(0,1,'CAN:Baud=Auto',0,0,0): ERR_HARDWARE_NOT_RESPONDING
Tue Dec 13 17:07:28.775 - [03308] RP1210_ClientConnect(0,1,'CAN:Baud=Auto',0,0,0): ERR_HARDWARE_NOT_RESPONDING
Tue Dec 13 17:07:28.780 - [03308] RP1210_ClientConnect(0,1,'CAN:Baud=Auto',0,0,0): ERR_HARDWARE_NOT_RESPONDING
Tue Dec 13 17:07:28.787 - [03308] RP1210_ClientConnect(0,1,'CAN:Baud=Auto',0,0,0): ERR_HARDWARE_NOT_RESPONDING
Tue Dec 13 17:07:28.792 - [03308] RP1210_ClientConnect(0,1,'CAN:Baud=Auto',0,0,0): ERR_HARDWARE_NOT_RESPONDING
Tue Dec 13 17:07:28.799 - [03308] RP1210_ClientConnect(0,1,'CAN:Baud=Auto',0,0,0): ERR_HARDWARE_NOT_RESPONDING
Tue Dec 13 17:07:28.804 - [03308] RP1210_ClientConnect(0,1,'CAN:Baud=Auto',0,0,0): ERR_HARDWARE_NOT_RESPONDING
Tue Dec 13 17:07:28.810 - [03308] RP1210_ClientConnect(0,1,'CAN:Baud=Auto',0,0,0): ERR_HARDWARE_NOT_RESPONDING
Tue Dec 13 17:07:28.816 - [03308] RP1210_ClientConnect(0,1,'CAN:Baud=Auto',0,0,0): ERR_HARDWARE_NOT_RESPONDING
Tue Dec 13 17:07:28.822 - [03308] RP1210_ClientConnect(0,1,'CAN:Baud=Auto',0,0,0): ERR_HARDWARE_NOT_RESPONDING
Tue Dec 13 17:07:28.827 - [03308] RP1210_ClientConnect(0,1,'CAN:Baud=Auto',0,0,0): ERR_HARDWARE_NOT_RESPONDING
Tue Dec 13 17:07:28.833 - [03308] RP1210_ClientConnect(0,1,'CAN:Baud=Auto',0,0,0): ERR_HARDWARE_NOT_RESPONDING
Tue Dec 13 17:07:28.839 - [03308] RP1210_ClientConnect(0,1,'CAN:Baud=Auto',0,0,0): ERR_HARDWARE_NOT_RESPONDING
Tue Dec 13 17:07:28.844 - [03308] RP1210_ClientConnect(0,1,'CAN:Baud=Auto',0,0,0): ERR_HARDWARE_NOT_RESPONDING
Tue Dec 13 17:07:28.850 - [03308] RP1210_ClientConnect(0,1,'CAN:Baud=Auto',0,0,0): ERR_HARDWARE_NOT_RESPONDING
Tue Dec 13 17:07:28.855 - [03308] RP1210_ClientConnect(0,1,'CAN:Baud=Auto',0,0,0): ERR_HARDWARE_NOT_RESPONDING
Tue Dec 13 17:07:28.861 - [03308] RP1210_ClientConnect(0,1,'CAN:Baud=Auto',0,0,0): ERR_HARDWARE_NOT_RESPONDING
Tue Dec 13 17:07:28.867 - [03308] RP1210_ClientConnect(0,1,'CAN:Baud=Auto',0,0,0): ERR_HARDWARE_NOT_RESPONDING
Tue Dec 13 17:07:28.873 - [03308] RP1210_ClientConnect(0,1,'CAN:Baud=Auto',0,0,0): ERR_HARDWARE_NOT_RESPONDING
Tue Dec 13 17:07:28.878 - [03308] RP1210_ClientConnect(0,1,'CAN:Baud=Auto',0,0,0): ERR_HARDWARE_NOT_RESPONDING
Tue Dec 13 17:07:28.884 - [03308] RP1210_ClientConnect(0,1,'CAN:Baud=Auto',0,0,0): ERR_HARDWARE_NOT_RESPONDING
Tue Dec 13 17:07:28.889 - [03308] RP1210_ClientConnect(0,1,'CAN:Baud=Auto',0,0,0): ERR_HARDWARE_NOT_RESPONDING
Tue Dec 13 17:07:28.894 - [03308] RP1210_ClientConnect(0,1,'CAN:Baud=Auto',0,0,0): ERR_HARDWARE_NOT_RESPONDING
Tue Dec 13 17:07:28.900 - [03308] RP1210_ClientConnect(0,1,'CAN:Baud=Auto',0,0,0): ERR_HARDWARE_NOT_RESPONDING
Tue Dec 13 17:07:28.906 - [03308] RP1210_ClientConnect(0,1,'CAN:Baud=Auto',0,0,0): ERR_HARDWARE_NOT_RESPONDING
Tue Dec 13 17:07:28.911 - [03308] RP1210_ClientConnect(0,1,'CAN:Baud=Auto',0,0,0): ERR_HARDWARE_NOT_RESPONDING
Tue Dec 13 17:07:28.919 - [03308] RP1210_ClientConnect(0,1,'CAN:Baud=Auto',0,0,0): ERR_HARDWARE_NOT_RESPONDING
Tue Dec 13 17:07:28.924 - [03308] RP1210_ClientConnect(0,1,'CAN:Baud=Auto',0,0,0): ERR_HARDWARE_NOT_RESPONDING
Tue Dec 13 17:07:28.929 - [03308] RP1210_ClientConnect(0,1,'CAN:Baud=Auto',0,0,0): ERR_HARDWARE_NOT_RESPONDING
Tue Dec 13 17:07:28.937 - [03308] RP1210_ClientConnect(0,1,'CAN:Baud=Auto',0,0,0): ERR_HARDWARE_NOT_RESPONDING
Tue Dec 13 17:07:28.942 - [03308] RP1210_ClientConnect(0,1,'CAN:Baud=Auto',0,0,0): ERR_HARDWARE_NOT_RESPONDING
Tue Dec 13 17:07:28.948 - [03308] RP1210_ClientConnect(0,1,'CAN:Baud=Auto',0,0,0): ERR_HARDWARE_NOT_RESPONDING
Tue Dec 13 17:07:28.956 - [03308] RP1210_ClientConnect(0,1,'CAN:Baud=Auto',0,0,0): ERR_HARDWARE_NOT_RESPONDING
Tue Dec 13 17:07:28.962 - [03308] RP1210_ClientConnect(0,1,'CAN:Baud=Auto',0,0,0): ERR_HARDWARE_NOT_RESPONDING
Tue Dec 13 17:07:28.968 - [03308] RP1210_ClientConnect(0,1,'CAN:Baud=Auto',0,0,0): ERR_HARDWARE_NOT_RESPONDING
Tue Dec 13 17:07:28.974 - [03308] RP1210_ClientConnect(0,1,'CAN:Baud=Auto',0,0,0): ERR_HARDWARE_NOT_RESPONDING
Tue Dec 13 17:07:28.979 - [03308] RP1210_ClientConnect(0,1,'CAN:Baud=Auto',0,0,0): ERR_HARDWARE_NOT_RESPONDING
Tue Dec 13 17:07:28.987 - [03308] RP1210_ClientConnect(0,1,'CAN:Baud=Auto',0,0,0): ERR_HARDWARE_NOT_RESPONDING
Tue Dec 13 17:07:28.992 - [03308] RP1210_ClientConnect(0,1,'CAN:Baud=Auto',0,0,0): ERR_HARDWARE_NOT_RESPONDING
Tue Dec 13 17:07:28.999 - [03308] RP1210_ClientConnect(0,1,'CAN:Baud=Auto',0,0,0): ERR_HARDWARE_NOT_RESPONDING
Tue Dec 13 17:07:29.005 - [03308] RP1210_ClientConnect(0,1,'CAN:Baud=Auto',0,0,0): ERR_HARDWARE_NOT_RESPONDING
Tue Dec 13 17:07:29.010 - [03308] RP1210_ClientConnect(0,1,'CAN:Baud=Auto',0,0,0): ERR_HARDWARE_NOT_RESPONDING
Tue Dec 13 17:07:29.017 - [03308] RP1210_ClientConnect(0,1,'CAN:Baud=Auto',0,0,0): ERR_HARDWARE_NOT_RESPONDING
Tue Dec 13 17:07:29.022 - [03308] RP1210_ClientConnect(0,1,'CAN:Baud=Auto',0,0,0): ERR_HARDWARE_NOT_RESPONDING
Tue Dec 13 17:07:29.029 - [03308] RP1210_ClientConnect(0,1,'CAN:Baud=Auto',0,0,0): ERR_HARDWARE_NOT_RESPONDING
Tue Dec 13 17:07:29.036 - [03308] RP1210_ClientConnect(0,1,'CAN:Baud=Auto',0,0,0): ERR_HARDWARE_NOT_RESPONDING
Tue Dec 13 17:07:29.041 - [03308] RP1210_ClientConnect(0,1,'CAN:Baud=Auto',0,0,0): ERR_HARDWARE_NOT_RESPONDING
Tue Dec 13 17:07:29.046 - [03308] RP1210_ClientConnect(0,1,'CAN:Baud=Auto',0,0,0): ERR_HARDWARE_NOT_RESPONDING
Tue Dec 13 17:07:29.054 - [03308] RP1210_ClientConnect(0,1,'CAN:Baud=Auto',0,0,0): ERR_HARDWARE_NOT_RESPONDING
Tue Dec 13 17:07:29.060 - [03308] RP1210_ClientConnect(0,1,'CAN:Baud=Auto',0,0,0): ERR_HARDWARE_NOT_RESPONDING
Tue Dec 13 17:07:29.065 - [03308] RP1210_ClientConnect(0,1,'CAN:Baud=Auto',0,0,0): ERR_HARDWARE_NOT_RESPONDING
Tue Dec 13 17:07:29.071 - [03308] RP1210_ClientConnect(0,1,'CAN:Baud=Auto',0,0,0): ERR_HARDWARE_NOT_RESPONDING
Tue Dec 13 17:07:29.077 - [03308] RP1210_ClientConnect(0,1,'CAN:Baud=Auto',0,0,0): ERR_HARDWARE_NOT_RESPONDING
Tue Dec 13 17:07:29.083 - [03308] RP1210_ClientConnect(0,1,'CAN:Baud=Auto',0,0,0): ERR_HARDWARE_NOT_RESPONDING
Tue Dec 13 17:07:29.088 - [03308] RP1210_ClientConnect(0,1,'CAN:Baud=Auto',0,0,0): ERR_HARDWARE_NOT_RESPONDING
Tue Dec 13 17:07:29.094 - [03308] RP1210_ClientConnect(0,1,'CAN:Baud=Auto',0,0,0): ERR_HARDWARE_NOT_RESPONDING
Tue Dec 13 17:07:29.100 - [03308] RP1210_ClientConnect(0,1,'CAN:Baud=Auto',0,0,0): ERR_HARDWARE_NOT_RESPONDING
Tue Dec 13 17:07:29.105 - [03308] RP1210_ClientConnect(0,1,'CAN:Baud=Auto',0,0,0): ERR_HARDWARE_NOT_RESPONDING
Tue Dec 13 17:07:29.110 - [03308] RP1210_ClientConnect(0,1,'CAN:Baud=Auto',0,0,0): ERR_HARDWARE_NOT_RESPONDING
Tue Dec 13 17:07:29.117 - [03308] RP1210_ClientConnect(0,1,'CAN:Baud=Auto',0,0,0): ERR_HARDWARE_NOT_RESPONDING
Tue Dec 13 17:07:29.122 - [03308] RP1210_ClientConnect(0,1,'CAN:Baud=Auto',0,0,0): ERR_HARDWARE_NOT_RESPONDING
Tue Dec 13 17:07:29.127 - [03308] RP1210_ClientConnect(0,1,'CAN:Baud=Auto',0,0,0): ERR_HARDWARE_NOT_RESPONDING
Tue Dec 13 17:07:29.134 - [03308] RP1210_ClientConnect(0,1,'CAN:Baud=Auto',0,0,0): ERR_HARDWARE_NOT_RESPONDING
Tue Dec 13 17:07:29.139 - [03308] RP1210_ClientConnect(0,1,'CAN:Baud=Auto',0,0,0): ERR_HARDWARE_NOT_RESPONDING
Tue Dec 13 17:07:29.145 - [03308] RP1210_ClientConnect(0,1,'CAN:Baud=Auto',0,0,0): ERR_HARDWARE_NOT_RESPONDING
Tue Dec 13 17:07:29.152 - [03308] RP1210_ClientConnect(0,1,'CAN:Baud=Auto',0,0,0): ERR_HARDWARE_NOT_RESPONDING
Tue Dec 13 17:07:29.158 - [03308] RP1210_ClientConnect(0,1,'CAN:Baud=Auto',0,0,0): ERR_HARDWARE_NOT_RESPONDING
Tue Dec 13 17:07:29.163 - [03308] RP1210_ClientConnect(0,1,'CAN:Baud=Auto',0,0,0): ERR_HARDWARE_NOT_RESPONDING
Tue Dec 13 17:07:29.170 - [03308] RP1210_ClientConnect(0,1,'CAN:Baud=Auto',0,0,0): ERR_HARDWARE_NOT_RESPONDING
Tue Dec 13 17:07:29.176 - [03308] RP1210_ClientConnect(0,1,'CAN:Baud=Auto',0,0,0): ERR_HARDWARE_NOT_RESPONDING
Tue Dec 13 17:07:29.182 - [03308] RP1210_ClientConnect(0,1,'CAN:Baud=Auto',0,0,0): ERR_HARDWARE_NOT_RESPONDING
Tue Dec 13 17:07:29.188 - [03308] RP1210_ClientConnect(0,1,'CAN:Baud=Auto',0,0,0): ERR_HARDWARE_NOT_RESPONDING
Tue Dec 13 17:07:29.193 - [03308] RP1210_ClientConnect(0,1,'CAN:Baud=Auto',0,0,0): ERR_HARDWARE_NOT_RESPONDING
Tue Dec 13 17:07:29.199 - [03308] RP1210_ClientConnect(0,1,'CAN:Baud=Auto',0,0,0): ERR_HARDWARE_NOT_RESPONDING
Tue Dec 13 17:07:29.205 - [03308] RP1210_ClientConnect(0,1,'CAN:Baud=Auto',0,0,0): ERR_HARDWARE_NOT_RESPONDING
Tue Dec 13 17:07:29.210 - [03308] RP1210_ClientConnect(0,1,'CAN:Baud=Auto',0,0,0): ERR_HARDWARE_NOT_RESPONDING
Tue Dec 13 17:07:29.217 - [03308] RP1210_ClientConnect(0,1,'CAN:Baud=Auto',0,0,0): ERR_HARDWARE_NOT_RESPONDING
Tue Dec 13 17:07:29.222 - [03308] RP1210_ClientConnect(0,1,'CAN:Baud=Auto',0,0,0): ERR_HARDWARE_NOT_RESPONDING
Tue Dec 13 17:07:29.227 - [03308] RP1210_ClientConnect(0,1,'CAN:Baud=Auto',0,0,0): ERR_HARDWARE_NOT_RESPONDING
Tue Dec 13 17:07:29.234 - [03308] RP1210_ClientConnect(0,1,'CAN:Baud=Auto',0,0,0): ERR_HARDWARE_NOT_RESPONDING
Tue Dec 13 17:07:29.239 - [03308] RP1210_ClientConnect(0,1,'CAN:Baud=Auto',0,0,0): ERR_HARDWARE_NOT_RESPONDING
Tue Dec 13 17:07:29.244 - [03308] RP1210_ClientConnect(0,1,'CAN:Baud=Auto',0,0,0): ERR_HARDWARE_NOT_RESPONDING
Tue Dec 13 17:07:29.250 - [03308] RP1210_ClientConnect(0,1,'CAN:Baud=Auto',0,0,0): ERR_HARDWARE_NOT_RESPONDING
Tue Dec 13 17:07:29.255 - [03308] RP1210_ClientConnect(0,1,'CAN:Baud=Auto',0,0,0): ERR_HARDWARE_NOT_RESPONDING
Tue Dec 13 17:07:29.260 - [03308] RP1210_ClientConnect(0,1,'CAN:Baud=Auto',0,0,0): ERR_HARDWARE_NOT_RESPONDING
Tue Dec 13 17:07:29.267 - [03308] RP1210_ClientConnect(0,1,'CAN:Baud=Auto',0,0,0): ERR_HARDWARE_NOT_RESPONDING
Tue Dec 13 17:07:29.272 - [03308] RP1210_ClientConnect(0,1,'CAN:Baud=Auto',0,0,0): ERR_HARDWARE_NOT_RESPONDING
Tue Dec 13 17:07:29.277 - [03308] RP1210_ClientConnect(0,1,'CAN:Baud=Auto',0,0,0): ERR_HARDWARE_NOT_RESPONDING
Tue Dec 13 17:07:29.284 - [03308] RP1210_ClientConnect(0,1,'CAN:Baud=Auto',0,0,0): ERR_HARDWARE_NOT_RESPONDING
Tue Dec 13 17:07:29.289 - [03308] RP1210_ClientConnect(0,1,'CAN:Baud=Auto',0,0,0): ERR_HARDWARE_NOT_RESPONDING
Tue Dec 13 17:07:29.294 - [03308] RP1210_ClientConnect(0,1,'CAN:Baud=Auto',0,0,0): ERR_HARDWARE_NOT_RESPONDING
Tue Dec 13 17:07:29.301 - [03308] RP1210_ClientConnect(0,1,'CAN:Baud=Auto',0,0,0): ERR_HARDWARE_NOT_RESPONDING
Tue Dec 13 17:07:29.306 - [03308] RP1210_ClientConnect(0,1,'CAN:Baud=Auto',0,0,0): ERR_HARDWARE_NOT_RESPONDING
Tue Dec 13 17:07:29.311 - [03308] RP1210_ClientConnect(0,1,'CAN:Baud=Auto',0,0,0): ERR_HARDWARE_NOT_RESPONDING
Tue Dec 13 17:07:29.318 - [03308] RP1210_ClientConnect(0,1,'CAN:Baud=Auto',0,0,0): ERR_HARDWARE_NOT_RESPONDING
Tue Dec 13 17:07:29.324 - [03308] RP1210_ClientConnect(0,1,'CAN:Baud=Auto',0,0,0): ERR_HARDWARE_NOT_RESPONDING
Tue Dec 13 17:07:29.329 - [03308] RP1210_ClientConnect(0,1,'CAN:Baud=Auto',0,0,0): ERR_HARDWARE_NOT_RESPONDING
Tue Dec 13 17:07:29.336 - [03308] RP1210_ClientConnect(0,1,'CAN:Baud=Auto',0,0,0): ERR_HARDWARE_NOT_RESPONDING
Tue Dec 13 17:07:29.341 - [03308] RP1210_ClientConnect(0,1,'CAN:Baud=Auto',0,0,0): ERR_HARDWARE_NOT_RESPONDING
Tue Dec 13 17:07:29.346 - [03308] RP1210_ClientConnect(0,1,'CAN:Baud=Auto',0,0,0): ERR_HARDWARE_NOT_RESPONDING
Tue Dec 13 17:07:29.353 - [03308] RP1210_ClientConnect(0,1,'CAN:Baud=Auto',0,0,0): ERR_HARDWARE_NOT_RESPONDING
Tue Dec 13 17:07:29.359 - [03308] RP1210_ClientConnect(0,1,'CAN:Baud=Auto',0,0,0): ERR_HARDWARE_NOT_RESPONDING
Tue Dec 13 17:07:29.364 - [03308] RP1210_ClientConnect(0,1,'CAN:Baud=Auto',0,0,0): ERR_HARDWARE_NOT_RESPONDING
Tue Dec 13 17:07:29.370 - [03308] RP1210_ClientConnect(0,1,'CAN:Baud=Auto',0,0,0): ERR_HARDWARE_NOT_RESPONDING
Tue Dec 13 17:07:29.376 - [03308] RP1210_ClientConnect(0,1,'CAN:Baud=Auto',0,0,0): ERR_HARDWARE_NOT_RESPONDING
Tue Dec 13 17:07:29.382 - [03308] RP1210_ClientConnect(0,1,'CAN:Baud=Auto',0,0,0): ERR_HARDWARE_NOT_RESPONDING
Tue Dec 13 17:07:29.388 - [03308] RP1210_ClientConnect(0,1,'CAN:Baud=Auto',0,0,0): ERR_HARDWARE_NOT_RESPONDING
Tue Dec 13 17:07:29.393 - [03308] RP1210_ClientConnect(0,1,'CAN:Baud=Auto',0,0,0): ERR_HARDWARE_NOT_RESPONDING
Tue Dec 13 17:07:29.398 - [03308] RP1210_ClientConnect(0,1,'CAN:Baud=Auto',0,0,0): ERR_HARDWARE_NOT_RESPONDING
Tue Dec 13 17:07:29.405 - [03308] RP1210_ClientConnect(0,1,'CAN:Baud=Auto',0,0,0): ERR_HARDWARE_NOT_RESPONDING
Tue Dec 13 17:07:29.410 - [03308] RP1210_ClientConnect(0,1,'CAN:Baud=Auto',0,0,0): ERR_HARDWARE_NOT_RESPONDING
Tue Dec 13 17:07:29.414 - [03308] RP1210_ClientConnect(0,1,'CAN:Baud=Auto',0,0,0): ERR_HARDWARE_NOT_RESPONDING
Tue Dec 13 17:07:29.421 - [03308] RP1210_ClientConnect(0,1,'CAN:Baud=Auto',0,0,0): ERR_HARDWARE_NOT_RESPONDING
Tue Dec 13 17:07:29.426 - [03308] RP1210_ClientConnect(0,1,'CAN:Baud=Auto',0,0,0): ERR_HARDWARE_NOT_RESPONDING
Tue Dec 13 17:07:29.433 - [03308] RP1210_ClientConnect(0,1,'CAN:Baud=Auto',0,0,0): ERR_HARDWARE_NOT_RESPONDING
Tue Dec 13 17:07:29.438 - [03308] RP1210_ClientConnect(0,1,'CAN:Baud=Auto',0,0,0): ERR_HARDWARE_NOT_RESPONDING
Tue Dec 13 17:07:29.444 - [03308] RP1210_ClientConnect(0,1,'CAN:Baud=Auto',0,0,0): ERR_HARDWARE_NOT_RESPONDING
Tue Dec 13 17:07:29.450 - [03308] RP1210_ClientConnect(0,1,'CAN:Baud=Auto',0,0,0): ERR_HARDWARE_NOT_RESPONDING
Tue Dec 13 17:07:29.455 - [03308] RP1210_ClientConnect(0,1,'CAN:Baud=Auto',0,0,0): ERR_HARDWARE_NOT_RESPONDING
Tue Dec 13 17:07:29.460 - [03308] RP1210_ClientConnect(0,1,'CAN:Baud=Auto',0,0,0): ERR_HARDWARE_NOT_RESPONDING
Tue Dec 13 17:07:29.465 - [03308] RP1210_ClientConnect(0,1,'CAN:Baud=Auto',0,0,0): ERR_HARDWARE_NOT_RESPONDING
Tue Dec 13 17:07:29.471 - [03308] RP1210_ClientConnect(0,1,'CAN:Baud=Auto',0,0,0): ERR_HARDWARE_NOT_RESPONDING
Tue Dec 13 17:07:29.496 - [03308] RP1210_ClientConnect(0,1,'CAN:Baud=Auto',0,0,0): ERR_HARDWARE_NOT_RESPONDING
Tue Dec 13 17:07:29.504 - [03308] RP1210_ClientConnect(0,1,'CAN:Baud=Auto',0,0,0): ERR_HARDWARE_NOT_RESPONDING
Tue Dec 13 17:07:29.510 - [03308] RP1210_ClientConnect(0,1,'CAN:Baud=Auto',0,0,0): ERR_HARDWARE_NOT_RESPONDING
Tue Dec 13 17:07:29.516 - [03308] RP1210_ClientConnect(0,1,'CAN:Baud=Auto',0,0,0): ERR_HARDWARE_NOT_RESPONDING
Tue Dec 13 17:07:29.521 - [03308] RP1210_ClientConnect(0,1,'CAN:Baud=Auto',0,0,0): ERR_HARDWARE_NOT_RESPONDING
Tue Dec 13 17:07:29.526 - [03308] RP1210_ClientConnect(0,1,'CAN:Baud=Auto',0,0,0): ERR_HARDWARE_NOT_RESPONDING
Tue Dec 13 17:07:29.532 - [03308] RP1210_ClientConnect(0,1,'CAN:Baud=Auto',0,0,0): ERR_HARDWARE_NOT_RESPONDING
Tue Dec 13 17:07:29.540 - [03308] RP1210_ClientConnect(0,1,'CAN:Baud=Auto',0,0,0): ERR_HARDWARE_NOT_RESPONDING
Tue Dec 13 17:07:29.546 - [03308] RP1210_ClientConnect(0,1,'CAN:Baud=Auto',0,0,0): ERR_HARDWARE_NOT_RESPONDING
Tue Dec 13 17:07:29.553 - [03308] RP1210_ClientConnect(0,1,'CAN:Baud=Auto',0,0,0): ERR_HARDWARE_NOT_RESPONDING
Tue Dec 13 17:07:29.558 - [03308] RP1210_ClientConnect(0,1,'CAN:Baud=Auto',0,0,0): ERR_HARDWARE_NOT_RESPONDING
Tue Dec 13 17:07:29.562 - [03308] RP1210_ClientConnect(0,1,'CAN:Baud=Auto',0,0,0): ERR_HARDWARE_NOT_RESPONDING
Tue Dec 13 17:07:29.569 - [03308] RP1210_ClientConnect(0,1,'CAN:Baud=Auto',0,0,0): ERR_HARDWARE_NOT_RESPONDING
Tue Dec 13 17:07:29.574 - [03308] RP1210_ClientConnect(0,1,'CAN:Baud=Auto',0,0,0): ERR_HARDWARE_NOT_RESPONDING
Tue Dec 13 17:07:29.579 - [03308] RP1210_ClientConnect(0,1,'CAN:Baud=Auto',0,0,0): ERR_HARDWARE_NOT_RESPONDING
Tue Dec 13 17:07:29.584 - [03308] RP1210_ClientConnect(0,1,'CAN:Baud=Auto',0,0,0): ERR_HARDWARE_NOT_RESPONDING
Tue Dec 13 17:07:29.591 - [03308] RP1210_ClientConnect(0,1,'CAN:Baud=Auto',0,0,0): ERR_HARDWARE_NOT_RESPONDING
Tue Dec 13 17:07:29.596 - [03308] RP1210_ClientConnect(0,1,'CAN:Baud=Auto',0,0,0): ERR_HARDWARE_NOT_RESPONDING
Tue Dec 13 17:07:29.602 - [03308] RP1210_ClientConnect(0,1,'CAN:Baud=Auto',0,0,0): ERR_HARDWARE_NOT_RESPONDING
Tue Dec 13 17:07:29.607 - [03308] RP1210_ClientConnect(0,1,'CAN:Baud=Auto',0,0,0): ERR_HARDWARE_NOT_RESPONDING
Tue Dec 13 17:07:29.613 - [03308] RP1210_ClientConnect(0,1,'CAN:Baud=Auto',0,0,0): ERR_HARDWARE_NOT_RESPONDING
Tue Dec 13 17:07:29.620 - [03308] RP1210_ClientConnect(0,1,'CAN:Baud=Auto',0,0,0): ERR_HARDWARE_NOT_RESPONDING
Tue Dec 13 17:07:29.625 - [03308] RP1210_ClientConnect(0,1,'CAN:Baud=Auto',0,0,0): ERR_HARDWARE_NOT_RESPONDING
Tue Dec 13 17:07:29.630 - [03308] RP1210_ClientConnect(0,1,'CAN:Baud=Auto',0,0,0): ERR_HARDWARE_NOT_RESPONDING
Tue Dec 13 17:07:29.637 - [03308] RP1210_ClientConnect(0,1,'CAN:Baud=Auto',0,0,0): ERR_HARDWARE_NOT_RESPONDING
Tue Dec 13 17:07:29.642 - [03308] RP1210_ClientConnect(0,1,'CAN:Baud=Auto',0,0,0): ERR_HARDWARE_NOT_RESPONDING
Tue Dec 13 17:07:29.647 - [03308] RP1210_ClientConnect(0,1,'CAN:Baud=Auto',0,0,0): ERR_HARDWARE_NOT_RESPONDING
Tue Dec 13 17:07:29.654 - [03308] RP1210_ClientConnect(0,1,'CAN:Baud=Auto',0,0,0): ERR_HARDWARE_NOT_RESPONDING
Tue Dec 13 17:07:29.659 - [03308] RP1210_ClientConnect(0,1,'CAN:Baud=Auto',0,0,0): ERR_HARDWARE_NOT_RESPONDING
Tue Dec 13 17:07:29.664 - [03308] RP1210_ClientConnect(0,1,'CAN:Baud=Auto',0,0,0): ERR_HARDWARE_NOT_RESPONDING
Tue Dec 13 17:07:29.672 - [03308] RP1210_ClientConnect(0,1,'CAN:Baud=Auto',0,0,0): ERR_HARDWARE_NOT_RESPONDING
Tue Dec 13 17:07:29.677 - [03308] RP1210_ClientConnect(0,1,'CAN:Baud=Auto',0,0,0): ERR_HARDWARE_NOT_RESPONDING
Tue Dec 13 17:07:29.682 - [03308] RP1210_ClientConnect(0,1,'CAN:Baud=Auto',0,0,0): ERR_HARDWARE_NOT_RESPONDING
Tue Dec 13 17:07:29.688 - [03308] RP1210_ClientConnect(0,1,'CAN:Baud=Auto',0,0,0): ERR_HARDWARE_NOT_RESPONDING
Tue Dec 13 17:07:29.693 - [03308] RP1210_ClientConnect(0,1,'CAN:Baud=Auto',0,0,0): ERR_HARDWARE_NOT_RESPONDING
Tue Dec 13 17:07:29.699 - [03308] RP1210_ClientConnect(0,1,'CAN:Baud=Auto',0,0,0): ERR_HARDWARE_NOT_RESPONDING
Tue Dec 13 17:07:29.705 - [03308] RP1210_ClientConnect(0,1,'CAN:Baud=Auto',0,0,0): ERR_HARDWARE_NOT_RESPONDING
Tue Dec 13 17:07:29.710 - [03308] RP1210_ClientConnect(0,1,'CAN:Baud=Auto',0,0,0): ERR_HARDWARE_NOT_RESPONDING
Tue Dec 13 17:07:29.719 - [03308] RP1210_ClientConnect(0,1,'CAN:Baud=Auto',0,0,0): ERR_HARDWARE_NOT_RESPONDING
Tue Dec 13 17:07:29.725 - [03308] RP1210_ClientConnect(0,1,'CAN:Baud=Auto',0,0,0): ERR_HARDWARE_NOT_RESPONDING
Tue Dec 13 17:07:29.730 - [03308] RP1210_ClientConnect(0,1,'CAN:Baud=Auto',0,0,0): ERR_HARDWARE_NOT_RESPONDING
Tue Dec 13 17:07:29.736 - [03308] RP1210_ClientConnect(0,1,'CAN:Baud=Auto',0,0,0): ERR_HARDWARE_NOT_RESPONDING
Tue Dec 13 17:07:29.741 - [03308] RP1210_ClientConnect(0,1,'CAN:Baud=Auto',0,0,0): ERR_HARDWARE_NOT_RESPONDING
Tue Dec 13 17:07:29.746 - [03308] RP1210_ClientConnect(0,1,'CAN:Baud=Auto',0,0,0): ERR_HARDWARE_NOT_RESPONDING
Tue Dec 13 17:07:29.753 - [03308] RP1210_ClientConnect(0,1,'CAN:Baud=Auto',0,0,0): ERR_HARDWARE_NOT_RESPONDING
Tue Dec 13 17:07:29.758 - [03308] RP1210_ClientConnect(0,1,'CAN:Baud=Auto',0,0,0): ERR_HARDWARE_NOT_RESPONDING
Tue Dec 13 17:07:29.763 - [03308] RP1210_ClientConnect(0,1,'CAN:Baud=Auto',0,0,0): ERR_HARDWARE_NOT_RESPONDING
Tue Dec 13 17:07:29.770 - [03308] RP1210_ClientConnect(0,1,'CAN:Baud=Auto',0,0,0): ERR_HARDWARE_NOT_RESPONDING
Tue Dec 13 17:07:29.776 - [03308] RP1210_ClientConnect(0,1,'CAN:Baud=Auto',0,0,0): ERR_HARDWARE_NOT_RESPONDING
Tue Dec 13 17:07:29.781 - [03308] RP1210_ClientConnect(0,1,'CAN:Baud=Auto',0,0,0): ERR_HARDWARE_NOT_RESPONDING
Tue Dec 13 17:07:29.788 - [03308] RP1210_ClientConnect(0,1,'CAN:Baud=Auto',0,0,0): ERR_HARDWARE_NOT_RESPONDING
Tue Dec 13 17:07:29.793 - [03308] RP1210_ClientConnect(0,1,'CAN:Baud=Auto',0,0,0): ERR_HARDWARE_NOT_RESPONDING
Tue Dec 13 17:07:29.800 - [03308] RP1210_ClientConnect(0,1,'CAN:Baud=Auto',0,0,0): ERR_HARDWARE_NOT_RESPONDING
Tue Dec 13 17:07:29.805 - [03308] RP1210_ClientConnect(0,1,'CAN:Baud=Auto',0,0,0): ERR_HARDWARE_NOT_RESPONDING
Tue Dec 13 17:07:29.810 - [03308] RP1210_ClientConnect(0,1,'CAN:Baud=Auto',0,0,0): ERR_HARDWARE_NOT_RESPONDING
Tue Dec 13 17:07:29.816 - [03308] RP1210_ClientConnect(0,1,'CAN:Baud=Auto',0,0,0): ERR_HARDWARE_NOT_RESPONDING
Tue Dec 13 17:07:29.822 - [03308] RP1210_ClientConnect(0,1,'CAN:Baud=Auto',0,0,0): ERR_HARDWARE_NOT_RESPONDING
Tue Dec 13 17:07:29.827 - [03308] RP1210_ClientConnect(0,1,'CAN:Baud=Auto',0,0,0): ERR_HARDWARE_NOT_RESPONDING
Tue Dec 13 17:07:29.834 - [03308] RP1210_ClientConnect(0,1,'CAN:Baud=Auto',0,0,0): ERR_HARDWARE_NOT_RESPONDING
Tue Dec 13 17:07:29.839 - [03308] RP1210_ClientConnect(0,1,'CAN:Baud=Auto',0,0,0): ERR_HARDWARE_NOT_RESPONDING
Tue Dec 13 17:07:29.902 - [03308] RP1210_ClientConnect(0,1,'CAN:Baud=Auto',0,0,0): ERR_HARDWARE_NOT_RESPONDING
Tue Dec 13 17:07:29.913 - [03308] RP1210_ClientConnect(0,1,'CAN:Baud=Auto',0,0,0): ERR_HARDWARE_NOT_RESPONDING
Tue Dec 13 17:07:29.929 - [03308] RP1210_ClientConnect(0,1,'CAN:Baud=Auto',0,0,0): ERR_HARDWARE_NOT_RESPONDING
Tue Dec 13 17:07:29.936 - [03308] RP1210_ClientConnect(0,1,'CAN:Baud=Auto',0,0,0): ERR_HARDWARE_NOT_RESPONDING
Tue Dec 13 17:07:29.941 - [03308] RP1210_ClientConnect(0,1,'CAN:Baud=Auto',0,0,0): ERR_HARDWARE_NOT_RESPONDING
Tue Dec 13 17:07:29.946 - [03308] RP1210_ClientConnect(0,1,'CAN:Baud=Auto',0,0,0): ERR_HARDWARE_NOT_RESPONDING
Tue Dec 13 17:07:29.952 - [03308] RP1210_ClientConnect(0,1,'CAN:Baud=Auto',0,0,0): ERR_HARDWARE_NOT_RESPONDING
Tue Dec 13 17:07:29.957 - [03308] RP1210_ClientConnect(0,1,'CAN:Baud=Auto',0,0,0): ERR_HARDWARE_NOT_RESPONDING
Tue Dec 13 17:07:29.963 - [03308] RP1210_ClientConnect(0,1,'CAN:Baud=Auto',0,0,0): ERR_HARDWARE_NOT_RESPONDING
Tue Dec 13 17:07:29.971 - [03308] RP1210_ClientConnect(0,1,'CAN:Baud=Auto',0,0,0): ERR_HARDWARE_NOT_RESPONDING
Tue Dec 13 17:07:29.977 - [03308] RP1210_ClientConnect(0,1,'CAN:Baud=Auto',0,0,0): ERR_HARDWARE_NOT_RESPONDING
Tue Dec 13 17:07:29.984 - [03308] RP1210_ClientConnect(0,1,'CAN:Baud=Auto',0,0,0): ERR_HARDWARE_NOT_RESPONDING
Tue Dec 13 17:07:29.989 - [03308] RP1210_ClientConnect(0,1,'CAN:Baud=Auto',0,0,0): ERR_HARDWARE_NOT_RESPONDING
Tue Dec 13 17:07:29.994 - [03308] RP1210_ClientConnect(0,1,'CAN:Baud=Auto',0,0,0): ERR_HARDWARE_NOT_RESPONDING
Tue Dec 13 17:07:30.001 - [03308] RP1210_ClientConnect(0,1,'CAN:Baud=Auto',0,0,0): ERR_HARDWARE_NOT_RESPONDING
Tue Dec 13 17:07:30.006 - [03308] RP1210_ClientConnect(0,1,'CAN:Baud=Auto',0,0,0): ERR_HARDWARE_NOT_RESPONDING
Tue Dec 13 17:07:30.011 - [03308] RP1210_ClientConnect(0,1,'CAN:Baud=Auto',0,0,0): ERR_HARDWARE_NOT_RESPONDING
Tue Dec 13 17:07:30.018 - [03308] RP1210_ClientConnect(0,1,'CAN:Baud=Auto',0,0,0): ERR_HARDWARE_NOT_RESPONDING
Tue Dec 13 17:07:30.023 - [03308] RP1210_ClientConnect(0,1,'CAN:Baud=Auto',0,0,0): ERR_HARDWARE_NOT_RESPONDING
Tue Dec 13 17:07:30.029 - [03308] RP1210_ClientConnect(0,1,'CAN:Baud=Auto',0,0,0): ERR_HARDWARE_NOT_RESPONDING
Tue Dec 13 17:07:30.035 - [03308] RP1210_ClientConnect(0,1,'CAN:Baud=Auto',0,0,0): ERR_HARDWARE_NOT_RESPONDING
Tue Dec 13 17:07:30.042 - [03308] RP1210_ClientConnect(0,1,'CAN:Baud=Auto',0,0,0): ERR_HARDWARE_NOT_RESPONDING
Tue Dec 13 17:07:30.047 - [03308] RP1210_ClientConnect(0,1,'CAN:Baud=Auto',0,0,0): ERR_HARDWARE_NOT_RESPONDING
Tue Dec 13 17:07:30.054 - [03308] RP1210_ClientConnect(0,1,'CAN:Baud=Auto',0,0,0): ERR_HARDWARE_NOT_RESPONDING
Tue Dec 13 17:07:30.059 - [03308] RP1210_ClientConnect(0,1,'CAN:Baud=Auto',0,0,0): ERR_HARDWARE_NOT_RESPONDING
Tue Dec 13 17:07:30.064 - [03308] RP1210_ClientConnect(0,1,'CAN:Baud=Auto',0,0,0): ERR_HARDWARE_NOT_RESPONDING
Tue Dec 13 17:07:30.070 - [03308] RP1210_ClientConnect(0,1,'CAN:Baud=Auto',0,0,0): ERR_HARDWARE_NOT_RESPONDING
Tue Dec 13 17:07:30.076 - [03308] RP1210_ClientConnect(0,1,'CAN:Baud=Auto',0,0,0): ERR_HARDWARE_NOT_RESPONDING
Tue Dec 13 17:07:30.081 - [03308] RP1210_ClientConnect(0,1,'CAN:Baud=Auto',0,0,0): ERR_HARDWARE_NOT_RESPONDING
Tue Dec 13 17:07:30.088 - [03308] RP1210_ClientConnect(0,1,'CAN:Baud=Auto',0,0,0): ERR_HARDWARE_NOT_RESPONDING
Tue Dec 13 17:07:30.093 - [03308] RP1210_ClientConnect(0,1,'CAN:Baud=Auto',0,0,0): ERR_HARDWARE_NOT_RESPONDING
Tue Dec 13 17:07:30.099 - [03308] RP1210_ClientConnect(0,1,'CAN:Baud=Auto',0,0,0): ERR_HARDWARE_NOT_RESPONDING
Tue Dec 13 17:07:30.105 - [03308] RP1210_ClientConnect(0,1,'CAN:Baud=Auto',0,0,0): ERR_HARDWARE_NOT_RESPONDING
Tue Dec 13 17:07:30.110 - [03308] RP1210_ClientConnect(0,1,'CAN:Baud=Auto',0,0,0): ERR_HARDWARE_NOT_RESPONDING
Tue Dec 13 17:07:30.115 - [03308] RP1210_ClientConnect(0,1,'CAN:Baud=Auto',0,0,0): ERR_HARDWARE_NOT_RESPONDING
Tue Dec 13 17:07:30.122 - [03308] RP1210_ClientConnect(0,1,'CAN:Baud=Auto',0,0,0): ERR_HARDWARE_NOT_RESPONDING
Tue Dec 13 17:07:30.128 - [03308] RP1210_ClientConnect(0,1,'CAN:Baud=Auto',0,0,0): ERR_HARDWARE_NOT_RESPONDING
Tue Dec 13 17:07:30.134 - [03308] RP1210_ClientConnect(0,1,'CAN:Baud=Auto',0,0,0): ERR_HARDWARE_NOT_RESPONDING
Tue Dec 13 17:07:30.140 - [03308] RP1210_ClientConnect(0,1,'CAN:Baud=Auto',0,0,0): ERR_HARDWARE_NOT_RESPONDING
Tue Dec 13 17:07:30.145 - [03308] RP1210_ClientConnect(0,1,'CAN:Baud=Auto',0,0,0): ERR_HARDWARE_NOT_RESPONDING
Tue Dec 13 17:07:30.151 - [03308] RP1210_ClientConnect(0,1,'CAN:Baud=Auto',0,0,0): ERR_HARDWARE_NOT_RESPONDING
Tue Dec 13 17:07:30.156 - [03308] RP1210_ClientConnect(0,1,'CAN:Baud=Auto',0,0,0): ERR_HARDWARE_NOT_RESPONDING
Tue Dec 13 17:07:30.162 - [03308] RP1210_ClientConnect(0,1,'CAN:Baud=Auto',0,0,0): ERR_HARDWARE_NOT_RESPONDING
Tue Dec 13 17:07:30.168 - [03308] RP1210_ClientConnect(0,1,'CAN:Baud=Auto',0,0,0): ERR_HARDWARE_NOT_RESPONDING
Tue Dec 13 17:07:30.173 - [03308] RP1210_ClientConnect(0,1,'CAN:Baud=Auto',0,0,0): ERR_HARDWARE_NOT_RESPONDING
Tue Dec 13 17:07:30.178 - [03308] RP1210_ClientConnect(0,1,'CAN:Baud=Auto',0,0,0): ERR_HARDWARE_NOT_RESPONDING
Tue Dec 13 17:07:30.185 - [03308] RP1210_ClientConnect(0,1,'CAN:Baud=Auto',0,0,0): ERR_HARDWARE_NOT_RESPONDING
Tue Dec 13 17:07:30.190 - [03308] RP1210_ClientConnect(0,1,'CAN:Baud=Auto',0,0,0): ERR_HARDWARE_NOT_RESPONDING
Tue Dec 13 17:07:30.196 - [03308] RP1210_ClientConnect(0,1,'CAN:Baud=Auto',0,0,0): ERR_HARDWARE_NOT_RESPONDING
Tue Dec 13 17:07:30.202 - [03308] RP1210_ClientConnect(0,1,'CAN:Baud=Auto',0,0,0): ERR_HARDWARE_NOT_RESPONDING
Tue Dec 13 17:07:30.207 - [03308] RP1210_ClientConnect(0,1,'CAN:Baud=Auto',0,0,0): ERR_HARDWARE_NOT_RESPONDING
Tue Dec 13 17:07:30.212 - [03308] RP1210_ClientConnect(0,1,'CAN:Baud=Auto',0,0,0): ERR_HARDWARE_NOT_RESPONDING
Tue Dec 13 17:07:30.218 - [03308] RP1210_ClientConnect(0,1,'CAN:Baud=Auto',0,0,0): ERR_HARDWARE_NOT_RESPONDING
Tue Dec 13 17:07:30.223 - [03308] RP1210_ClientConnect(0,1,'CAN:Baud=Auto',0,0,0): ERR_HARDWARE_NOT_RESPONDING
Tue Dec 13 17:07:30.229 - [03308] RP1210_ClientConnect(0,1,'CAN:Baud=Auto',0,0,0): ERR_HARDWARE_NOT_RESPONDING
Tue Dec 13 17:07:30.235 - [03308] RP1210_ClientConnect(0,1,'CAN:Baud=Auto',0,0,0): ERR_HARDWARE_NOT_RESPONDING
Tue Dec 13 17:07:30.241 - [03308] RP1210_ClientConnect(0,1,'CAN:Baud=Auto',0,0,0): ERR_HARDWARE_NOT_RESPONDING
Tue Dec 13 17:07:30.246 - [03308] RP1210_ClientConnect(0,1,'CAN:Baud=Auto',0,0,0): ERR_HARDWARE_NOT_RESPONDING
Tue Dec 13 17:07:30.252 - [03308] RP1210_ClientConnect(0,1,'CAN:Baud=Auto',0,0,0): ERR_HARDWARE_NOT_RESPONDING
Tue Dec 13 17:07:30.257 - [03308] RP1210_ClientConnect(0,1,'CAN:Baud=Auto',0,0,0): ERR_HARDWARE_NOT_RESPONDING
Tue Dec 13 17:07:30.262 - [03308] RP1210_ClientConnect(0,1,'CAN:Baud=Auto',0,0,0): ERR_HARDWARE_NOT_RESPONDING
Tue Dec 13 17:07:30.268 - [03308] RP1210_ClientConnect(0,1,'CAN:Baud=Auto',0,0,0): ERR_HARDWARE_NOT_RESPONDING
Tue Dec 13 17:07:30.273 - [03308] RP1210_ClientConnect(0,1,'CAN:Baud=Auto',0,0,0): ERR_HARDWARE_NOT_RESPONDING
Tue Dec 13 17:07:30.278 - [03308] RP1210_ClientConnect(0,1,'CAN:Baud=Auto',0,0,0): ERR_HARDWARE_NOT_RESPONDING
Tue Dec 13 17:07:30.285 - [03308] RP1210_ClientConnect(0,1,'CAN:Baud=Auto',0,0,0): ERR_HARDWARE_NOT_RESPONDING
Tue Dec 13 17:07:30.290 - [03308] RP1210_ClientConnect(0,1,'CAN:Baud=Auto',0,0,0): ERR_HARDWARE_NOT_RESPONDING
Tue Dec 13 17:07:30.296 - [03308] RP1210_ClientConnect(0,1,'CAN:Baud=Auto',0,0,0): ERR_HARDWARE_NOT_RESPONDING
Tue Dec 13 17:07:30.303 - [03308] RP1210_ClientConnect(0,1,'CAN:Baud=Auto',0,0,0): ERR_HARDWARE_NOT_RESPONDING
Tue Dec 13 17:07:30.309 - [03308] RP1210_ClientConnect(0,1,'CAN:Baud=Auto',0,0,0): ERR_HARDWARE_NOT_RESPONDING
Tue Dec 13 17:07:30.314 - [03308] RP1210_ClientConnect(0,1,'CAN:Baud=Auto',0,0,0): ERR_HARDWARE_NOT_RESPONDING
Tue Dec 13 17:07:30.321 - [03308] RP1210_ClientConnect(0,1,'CAN:Baud=Auto',0,0,0): ERR_HARDWARE_NOT_RESPONDING
Tue Dec 13 17:07:30.327 - [03308] RP1210_ClientConnect(0,1,'CAN:Baud=Auto',0,0,0): ERR_HARDWARE_NOT_RESPONDING
Tue Dec 13 17:07:30.332 - [03308] RP1210_ClientConnect(0,1,'CAN:Baud=Auto',0,0,0): ERR_HARDWARE_NOT_RESPONDING
Tue Dec 13 17:07:30.339 - [03308] RP1210_ClientConnect(0,1,'CAN:Baud=Auto',0,0,0): ERR_HARDWARE_NOT_RESPONDING
Tue Dec 13 17:07:30.344 - [03308] RP1210_ClientConnect(0,1,'CAN:Baud=Auto',0,0,0): ERR_HARDWARE_NOT_RESPONDING
Tue Dec 13 17:07:30.350 - [03308] RP1210_ClientConnect(0,1,'CAN:Baud=Auto',0,0,0): ERR_HARDWARE_NOT_RESPONDING
Tue Dec 13 17:07:30.355 - [03308] RP1210_ClientConnect(0,1,'CAN:Baud=Auto',0,0,0): ERR_HARDWARE_NOT_RESPONDING
Tue Dec 13 17:07:30.360 - [03308] RP1210_ClientConnect(0,1,'CAN:Baud=Auto',0,0,0): ERR_HARDWARE_NOT_RESPONDING
Tue Dec 13 17:07:30.365 - [03308] RP1210_ClientConnect(0,1,'CAN:Baud=Auto',0,0,0): ERR_HARDWARE_NOT_RESPONDING
Tue Dec 13 17:07:30.371 - [03308] RP1210_ClientConnect(0,1,'CAN:Baud=Auto',0,0,0): ERR_HARDWARE_NOT_RESPONDING
Tue Dec 13 17:07:30.376 - [03308] RP1210_ClientConnect(0,1,'CAN:Baud=Auto',0,0,0): ERR_HARDWARE_NOT_RESPONDING
Tue Dec 13 17:07:30.381 - [03308] RP1210_ClientConnect(0,1,'CAN:Baud=Auto',0,0,0): ERR_HARDWARE_NOT_RESPONDING
Tue Dec 13 17:07:30.388 - [03308] RP1210_ClientConnect(0,1,'CAN:Baud=Auto',0,0,0): ERR_HARDWARE_NOT_RESPONDING
Tue Dec 13 17:07:30.393 - [03308] RP1210_ClientConnect(0,1,'CAN:Baud=Auto',0,0,0): ERR_HARDWARE_NOT_RESPONDING
Tue Dec 13 17:07:30.398 - [03308] RP1210_ClientConnect(0,1,'CAN:Baud=Auto',0,0,0): ERR_HARDWARE_NOT_RESPONDING
Tue Dec 13 17:07:30.405 - [03308] RP1210_ClientConnect(0,1,'CAN:Baud=Auto',0,0,0): ERR_HARDWARE_NOT_RESPONDING
Tue Dec 13 17:07:30.410 - [03308] RP1210_ClientConnect(0,1,'CAN:Baud=Auto',0,0,0): ERR_HARDWARE_NOT_RESPONDING
Tue Dec 13 17:07:30.415 - [03308] RP1210_ClientConnect(0,1,'CAN:Baud=Auto',0,0,0): ERR_HARDWARE_NOT_RESPONDING
Tue Dec 13 17:07:30.421 - [03308] RP1210_ClientConnect(0,1,'CAN:Baud=Auto',0,0,0): ERR_HARDWARE_NOT_RESPONDING
Tue Dec 13 17:07:30.427 - [03308] RP1210_ClientConnect(0,1,'CAN:Baud=Auto',0,0,0): ERR_HARDWARE_NOT_RESPONDING
Tue Dec 13 17:07:30.432 - [03308] RP1210_ClientConnect(0,1,'CAN:Baud=Auto',0,0,0): ERR_HARDWARE_NOT_RESPONDING
Tue Dec 13 17:07:30.439 - [03308] RP1210_ClientConnect(0,1,'CAN:Baud=Auto',0,0,0): ERR_HARDWARE_NOT_RESPONDING
Tue Dec 13 17:07:30.444 - [03308] RP1210_ClientConnect(0,1,'CAN:Baud=Auto',0,0,0): ERR_HARDWARE_NOT_RESPONDING
Tue Dec 13 17:07:30.448 - [03308] RP1210_ClientConnect(0,1,'CAN:Baud=Auto',0,0,0): ERR_HARDWARE_NOT_RESPONDING
Tue Dec 13 17:07:30.455 - [03308] RP1210_ClientConnect(0,1,'CAN:Baud=Auto',0,0,0): ERR_HARDWARE_NOT_RESPONDING
Tue Dec 13 17:07:30.461 - [03308] RP1210_ClientConnect(0,1,'CAN:Baud=Auto',0,0,0): ERR_HARDWARE_NOT_RESPONDING
Tue Dec 13 17:07:30.468 - [03308] RP1210_ClientConnect(0,1,'CAN:Baud=Auto',0,0,0): ERR_HARDWARE_NOT_RESPONDING
Tue Dec 13 17:07:30.473 - [03308] RP1210_ClientConnect(0,1,'CAN:Baud=Auto',0,0,0): ERR_HARDWARE_NOT_RESPONDING
Tue Dec 13 17:07:30.478 - [03308] RP1210_ClientConnect(0,1,'CAN:Baud=Auto',0,0,0): ERR_HARDWARE_NOT_RESPONDING
Tue Dec 13 17:07:30.485 - [03308] RP1210_ClientConnect(0,1,'CAN:Baud=Auto',0,0,0): ERR_HARDWARE_NOT_RESPONDING
Tue Dec 13 17:07:30.491 - [03308] RP1210_ClientConnect(0,1,'CAN:Baud=Auto',0,0,0): ERR_HARDWARE_NOT_RESPONDING
Tue Dec 13 17:07:30.495 - [03308] RP1210_ClientConnect(0,1,'CAN:Baud=Auto',0,0,0): ERR_HARDWARE_NOT_RESPONDING
Tue Dec 13 17:07:30.501 - [03308] RP1210_ClientConnect(0,1,'CAN:Baud=Auto',0,0,0): ERR_HARDWARE_NOT_RESPONDING
Tue Dec 13 17:07:30.506 - [03308] RP1210_ClientConnect(0,1,'CAN:Baud=Auto',0,0,0): ERR_HARDWARE_NOT_RESPONDING
Tue Dec 13 17:07:30.513 - [03308] RP1210_ClientConnect(0,1,'CAN:Baud=Auto',0,0,0): ERR_HARDWARE_NOT_RESPONDING
Tue Dec 13 17:07:30.520 - [03308] RP1210_ClientConnect(0,1,'CAN:Baud=Auto',0,0,0): ERR_HARDWARE_NOT_RESPONDING
Tue Dec 13 17:07:30.525 - [03308] RP1210_ClientConnect(0,1,'CAN:Baud=Auto',0,0,0): ERR_HARDWARE_NOT_RESPONDING
Tue Dec 13 17:07:30.530 - [03308] RP1210_ClientConnect(0,1,'CAN:Baud=Auto',0,0,0): ERR_HARDWARE_NOT_RESPONDING
Tue Dec 13 17:07:30.537 - [03308] RP1210_ClientConnect(0,1,'CAN:Baud=Auto',0,0,0): ERR_HARDWARE_NOT_RESPONDING
Tue Dec 13 17:07:30.544 - [03308] RP1210_ClientConnect(0,1,'CAN:Baud=Auto',0,0,0): ERR_HARDWARE_NOT_RESPONDING
Tue Dec 13 17:07:30.551 - [03308] RP1210_ClientConnect(0,1,'CAN:Baud=Auto',0,0,0): ERR_HARDWARE_NOT_RESPONDING
Tue Dec 13 17:07:30.556 - [03308] RP1210_ClientConnect(0,1,'CAN:Baud=Auto',0,0,0): ERR_HARDWARE_NOT_RESPONDING
Tue Dec 13 17:07:30.561 - [03308] RP1210_ClientConnect(0,1,'CAN:Baud=Auto',0,0,0): ERR_HARDWARE_NOT_RESPONDING
Tue Dec 13 17:07:30.566 - [03308] RP1210_ClientConnect(0,1,'CAN:Baud=Auto',0,0,0): ERR_HARDWARE_NOT_RESPONDING
Tue Dec 13 17:07:30.573 - [03308] RP1210_ClientConnect(0,1,'CAN:Baud=Auto',0,0,0): ERR_HARDWARE_NOT_RESPONDING
Tue Dec 13 17:07:30.578 - [03308] RP1210_ClientConnect(0,1,'CAN:Baud=Auto',0,0,0): ERR_HARDWARE_NOT_RESPONDING
Tue Dec 13 17:07:30.583 - [03308] RP1210_ClientConnect(0,1,'CAN:Baud=Auto',0,0,0): ERR_HARDWARE_NOT_RESPONDING
Tue Dec 13 17:07:30.589 - [03308] RP1210_ClientConnect(0,1,'CAN:Baud=Auto',0,0,0): ERR_HARDWARE_NOT_RESPONDING
Tue Dec 13 17:07:30.594 - [03308] RP1210_ClientConnect(0,1,'CAN:Baud=Auto',0,0,0): ERR_HARDWARE_NOT_RESPONDING
Tue Dec 13 17:07:30.600 - [03308] RP1210_ClientConnect(0,1,'CAN:Baud=Auto',0,0,0): ERR_HARDWARE_NOT_RESPONDING
Tue Dec 13 17:07:30.606 - [03308] RP1210_ClientConnect(0,1,'CAN:Baud=Auto',0,0,0): ERR_HARDWARE_NOT_RESPONDING
Tue Dec 13 17:07:30.611 - [03308] RP1210_ClientConnect(0,1,'CAN:Baud=Auto',0,0,0): ERR_HARDWARE_NOT_RESPONDING
Tue Dec 13 17:07:30.616 - [03308] RP1210_ClientConnect(0,1,'CAN:Baud=Auto',0,0,0): ERR_HARDWARE_NOT_RESPONDING
Tue Dec 13 17:07:30.622 - [03308] RP1210_ClientConnect(0,1,'CAN:Baud=Auto',0,0,0): ERR_HARDWARE_NOT_RESPONDING
Tue Dec 13 17:07:30.627 - [03308] RP1210_ClientConnect(0,1,'CAN:Baud=Auto',0,0,0): ERR_HARDWARE_NOT_RESPONDING
Tue Dec 13 17:07:30.632 - [03308] RP1210_ClientConnect(0,1,'CAN:Baud=Auto',0,0,0): ERR_HARDWARE_NOT_RESPONDING
Tue Dec 13 17:07:30.638 - [03308] RP1210_ClientConnect(0,1,'CAN:Baud=Auto',0,0,0): ERR_HARDWARE_NOT_RESPONDING
Tue Dec 13 17:07:30.643 - [03308] RP1210_ClientConnect(0,1,'CAN:Baud=Auto',0,0,0): ERR_HARDWARE_NOT_RESPONDING
Tue Dec 13 17:07:30.648 - [03308] RP1210_ClientConnect(0,1,'CAN:Baud=Auto',0,0,0): ERR_HARDWARE_NOT_RESPONDING
Tue Dec 13 17:07:30.655 - [03308] RP1210_ClientConnect(0,1,'CAN:Baud=Auto',0,0,0): ERR_HARDWARE_NOT_RESPONDING
Tue Dec 13 17:07:30.660 - [03308] RP1210_ClientConnect(0,1,'CAN:Baud=Auto',0,0,0): ERR_HARDWARE_NOT_RESPONDING
Tue Dec 13 17:07:30.665 - [03308] RP1210_ClientConnect(0,1,'CAN:Baud=Auto',0,0,0): ERR_HARDWARE_NOT_RESPONDING
Tue Dec 13 17:07:30.672 - [03308] RP1210_ClientConnect(0,1,'CAN:Baud=Auto',0,0,0): ERR_HARDWARE_NOT_RESPONDING
Tue Dec 13 17:07:30.677 - [03308] RP1210_ClientConnect(0,1,'CAN:Baud=Auto',0,0,0): ERR_HARDWARE_NOT_RESPONDING
Tue Dec 13 17:07:30.681 - [03308] RP1210_ClientConnect(0,1,'CAN:Baud=Auto',0,0,0): ERR_HARDWARE_NOT_RESPONDING
Tue Dec 13 17:07:30.688 - [03308] RP1210_ClientConnect(0,1,'CAN:Baud=Auto',0,0,0): ERR_HARDWARE_NOT_RESPONDING
Tue Dec 13 17:07:30.693 - [03308] RP1210_ClientConnect(0,1,'CAN:Baud=Auto',0,0,0): ERR_HARDWARE_NOT_RESPONDING
Tue Dec 13 17:07:30.698 - [03308] RP1210_ClientConnect(0,1,'CAN:Baud=Auto',0,0,0): ERR_HARDWARE_NOT_RESPONDING
Tue Dec 13 17:07:30.704 - [03308] RP1210_ClientConnect(0,1,'CAN:Baud=Auto',0,0,0): ERR_HARDWARE_NOT_RESPONDING
Tue Dec 13 17:07:30.709 - [03308] RP1210_ClientConnect(0,1,'CAN:Baud=Auto',0,0,0): ERR_HARDWARE_NOT_RESPONDING
Tue Dec 13 17:07:30.715 - [03308] RP1210_ClientConnect(0,1,'CAN:Baud=Auto',0,0,0): ERR_HARDWARE_NOT_RESPONDING
Tue Dec 13 17:07:30.724 - [03308] RP1210_ClientConnect(0,1,'CAN:Baud=Auto',0,0,0): ERR_HARDWARE_NOT_RESPONDING
Tue Dec 13 17:07:30.729 - [03308] RP1210_ClientConnect(0,1,'CAN:Baud=Auto',0,0,0): ERR_HARDWARE_NOT_RESPONDING
Tue Dec 13 17:07:30.735 - [03308] RP1210_ClientConnect(0,1,'CAN:Baud=Auto',0,0,0): ERR_HARDWARE_NOT_RESPONDING
Tue Dec 13 17:07:30.740 - [03308] RP1210_ClientConnect(0,1,'CAN:Baud=Auto',0,0,0): ERR_HARDWARE_NOT_RESPONDING
Tue Dec 13 17:07:30.745 - [03308] RP1210_ClientConnect(0,1,'CAN:Baud=Auto',0,0,0): ERR_HARDWARE_NOT_RESPONDING
Tue Dec 13 17:07:30.751 - [03308] RP1210_ClientConnect(0,1,'CAN:Baud=Auto',0,0,0): ERR_HARDWARE_NOT_RESPONDING
Tue Dec 13 17:07:30.757 - [03308] RP1210_ClientConnect(0,1,'CAN:Baud=Auto',0,0,0): ERR_HARDWARE_NOT_RESPONDING
Tue Dec 13 17:07:30.762 - [03308] RP1210_ClientConnect(0,1,'CAN:Baud=Auto',0,0,0): ERR_HARDWARE_NOT_RESPONDING
Tue Dec 13 17:07:30.769 - [03308] RP1210_ClientConnect(0,1,'CAN:Baud=Auto',0,0,0): ERR_HARDWARE_NOT_RESPONDING
Tue Dec 13 17:07:30.775 - [03308] RP1210_ClientConnect(0,1,'CAN:Baud=Auto',0,0,0): ERR_HARDWARE_NOT_RESPONDING
Tue Dec 13 17:07:30.780 - [03308] RP1210_ClientConnect(0,1,'CAN:Baud=Auto',0,0,0): ERR_HARDWARE_NOT_RESPONDING
Tue Dec 13 17:07:30.786 - [03308] RP1210_ClientConnect(0,1,'CAN:Baud=Auto',0,0,0): ERR_HARDWARE_NOT_RESPONDING
Tue Dec 13 17:07:30.792 - [03308] RP1210_ClientConnect(0,1,'CAN:Baud=Auto',0,0,0): ERR_HARDWARE_NOT_RESPONDING
Tue Dec 13 17:07:30.797 - [03308] RP1210_ClientConnect(0,1,'CAN:Baud=Auto',0,0,0): ERR_HARDWARE_NOT_RESPONDING
Tue Dec 13 17:07:30.803 - [03308] RP1210_ClientConnect(0,1,'CAN:Baud=Auto',0,0,0): ERR_HARDWARE_NOT_RESPONDING
Tue Dec 13 17:07:30.808 - [03308] RP1210_ClientConnect(0,1,'CAN:Baud=Auto',0,0,0): ERR_HARDWARE_NOT_RESPONDING
Tue Dec 13 17:07:30.813 - [03308] RP1210_ClientConnect(0,1,'CAN:Baud=Auto',0,0,0): ERR_HARDWARE_NOT_RESPONDING
Tue Dec 13 17:07:30.819 - [03308] RP1210_ClientConnect(0,1,'CAN:Baud=Auto',0,0,0): ERR_HARDWARE_NOT_RESPONDING
Tue Dec 13 17:07:30.826 - [03308] RP1210_ClientConnect(0,1,'CAN:Baud=Auto',0,0,0): ERR_HARDWARE_NOT_RESPONDING
Tue Dec 13 17:07:30.831 - [03308] RP1210_ClientConnect(0,1,'CAN:Baud=Auto',0,0,0): ERR_HARDWARE_NOT_RESPONDING
Tue Dec 13 17:07:30.839 - [03308] RP1210_ClientConnect(0,1,'CAN:Baud=Auto',0,0,0): ERR_HARDWARE_NOT_RESPONDING
Tue Dec 13 17:07:30.844 - [03308] RP1210_ClientConnect(0,1,'CAN:Baud=Auto',0,0,0): ERR_HARDWARE_NOT_RESPONDING
Tue Dec 13 17:07:30.849 - [03308] RP1210_ClientConnect(0,1,'CAN:Baud=Auto',0,0,0): ERR_HARDWARE_NOT_RESPONDING
Tue Dec 13 17:07:30.856 - [03308] RP1210_ClientConnect(0,1,'CAN:Baud=Auto',0,0,0): ERR_HARDWARE_NOT_RESPONDING
Tue Dec 13 17:07:30.861 - [03308] RP1210_ClientConnect(0,1,'CAN:Baud=Auto',0,0,0): ERR_HARDWARE_NOT_RESPONDING
Tue Dec 13 17:07:30.866 - [03308] RP1210_ClientConnect(0,1,'CAN:Baud=Auto',0,0,0): ERR_HARDWARE_NOT_RESPONDING
Tue Dec 13 17:07:30.872 - [03308] RP1210_ClientConnect(0,1,'CAN:Baud=Auto',0,0,0): ERR_HARDWARE_NOT_RESPONDING
Tue Dec 13 17:07:30.878 - [03308] RP1210_ClientConnect(0,1,'CAN:Baud=Auto',0,0,0): ERR_HARDWARE_NOT_RESPONDING
Tue Dec 13 17:07:30.885 - [03308] RP1210_ClientConnect(0,1,'CAN:Baud=Auto',0,0,0): ERR_HARDWARE_NOT_RESPONDING
Tue Dec 13 17:07:30.890 - [03308] RP1210_ClientConnect(0,1,'CAN:Baud=Auto',0,0,0): ERR_HARDWARE_NOT_RESPONDING
Tue Dec 13 17:07:30.895 - [03308] RP1210_ClientConnect(0,1,'CAN:Baud=Auto',0,0,0): ERR_HARDWARE_NOT_RESPONDING
Tue Dec 13 17:07:30.902 - [03308] RP1210_ClientConnect(0,1,'CAN:Baud=Auto',0,0,0): ERR_HARDWARE_NOT_RESPONDING
Tue Dec 13 17:07:30.907 - [03308] RP1210_ClientConnect(0,1,'CAN:Baud=Auto',0,0,0): ERR_HARDWARE_NOT_RESPONDING
Tue Dec 13 17:07:30.913 - [03308] RP1210_ClientConnect(0,1,'CAN:Baud=Auto',0,0,0): ERR_HARDWARE_NOT_RESPONDING
Tue Dec 13 17:07:30.918 - [03308] RP1210_ClientConnect(0,1,'CAN:Baud=Auto',0,0,0): ERR_HARDWARE_NOT_RESPONDING
Tue Dec 13 17:07:30.924 - [03308] RP1210_ClientConnect(0,1,'CAN:Baud=Auto',0,0,0): ERR_HARDWARE_NOT_RESPONDING
Tue Dec 13 17:07:30.929 - [03308] RP1210_ClientConnect(0,1,'CAN:Baud=Auto',0,0,0): ERR_HARDWARE_NOT_RESPONDING
Tue Dec 13 17:07:30.936 - [03308] RP1210_ClientConnect(0,1,'CAN:Baud=Auto',0,0,0): ERR_HARDWARE_NOT_RESPONDING
Tue Dec 13 17:07:30.941 - [03308] RP1210_ClientConnect(0,1,'CAN:Baud=Auto',0,0,0): ERR_HARDWARE_NOT_RESPONDING
Tue Dec 13 17:07:30.947 - [03308] RP1210_ClientConnect(0,1,'CAN:Baud=Auto',0,0,0): ERR_HARDWARE_NOT_RESPONDING
Tue Dec 13 17:07:30.953 - [03308] RP1210_ClientConnect(0,1,'CAN:Baud=Auto',0,0,0): ERR_HARDWARE_NOT_RESPONDING
Tue Dec 13 17:07:30.958 - [03308] RP1210_ClientConnect(0,1,'CAN:Baud=Auto',0,0,0): ERR_HARDWARE_NOT_RESPONDING
Tue Dec 13 17:07:30.963 - [03308] RP1210_ClientConnect(0,1,'CAN:Baud=Auto',0,0,0): ERR_HARDWARE_NOT_RESPONDING
Tue Dec 13 17:07:30.970 - [03308] RP1210_ClientConnect(0,1,'CAN:Baud=Auto',0,0,0): ERR_HARDWARE_NOT_RESPONDING
Tue Dec 13 17:07:30.975 - [03308] RP1210_ClientConnect(0,1,'CAN:Baud=Auto',0,0,0): ERR_HARDWARE_NOT_RESPONDING
Tue Dec 13 17:07:30.981 - [03308] RP1210_ClientConnect(0,1,'CAN:Baud=Auto',0,0,0): ERR_HARDWARE_NOT_RESPONDING
Tue Dec 13 17:07:30.990 - [03308] RP1210_ClientConnect(0,1,'CAN:Baud=Auto',0,0,0): ERR_HARDWARE_NOT_RESPONDING
Tue Dec 13 17:07:30.996 - [03308] RP1210_ClientConnect(0,1,'CAN:Baud=Auto',0,0,0): ERR_HARDWARE_NOT_RESPONDING
Tue Dec 13 17:07:31.003 - [03308] RP1210_ClientConnect(0,1,'CAN:Baud=Auto',0,0,0): ERR_HARDWARE_NOT_RESPONDING
Tue Dec 13 17:07:31.010 - [03308] RP1210_ClientConnect(0,1,'CAN:Baud=Auto',0,0,0): ERR_HARDWARE_NOT_RESPONDING
Tue Dec 13 17:07:31.017 - [03308] RP1210_ClientConnect(0,1,'CAN:Baud=Auto',0,0,0): ERR_HARDWARE_NOT_RESPONDING
Tue Dec 13 17:07:31.024 - [03308] RP1210_ClientConnect(0,1,'CAN:Baud=Auto',0,0,0): ERR_HARDWARE_NOT_RESPONDING
Tue Dec 13 17:07:31.030 - [03308] RP1210_ClientConnect(0,1,'CAN:Baud=Auto',0,0,0): ERR_HARDWARE_NOT_RESPONDING
Tue Dec 13 17:07:31.037 - [03308] RP1210_ClientConnect(0,1,'CAN:Baud=Auto',0,0,0): ERR_HARDWARE_NOT_RESPONDING
Tue Dec 13 17:07:31.043 - [03308] RP1210_ClientConnect(0,1,'CAN:Baud=Auto',0,0,0): ERR_HARDWARE_NOT_RESPONDING
Tue Dec 13 17:07:31.049 - [03308] RP1210_ClientConnect(0,1,'CAN:Baud=Auto',0,0,0): ERR_HARDWARE_NOT_RESPONDING
Tue Dec 13 17:07:31.057 - [03308] RP1210_ClientConnect(0,1,'CAN:Baud=Auto',0,0,0): ERR_HARDWARE_NOT_RESPONDING
Tue Dec 13 17:07:31.062 - [03308] RP1210_ClientConnect(0,1,'CAN:Baud=Auto',0,0,0): ERR_HARDWARE_NOT_RESPONDING
Tue Dec 13 17:07:31.068 - [03308] RP1210_ClientConnect(0,1,'CAN:Baud=Auto',0,0,0): ERR_HARDWARE_NOT_RESPONDING
Tue Dec 13 17:07:31.073 - [03308] RP1210_ClientConnect(0,1,'CAN:Baud=Auto',0,0,0): ERR_HARDWARE_NOT_RESPONDING
Tue Dec 13 17:07:31.079 - [03308] RP1210_ClientConnect(0,1,'CAN:Baud=Auto',0,0,0): ERR_HARDWARE_NOT_RESPONDING
Tue Dec 13 17:07:31.085 - [03308] RP1210_ClientConnect(0,1,'CAN:Baud=Auto',0,0,0): ERR_HARDWARE_NOT_RESPONDING
Tue Dec 13 17:07:31.090 - [03308] RP1210_ClientConnect(0,1,'CAN:Baud=Auto',0,0,0): ERR_HARDWARE_NOT_RESPONDING
Tue Dec 13 17:07:31.096 - [03308] RP1210_ClientConnect(0,1,'CAN:Baud=Auto',0,0,0): ERR_HARDWARE_NOT_RESPONDING
Tue Dec 13 17:07:31.102 - [03308] RP1210_ClientConnect(0,1,'CAN:Baud=Auto',0,0,0): ERR_HARDWARE_NOT_RESPONDING
Tue Dec 13 17:07:31.107 - [03308] RP1210_ClientConnect(0,1,'CAN:Baud=Auto',0,0,0): ERR_HARDWARE_NOT_RESPONDING
Tue Dec 13 17:07:31.112 - [03308] RP1210_ClientConnect(0,1,'CAN:Baud=Auto',0,0,0): ERR_HARDWARE_NOT_RESPONDING
Tue Dec 13 17:07:31.119 - [03308] RP1210_ClientConnect(0,1,'CAN:Baud=Auto',0,0,0): ERR_HARDWARE_NOT_RESPONDING
Tue Dec 13 17:07:31.124 - [03308] RP1210_ClientConnect(0,1,'CAN:Baud=Auto',0,0,0): ERR_HARDWARE_NOT_RESPONDING
Tue Dec 13 17:07:31.129 - [03308] RP1210_ClientConnect(0,1,'CAN:Baud=Auto',0,0,0): ERR_HARDWARE_NOT_RESPONDING
Tue Dec 13 17:07:31.135 - [03308] RP1210_ClientConnect(0,1,'CAN:Baud=Auto',0,0,0): ERR_HARDWARE_NOT_RESPONDING
Tue Dec 13 17:07:31.140 - [03308] RP1210_ClientConnect(0,1,'CAN:Baud=Auto',0,0,0): ERR_HARDWARE_NOT_RESPONDING
Tue Dec 13 17:07:31.145 - [03308] RP1210_ClientConnect(0,1,'CAN:Baud=Auto',0,0,0): ERR_HARDWARE_NOT_RESPONDING
Tue Dec 13 17:07:31.151 - [03308] RP1210_ClientConnect(0,1,'CAN:Baud=Auto',0,0,0): ERR_HARDWARE_NOT_RESPONDING
Tue Dec 13 17:07:31.157 - [03308] RP1210_ClientConnect(0,1,'CAN:Baud=Auto',0,0,0): ERR_HARDWARE_NOT_RESPONDING
Tue Dec 13 17:07:31.162 - [03308] RP1210_ClientConnect(0,1,'CAN:Baud=Auto',0,0,0): ERR_HARDWARE_NOT_RESPONDING
Tue Dec 13 17:07:31.169 - [03308] RP1210_ClientConnect(0,1,'CAN:Baud=Auto',0,0,0): ERR_HARDWARE_NOT_RESPONDING
Tue Dec 13 17:07:31.177 - [03308] RP1210_ClientConnect(0,1,'CAN:Baud=Auto',0,0,0): ERR_HARDWARE_NOT_RESPONDING
Tue Dec 13 17:07:31.183 - [03308] RP1210_ClientConnect(0,1,'CAN:Baud=Auto',0,0,0): ERR_HARDWARE_NOT_RESPONDING
Tue Dec 13 17:07:31.190 - [03308] RP1210_ClientConnect(0,1,'CAN:Baud=Auto',0,0,0): ERR_HARDWARE_NOT_RESPONDING
Tue Dec 13 17:07:31.195 - [03308] RP1210_ClientConnect(0,1,'CAN:Baud=Auto',0,0,0): ERR_HARDWARE_NOT_RESPONDING
Tue Dec 13 17:07:31.201 - [03308] RP1210_ClientConnect(0,1,'CAN:Baud=Auto',0,0,0): ERR_HARDWARE_NOT_RESPONDING
Tue Dec 13 17:07:31.207 - [03308] RP1210_ClientConnect(0,1,'CAN:Baud=Auto',0,0,0): ERR_HARDWARE_NOT_RESPONDING
Tue Dec 13 17:07:31.212 - [03308] RP1210_ClientConnect(0,1,'CAN:Baud=Auto',0,0,0): ERR_HARDWARE_NOT_RESPONDING
Tue Dec 13 17:07:31.219 - [03308] RP1210_ClientConnect(0,1,'CAN:Baud=Auto',0,0,0): ERR_HARDWARE_NOT_RESPONDING
Tue Dec 13 17:07:31.224 - [03308] RP1210_ClientConnect(0,1,'CAN:Baud=Auto',0,0,0): ERR_HARDWARE_NOT_RESPONDING
Tue Dec 13 17:07:31.229 - [03308] RP1210_ClientConnect(0,1,'CAN:Baud=Auto',0,0,0): ERR_HARDWARE_NOT_RESPONDING
Tue Dec 13 17:07:31.236 - [03308] RP1210_ClientConnect(0,1,'CAN:Baud=Auto',0,0,0): ERR_HARDWARE_NOT_RESPONDING
Tue Dec 13 17:07:31.241 - [03308] RP1210_ClientConnect(0,1,'CAN:Baud=Auto',0,0,0): ERR_HARDWARE_NOT_RESPONDING
Tue Dec 13 17:07:31.247 - [03308] RP1210_ClientConnect(0,1,'CAN:Baud=Auto',0,0,0): ERR_HARDWARE_NOT_RESPONDING
Tue Dec 13 17:07:31.253 - [03308] RP1210_ClientConnect(0,1,'CAN:Baud=Auto',0,0,0): ERR_HARDWARE_NOT_RESPONDING
Tue Dec 13 17:07:31.259 - [03308] RP1210_ClientConnect(0,1,'CAN:Baud=Auto',0,0,0): ERR_HARDWARE_NOT_RESPONDING
Tue Dec 13 17:07:31.264 - [03308] RP1210_ClientConnect(0,1,'CAN:Baud=Auto',0,0,0): ERR_HARDWARE_NOT_RESPONDING
Tue Dec 13 17:07:31.270 - [03308] RP1210_ClientConnect(0,1,'CAN:Baud=Auto',0,0,0): ERR_HARDWARE_NOT_RESPONDING
Tue Dec 13 17:07:31.275 - [03308] RP1210_ClientConnect(0,1,'CAN:Baud=Auto',0,0,0): ERR_HARDWARE_NOT_RESPONDING
Tue Dec 13 17:07:31.281 - [03308] RP1210_ClientConnect(0,1,'CAN:Baud=Auto',0,0,0): ERR_HARDWARE_NOT_RESPONDING
Tue Dec 13 17:07:31.288 - [03308] RP1210_ClientConnect(0,1,'CAN:Baud=Auto',0,0,0): ERR_HARDWARE_NOT_RESPONDING
Tue Dec 13 17:07:31.293 - [03308] RP1210_ClientConnect(0,1,'CAN:Baud=Auto',0,0,0): ERR_HARDWARE_NOT_RESPONDING
Tue Dec 13 17:07:31.298 - [03308] RP1210_ClientConnect(0,1,'CAN:Baud=Auto',0,0,0): ERR_HARDWARE_NOT_RESPONDING
Tue Dec 13 17:07:31.306 - [03308] RP1210_ClientConnect(0,1,'CAN:Baud=Auto',0,0,0): ERR_HARDWARE_NOT_RESPONDING
Tue Dec 13 17:07:31.311 - [03308] RP1210_ClientConnect(0,1,'CAN:Baud=Auto',0,0,0): ERR_HARDWARE_NOT_RESPONDING
Tue Dec 13 17:07:31.316 - [03308] RP1210_ClientConnect(0,1,'CAN:Baud=Auto',0,0,0): ERR_HARDWARE_NOT_RESPONDING
Tue Dec 13 17:07:31.323 - [03308] RP1210_ClientConnect(0,1,'CAN:Baud=Auto',0,0,0): ERR_HARDWARE_NOT_RESPONDING
Tue Dec 13 17:07:31.328 - [03308] RP1210_ClientConnect(0,1,'CAN:Baud=Auto',0,0,0): ERR_HARDWARE_NOT_RESPONDING
Tue Dec 13 17:07:31.336 - [03308] RP1210_ClientConnect(0,1,'CAN:Baud=Auto',0,0,0): ERR_HARDWARE_NOT_RESPONDING
Tue Dec 13 17:07:31.341 - [03308] RP1210_ClientConnect(0,1,'CAN:Baud=Auto',0,0,0): ERR_HARDWARE_NOT_RESPONDING
Tue Dec 13 17:07:31.346 - [03308] RP1210_ClientConnect(0,1,'CAN:Baud=Auto',0,0,0): ERR_HARDWARE_NOT_RESPONDING
Tue Dec 13 17:07:31.353 - [03308] RP1210_ClientConnect(0,1,'CAN:Baud=Auto',0,0,0): ERR_HARDWARE_NOT_RESPONDING
Tue Dec 13 17:07:31.358 - [03308] RP1210_ClientConnect(0,1,'CAN:Baud=Auto',0,0,0): ERR_HARDWARE_NOT_RESPONDING
Tue Dec 13 17:07:31.363 - [03308] RP1210_ClientConnect(0,1,'CAN:Baud=Auto',0,0,0): ERR_HARDWARE_NOT_RESPONDING
Tue Dec 13 17:07:31.369 - [03308] RP1210_ClientConnect(0,1,'CAN:Baud=Auto',0,0,0): ERR_HARDWARE_NOT_RESPONDING
Tue Dec 13 17:07:31.375 - [03308] RP1210_ClientConnect(0,1,'CAN:Baud=Auto',0,0,0): ERR_HARDWARE_NOT_RESPONDING
Tue Dec 13 17:07:31.380 - [03308] RP1210_ClientConnect(0,1,'CAN:Baud=Auto',0,0,0): ERR_HARDWARE_NOT_RESPONDING
Tue Dec 13 17:07:31.388 - [03308] RP1210_ClientConnect(0,1,'CAN:Baud=Auto',0,0,0): ERR_HARDWARE_NOT_RESPONDING
Tue Dec 13 17:07:31.393 - [03308] RP1210_ClientConnect(0,1,'CAN:Baud=Auto',0,0,0): ERR_HARDWARE_NOT_RESPONDING
Tue Dec 13 17:07:31.398 - [03308] RP1210_ClientConnect(0,1,'CAN:Baud=Auto',0,0,0): ERR_HARDWARE_NOT_RESPONDING
Tue Dec 13 17:07:31.405 - [03308] RP1210_ClientConnect(0,1,'CAN:Baud=Auto',0,0,0): ERR_HARDWARE_NOT_RESPONDING
Tue Dec 13 17:07:31.410 - [03308] RP1210_ClientConnect(0,1,'CAN:Baud=Auto',0,0,0): ERR_HARDWARE_NOT_RESPONDING
Tue Dec 13 17:07:31.415 - [03308] RP1210_ClientConnect(0,1,'CAN:Baud=Auto',0,0,0): ERR_HARDWARE_NOT_RESPONDING
Tue Dec 13 17:07:31.422 - [03308] RP1210_ClientConnect(0,1,'CAN:Baud=Auto',0,0,0): ERR_HARDWARE_NOT_RESPONDING
Tue Dec 13 17:07:31.427 - [03308] RP1210_ClientConnect(0,1,'CAN:Baud=Auto',0,0,0): ERR_HARDWARE_NOT_RESPONDING
Tue Dec 13 17:07:31.432 - [03308] RP1210_ClientConnect(0,1,'CAN:Baud=Auto',0,0,0): ERR_HARDWARE_NOT_RESPONDING
Tue Dec 13 17:07:31.439 - [03308] RP1210_ClientConnect(0,1,'CAN:Baud=Auto',0,0,0): ERR_HARDWARE_NOT_RESPONDING
Tue Dec 13 17:07:31.445 - [03308] RP1210_ClientConnect(0,1,'CAN:Baud=Auto',0,0,0): ERR_HARDWARE_NOT_RESPONDING
Tue Dec 13 17:07:31.450 - [03308] RP1210_ClientConnect(0,1,'CAN:Baud=Auto',0,0,0): ERR_HARDWARE_NOT_RESPONDING
Tue Dec 13 17:07:31.456 - [03308] RP1210_ClientConnect(0,1,'CAN:Baud=Auto',0,0,0): ERR_HARDWARE_NOT_RESPONDING
Tue Dec 13 17:07:31.461 - [03308] RP1210_ClientConnect(0,1,'CAN:Baud=Auto',0,0,0): ERR_HARDWARE_NOT_RESPONDING
Tue Dec 13 17:07:31.467 - [03308] RP1210_ClientConnect(0,1,'CAN:Baud=Auto',0,0,0): ERR_HARDWARE_NOT_RESPONDING
Tue Dec 13 17:07:31.473 - [03308] RP1210_ClientConnect(0,1,'CAN:Baud=Auto',0,0,0): ERR_HARDWARE_NOT_RESPONDING
Tue Dec 13 17:07:31.478 - [03308] RP1210_ClientConnect(0,1,'CAN:Baud=Auto',0,0,0): ERR_HARDWARE_NOT_RESPONDING
Tue Dec 13 17:07:31.483 - [03308] RP1210_ClientConnect(0,1,'CAN:Baud=Auto',0,0,0): ERR_HARDWARE_NOT_RESPONDING
Tue Dec 13 17:07:31.490 - [03308] RP1210_ClientConnect(0,1,'CAN:Baud=Auto',0,0,0): ERR_HARDWARE_NOT_RESPONDING
Tue Dec 13 17:07:31.496 - [03308] RP1210_ClientConnect(0,1,'CAN:Baud=Auto',0,0,0): ERR_HARDWARE_NOT_RESPONDING
Tue Dec 13 17:07:31.503 - [03308] RP1210_ClientConnect(0,1,'CAN:Baud=Auto',0,0,0): ERR_HARDWARE_NOT_RESPONDING
Tue Dec 13 17:07:31.509 - [03308] RP1210_ClientConnect(0,1,'CAN:Baud=Auto',0,0,0): ERR_HARDWARE_NOT_RESPONDING
Tue Dec 13 17:07:31.515 - [03308] RP1210_ClientConnect(0,1,'CAN:Baud=Auto',0,0,0): ERR_HARDWARE_NOT_RESPONDING
Tue Dec 13 17:07:31.522 - [03308] RP1210_ClientConnect(0,1,'CAN:Baud=Auto',0,0,0): ERR_HARDWARE_NOT_RESPONDING
Tue Dec 13 17:07:31.528 - [03308] RP1210_ClientConnect(0,1,'CAN:Baud=Auto',0,0,0): ERR_HARDWARE_NOT_RESPONDING
Tue Dec 13 17:07:31.533 - [03308] RP1210_ClientConnect(0,1,'CAN:Baud=Auto',0,0,0): ERR_HARDWARE_NOT_RESPONDING
Tue Dec 13 17:07:31.541 - [03308] RP1210_ClientConnect(0,1,'CAN:Baud=Auto',0,0,0): ERR_HARDWARE_NOT_RESPONDING
Tue Dec 13 17:07:31.546 - [03308] RP1210_ClientConnect(0,1,'CAN:Baud=Auto',0,0,0): ERR_HARDWARE_NOT_RESPONDING
Tue Dec 13 17:07:31.553 - [03308] RP1210_ClientConnect(0,1,'CAN:Baud=Auto',0,0,0): ERR_HARDWARE_NOT_RESPONDING
Tue Dec 13 17:07:31.559 - [03308] RP1210_ClientConnect(0,1,'CAN:Baud=Auto',0,0,0): ERR_HARDWARE_NOT_RESPONDING
Tue Dec 13 17:07:31.565 - [03308] RP1210_ClientConnect(0,1,'CAN:Baud=Auto',0,0,0): ERR_HARDWARE_NOT_RESPONDING
Tue Dec 13 17:07:31.572 - [03308] RP1210_ClientConnect(0,1,'CAN:Baud=Auto',0,0,0): ERR_HARDWARE_NOT_RESPONDING
Tue Dec 13 17:07:31.578 - [03308] RP1210_ClientConnect(0,1,'CAN:Baud=Auto',0,0,0): ERR_HARDWARE_NOT_RESPONDING
Tue Dec 13 17:07:31.583 - [03308] RP1210_ClientConnect(0,1,'CAN:Baud=Auto',0,0,0): ERR_HARDWARE_NOT_RESPONDING
Tue Dec 13 17:07:31.591 - [03308] RP1210_ClientConnect(0,1,'CAN:Baud=Auto',0,0,0): ERR_HARDWARE_NOT_RESPONDING
Tue Dec 13 17:07:31.596 - [03308] RP1210_ClientConnect(0,1,'CAN:Baud=Auto',0,0,0): ERR_HARDWARE_NOT_RESPONDING
Tue Dec 13 17:07:31.603 - [03308] RP1210_ClientConnect(0,1,'CAN:Baud=Auto',0,0,0): ERR_HARDWARE_NOT_RESPONDING
Tue Dec 13 17:07:31.608 - [03308] RP1210_ClientConnect(0,1,'CAN:Baud=Auto',0,0,0): ERR_HARDWARE_NOT_RESPONDING
Tue Dec 13 17:07:31.613 - [03308] RP1210_ClientConnect(0,1,'CAN:Baud=Auto',0,0,0): ERR_HARDWARE_NOT_RESPONDING
Tue Dec 13 17:07:31.621 - [03308] RP1210_ClientConnect(0,1,'CAN:Baud=Auto',0,0,0): ERR_HARDWARE_NOT_RESPONDING
Tue Dec 13 17:07:31.626 - [03308] RP1210_ClientConnect(0,1,'CAN:Baud=Auto',0,0,0): ERR_HARDWARE_NOT_RESPONDING
Tue Dec 13 17:07:31.632 - [03308] RP1210_ClientConnect(0,1,'CAN:Baud=Auto',0,0,0): ERR_HARDWARE_NOT_RESPONDING
Tue Dec 13 17:07:31.639 - [03308] RP1210_ClientConnect(0,1,'CAN:Baud=Auto',0,0,0): ERR_HARDWARE_NOT_RESPONDING
Tue Dec 13 17:07:31.645 - [03308] RP1210_ClientConnect(0,1,'CAN:Baud=Auto',0,0,0): ERR_HARDWARE_NOT_RESPONDING
Tue Dec 13 17:07:31.650 - [03308] RP1210_ClientConnect(0,1,'CAN:Baud=Auto',0,0,0): ERR_HARDWARE_NOT_RESPONDING
Tue Dec 13 17:07:31.660 - [03308] RP1210_ClientConnect(0,1,'CAN:Baud=Auto',0,0,0): ERR_HARDWARE_NOT_RESPONDING
Tue Dec 13 17:07:31.665 - [03308] RP1210_ClientConnect(0,1,'CAN:Baud=Auto',0,0,0): ERR_HARDWARE_NOT_RESPONDING
Tue Dec 13 17:07:31.672 - [03308] RP1210_ClientConnect(0,1,'CAN:Baud=Auto',0,0,0): ERR_HARDWARE_NOT_RESPONDING
Tue Dec 13 17:07:31.677 - [03308] RP1210_ClientConnect(0,1,'CAN:Baud=Auto',0,0,0): ERR_HARDWARE_NOT_RESPONDING
Tue Dec 13 17:07:31.682 - [03308] RP1210_ClientConnect(0,1,'CAN:Baud=Auto',0,0,0): ERR_HARDWARE_NOT_RESPONDING
Tue Dec 13 17:07:31.689 - [03308] RP1210_ClientConnect(0,1,'CAN:Baud=Auto',0,0,0): ERR_HARDWARE_NOT_RESPONDING
Tue Dec 13 17:07:31.694 - [03308] RP1210_ClientConnect(0,1,'CAN:Baud=Auto',0,0,0): ERR_HARDWARE_NOT_RESPONDING
Tue Dec 13 17:07:31.699 - [03308] RP1210_ClientConnect(0,1,'CAN:Baud=Auto',0,0,0): ERR_HARDWARE_NOT_RESPONDING
Tue Dec 13 17:07:31.707 - [03308] RP1210_ClientConnect(0,1,'CAN:Baud=Auto',0,0,0): ERR_HARDWARE_NOT_RESPONDING
Tue Dec 13 17:07:31.712 - [03308] RP1210_ClientConnect(0,1,'CAN:Baud=Auto',0,0,0): ERR_HARDWARE_NOT_RESPONDING
Tue Dec 13 17:07:31.720 - [03308] RP1210_ClientConnect(0,1,'CAN:Baud=Auto',0,0,0): ERR_HARDWARE_NOT_RESPONDING
Tue Dec 13 17:07:31.726 - [03308] RP1210_ClientConnect(0,1,'CAN:Baud=Auto',0,0,0): ERR_HARDWARE_NOT_RESPONDING
Tue Dec 13 17:07:31.732 - [03308] RP1210_ClientConnect(0,1,'CAN:Baud=Auto',0,0,0): ERR_HARDWARE_NOT_RESPONDING
Tue Dec 13 17:07:31.740 - [03308] RP1210_ClientConnect(0,1,'CAN:Baud=Auto',0,0,0): ERR_HARDWARE_NOT_RESPONDING
Tue Dec 13 17:07:31.746 - [03308] RP1210_ClientConnect(0,1,'CAN:Baud=Auto',0,0,0): ERR_HARDWARE_NOT_RESPONDING
Tue Dec 13 17:07:31.754 - [03308] RP1210_ClientConnect(0,1,'CAN:Baud=Auto',0,0,0): ERR_HARDWARE_NOT_RESPONDING
Tue Dec 13 17:07:31.759 - [03308] RP1210_ClientConnect(0,1,'CAN:Baud=Auto',0,0,0): ERR_HARDWARE_NOT_RESPONDING
Tue Dec 13 17:07:31.765 - [03308] RP1210_ClientConnect(0,1,'CAN:Baud=Auto',0,0,0): ERR_HARDWARE_NOT_RESPONDING
Tue Dec 13 17:07:31.772 - [03308] RP1210_ClientConnect(0,1,'CAN:Baud=Auto',0,0,0): ERR_HARDWARE_NOT_RESPONDING
Tue Dec 13 17:07:31.778 - [03308] RP1210_ClientConnect(0,1,'CAN:Baud=Auto',0,0,0): ERR_HARDWARE_NOT_RESPONDING
Tue Dec 13 17:07:31.786 - [03308] RP1210_ClientConnect(0,1,'CAN:Baud=Auto',0,0,0): ERR_HARDWARE_NOT_RESPONDING
Tue Dec 13 17:07:31.793 - [03308] RP1210_ClientConnect(0,1,'CAN:Baud=Auto',0,0,0): ERR_HARDWARE_NOT_RESPONDING
Tue Dec 13 17:07:31.799 - [03308] RP1210_ClientConnect(0,1,'CAN:Baud=Auto',0,0,0): ERR_HARDWARE_NOT_RESPONDING
Tue Dec 13 17:07:31.807 - [03308] RP1210_ClientConnect(0,1,'CAN:Baud=Auto',0,0,0): ERR_HARDWARE_NOT_RESPONDING
Tue Dec 13 17:07:31.812 - [03308] RP1210_ClientConnect(0,1,'CAN:Baud=Auto',0,0,0): ERR_HARDWARE_NOT_RESPONDING
Tue Dec 13 17:07:31.819 - [03308] RP1210_ClientConnect(0,1,'CAN:Baud=Auto',0,0,0): ERR_HARDWARE_NOT_RESPONDING
Tue Dec 13 17:07:31.825 - [03308] RP1210_ClientConnect(0,1,'CAN:Baud=Auto',0,0,0): ERR_HARDWARE_NOT_RESPONDING
Tue Dec 13 17:07:31.831 - [03308] RP1210_ClientConnect(0,1,'CAN:Baud=Auto',0,0,0): ERR_HARDWARE_NOT_RESPONDING
Tue Dec 13 17:07:31.838 - [03308] RP1210_ClientConnect(0,1,'CAN:Baud=Auto',0,0,0): ERR_HARDWARE_NOT_RESPONDING
Tue Dec 13 17:07:31.844 - [03308] RP1210_ClientConnect(0,1,'CAN:Baud=Auto',0,0,0): ERR_HARDWARE_NOT_RESPONDING
Tue Dec 13 17:07:31.850 - [03308] RP1210_ClientConnect(0,1,'CAN:Baud=Auto',0,0,0): ERR_HARDWARE_NOT_RESPONDING
Tue Dec 13 17:07:31.858 - [03308] RP1210_ClientConnect(0,1,'CAN:Baud=Auto',0,0,0): ERR_HARDWARE_NOT_RESPONDING
Tue Dec 13 17:07:31.864 - [03308] RP1210_ClientConnect(0,1,'CAN:Baud=Auto',0,0,0): ERR_HARDWARE_NOT_RESPONDING
Tue Dec 13 17:07:31.872 - [03308] RP1210_ClientConnect(0,1,'CAN:Baud=Auto',0,0,0): ERR_HARDWARE_NOT_RESPONDING
Tue Dec 13 17:07:31.878 - [03308] RP1210_ClientConnect(0,1,'CAN:Baud=Auto',0,0,0): ERR_HARDWARE_NOT_RESPONDING
Tue Dec 13 17:07:31.884 - [03308] RP1210_ClientConnect(0,1,'CAN:Baud=Auto',0,0,0): ERR_HARDWARE_NOT_RESPONDING
Tue Dec 13 17:07:31.892 - [03308] RP1210_ClientConnect(0,1,'CAN:Baud=Auto',0,0,0): ERR_HARDWARE_NOT_RESPONDING
Tue Dec 13 17:07:31.897 - [03308] RP1210_ClientConnect(0,1,'CAN:Baud=Auto',0,0,0): ERR_HARDWARE_NOT_RESPONDING
Tue Dec 13 17:07:31.905 - [03308] RP1210_ClientConnect(0,1,'CAN:Baud=Auto',0,0,0): ERR_HARDWARE_NOT_RESPONDING
Tue Dec 13 17:07:31.911 - [03308] RP1210_ClientConnect(0,1,'CAN:Baud=Auto',0,0,0): ERR_HARDWARE_NOT_RESPONDING
Tue Dec 13 17:07:31.916 - [03308] RP1210_ClientConnect(0,1,'CAN:Baud=Auto',0,0,0): ERR_HARDWARE_NOT_RESPONDING
Tue Dec 13 17:07:31.924 - [03308] RP1210_ClientConnect(0,1,'CAN:Baud=Auto',0,0,0): ERR_HARDWARE_NOT_RESPONDING
Tue Dec 13 17:07:31.930 - [03308] RP1210_ClientConnect(0,1,'CAN:Baud=Auto',0,0,0): ERR_HARDWARE_NOT_RESPONDING
Tue Dec 13 17:07:31.935 - [03308] RP1210_ClientConnect(0,1,'CAN:Baud=Auto',0,0,0): ERR_HARDWARE_NOT_RESPONDING
Tue Dec 13 17:07:31.940 - [03308] RP1210_ClientConnect(0,1,'CAN:Baud=Auto',0,0,0): ERR_HARDWARE_NOT_RESPONDING
Tue Dec 13 17:07:31.945 - [03308] RP1210_ClientConnect(0,1,'CAN:Baud=Auto',0,0,0): ERR_HARDWARE_NOT_RESPONDING
Tue Dec 13 17:07:31.950 - [03308] RP1210_ClientConnect(0,1,'CAN:Baud=Auto',0,0,0): ERR_HARDWARE_NOT_RESPONDING
Tue Dec 13 17:07:31.956 - [03308] RP1210_ClientConnect(0,1,'CAN:Baud=Auto',0,0,0): ERR_HARDWARE_NOT_RESPONDING
Tue Dec 13 17:07:31.961 - [03308] RP1210_ClientConnect(0,1,'CAN:Baud=Auto',0,0,0): ERR_HARDWARE_NOT_RESPONDING
Tue Dec 13 17:07:31.966 - [03308] RP1210_ClientConnect(0,1,'CAN:Baud=Auto',0,0,0): ERR_HARDWARE_NOT_RESPONDING
Tue Dec 13 17:07:31.972 - [03308] RP1210_ClientConnect(0,1,'CAN:Baud=Auto',0,0,0): ERR_HARDWARE_NOT_RESPONDING
Tue Dec 13 17:07:31.977 - [03308] RP1210_ClientConnect(0,1,'CAN:Baud=Auto',0,0,0): ERR_HARDWARE_NOT_RESPONDING
Tue Dec 13 17:07:31.982 - [03308] RP1210_ClientConnect(0,1,'CAN:Baud=Auto',0,0,0): ERR_HARDWARE_NOT_RESPONDING
Tue Dec 13 17:07:31.988 - [03308] RP1210_ClientConnect(0,1,'CAN:Baud=Auto',0,0,0): ERR_HARDWARE_NOT_RESPONDING
Tue Dec 13 17:07:31.993 - [03308] RP1210_ClientConnect(0,1,'CAN:Baud=Auto',0,0,0): ERR_HARDWARE_NOT_RESPONDING
Tue Dec 13 17:07:31.998 - [03308] RP1210_ClientConnect(0,1,'CAN:Baud=Auto',0,0,0): ERR_HARDWARE_NOT_RESPONDING
Tue Dec 13 17:07:32.004 - [03308] RP1210_ClientConnect(0,1,'CAN:Baud=Auto',0,0,0): ERR_HARDWARE_NOT_RESPONDING
Tue Dec 13 17:07:32.008 - [03308] RP1210_ClientConnect(0,1,'CAN:Baud=Auto',0,0,0): ERR_HARDWARE_NOT_RESPONDING
Tue Dec 13 17:07:32.014 - [03308] RP1210_ClientConnect(0,1,'CAN:Baud=Auto',0,0,0): ERR_HARDWARE_NOT_RESPONDING
Tue Dec 13 17:07:32.021 - [03308] RP1210_ClientConnect(0,1,'CAN:Baud=Auto',0,0,0): ERR_HARDWARE_NOT_RESPONDING
Tue Dec 13 17:07:32.026 - [03308] RP1210_ClientConnect(0,1,'CAN:Baud=Auto',0,0,0): ERR_HARDWARE_NOT_RESPONDING
Tue Dec 13 17:07:32.032 - [03308] RP1210_ClientConnect(0,1,'CAN:Baud=Auto',0,0,0): ERR_HARDWARE_NOT_RESPONDING
Tue Dec 13 17:07:32.039 - [03308] RP1210_ClientConnect(0,1,'CAN:Baud=Auto',0,0,0): ERR_HARDWARE_NOT_RESPONDING
Tue Dec 13 17:07:32.044 - [03308] RP1210_ClientConnect(0,1,'CAN:Baud=Auto',0,0,0): ERR_HARDWARE_NOT_RESPONDING
Tue Dec 13 17:07:32.049 - [03308] RP1210_ClientConnect(0,1,'CAN:Baud=Auto',0,0,0): ERR_HARDWARE_NOT_RESPONDING
Tue Dec 13 17:07:32.055 - [03308] RP1210_ClientConnect(0,1,'CAN:Baud=Auto',0,0,0): ERR_HARDWARE_NOT_RESPONDING
Tue Dec 13 17:07:32.060 - [03308] RP1210_ClientConnect(0,1,'CAN:Baud=Auto',0,0,0): ERR_HARDWARE_NOT_RESPONDING
Tue Dec 13 17:07:32.065 - [03308] RP1210_ClientConnect(0,1,'CAN:Baud=Auto',0,0,0): ERR_HARDWARE_NOT_RESPONDING
Tue Dec 13 17:07:32.070 - [03308] RP1210_ClientConnect(0,1,'CAN:Baud=Auto',0,0,0): ERR_HARDWARE_NOT_RESPONDING
Tue Dec 13 17:07:32.075 - [03308] RP1210_ClientConnect(0,1,'CAN:Baud=Auto',0,0,0): ERR_HARDWARE_NOT_RESPONDING
Tue Dec 13 17:07:32.080 - [03308] RP1210_ClientConnect(0,1,'CAN:Baud=Auto',0,0,0): ERR_HARDWARE_NOT_RESPONDING
Tue Dec 13 17:07:32.086 - [03308] RP1210_ClientConnect(0,1,'CAN:Baud=Auto',0,0,0): ERR_HARDWARE_NOT_RESPONDING
Tue Dec 13 17:07:32.091 - [03308] RP1210_ClientConnect(0,1,'CAN:Baud=Auto',0,0,0): ERR_HARDWARE_NOT_RESPONDING
Tue Dec 13 17:07:32.096 - [03308] RP1210_ClientConnect(0,1,'CAN:Baud=Auto',0,0,0): ERR_HARDWARE_NOT_RESPONDING
Tue Dec 13 17:07:32.101 - [03308] RP1210_ClientConnect(0,1,'CAN:Baud=Auto',0,0,0): ERR_HARDWARE_NOT_RESPONDING
Tue Dec 13 17:07:32.107 - [03308] RP1210_ClientConnect(0,1,'CAN:Baud=Auto',0,0,0): ERR_HARDWARE_NOT_RESPONDING
Tue Dec 13 17:07:32.112 - [03308] RP1210_ClientConnect(0,1,'CAN:Baud=Auto',0,0,0): ERR_HARDWARE_NOT_RESPONDING
Tue Dec 13 17:07:32.117 - [03308] RP1210_ClientConnect(0,1,'CAN:Baud=Auto',0,0,0): ERR_HARDWARE_NOT_RESPONDING
Tue Dec 13 17:07:32.123 - [03308] RP1210_ClientConnect(0,1,'CAN:Baud=Auto',0,0,0): ERR_HARDWARE_NOT_RESPONDING
Tue Dec 13 17:07:32.128 - [03308] RP1210_ClientConnect(0,1,'CAN:Baud=Auto',0,0,0): ERR_HARDWARE_NOT_RESPONDING
Tue Dec 13 17:07:32.135 - [03308] RP1210_ClientConnect(0,1,'CAN:Baud=Auto',0,0,0): ERR_HARDWARE_NOT_RESPONDING
Tue Dec 13 17:07:32.141 - [03308] RP1210_ClientConnect(0,1,'CAN:Baud=Auto',0,0,0): ERR_HARDWARE_NOT_RESPONDING
Tue Dec 13 17:07:32.146 - [03308] RP1210_ClientConnect(0,1,'CAN:Baud=Auto',0,0,0): ERR_HARDWARE_NOT_RESPONDING
Tue Dec 13 17:07:32.152 - [03308] RP1210_ClientConnect(0,1,'CAN:Baud=Auto',0,0,0): ERR_HARDWARE_NOT_RESPONDING
Tue Dec 13 17:07:32.158 - [03308] RP1210_ClientConnect(0,1,'CAN:Baud=Auto',0,0,0): ERR_HARDWARE_NOT_RESPONDING
Tue Dec 13 17:07:32.163 - [03308] RP1210_ClientConnect(0,1,'CAN:Baud=Auto',0,0,0): ERR_HARDWARE_NOT_RESPONDING
Tue Dec 13 17:07:32.169 - [03308] RP1210_ClientConnect(0,1,'CAN:Baud=Auto',0,0,0): ERR_HARDWARE_NOT_RESPONDING
Tue Dec 13 17:07:32.176 - [03308] RP1210_ClientConnect(0,1,'CAN:Baud=Auto',0,0,0): ERR_HARDWARE_NOT_RESPONDING
Tue Dec 13 17:07:32.182 - [03308] RP1210_ClientConnect(0,1,'CAN:Baud=Auto',0,0,0): ERR_HARDWARE_NOT_RESPONDING
Tue Dec 13 17:07:32.189 - [03308] RP1210_ClientConnect(0,1,'CAN:Baud=Auto',0,0,0): ERR_HARDWARE_NOT_RESPONDING
Tue Dec 13 17:07:32.194 - [03308] RP1210_ClientConnect(0,1,'CAN:Baud=Auto',0,0,0): ERR_HARDWARE_NOT_RESPONDING
Tue Dec 13 17:07:32.199 - [03308] RP1210_ClientConnect(0,1,'CAN:Baud=Auto',0,0,0): ERR_HARDWARE_NOT_RESPONDING
Tue Dec 13 17:07:32.207 - [03308] RP1210_ClientConnect(0,1,'CAN:Baud=Auto',0,0,0): ERR_HARDWARE_NOT_RESPONDING
Tue Dec 13 17:07:32.213 - [03308] RP1210_ClientConnect(0,1,'CAN:Baud=Auto',0,0,0): ERR_HARDWARE_NOT_RESPONDING
Tue Dec 13 17:07:32.219 - [03308] RP1210_ClientConnect(0,1,'CAN:Baud=Auto',0,0,0): ERR_HARDWARE_NOT_RESPONDING
Tue Dec 13 17:07:32.225 - [03308] RP1210_ClientConnect(0,1,'CAN:Baud=Auto',0,0,0): ERR_HARDWARE_NOT_RESPONDING
Tue Dec 13 17:07:32.230 - [03308] RP1210_ClientConnect(0,1,'CAN:Baud=Auto',0,0,0): ERR_HARDWARE_NOT_RESPONDING
Tue Dec 13 17:07:32.238 - [03308] RP1210_ClientConnect(0,1,'CAN:Baud=Auto',0,0,0): ERR_HARDWARE_NOT_RESPONDING
Tue Dec 13 17:07:32.243 - [03308] RP1210_ClientConnect(0,1,'CAN:Baud=Auto',0,0,0): ERR_HARDWARE_NOT_RESPONDING
Tue Dec 13 17:07:32.248 - [03308] RP1210_ClientConnect(0,1,'CAN:Baud=Auto',0,0,0): ERR_HARDWARE_NOT_RESPONDING
Tue Dec 13 17:07:32.254 - [03308] RP1210_ClientConnect(0,1,'CAN:Baud=Auto',0,0,0): ERR_HARDWARE_NOT_RESPONDING
Tue Dec 13 17:07:32.260 - [03308] RP1210_ClientConnect(0,1,'CAN:Baud=Auto',0,0,0): ERR_HARDWARE_NOT_RESPONDING
Tue Dec 13 17:07:32.266 - [03308] RP1210_ClientConnect(0,1,'CAN:Baud=Auto',0,0,0): ERR_HARDWARE_NOT_RESPONDING
Tue Dec 13 17:07:32.273 - [03308] RP1210_ClientConnect(0,1,'CAN:Baud=Auto',0,0,0): ERR_HARDWARE_NOT_RESPONDING
Tue Dec 13 17:07:32.279 - [03308] RP1210_ClientConnect(0,1,'CAN:Baud=Auto',0,0,0): ERR_HARDWARE_NOT_RESPONDING
Tue Dec 13 17:07:32.284 - [03308] RP1210_ClientConnect(0,1,'CAN:Baud=Auto',0,0,0): ERR_HARDWARE_NOT_RESPONDING
Tue Dec 13 17:07:32.291 - [03308] RP1210_ClientConnect(0,1,'CAN:Baud=Auto',0,0,0): ERR_HARDWARE_NOT_RESPONDING
Tue Dec 13 17:07:32.296 - [03308] RP1210_ClientConnect(0,1,'CAN:Baud=Auto',0,0,0): ERR_HARDWARE_NOT_RESPONDING
Tue Dec 13 17:07:32.301 - [03308] RP1210_ClientConnect(0,1,'CAN:Baud=Auto',0,0,0): ERR_HARDWARE_NOT_RESPONDING
Tue Dec 13 17:07:32.308 - [03308] RP1210_ClientConnect(0,1,'CAN:Baud=Auto',0,0,0): ERR_HARDWARE_NOT_RESPONDING
Tue Dec 13 17:07:32.313 - [03308] RP1210_ClientConnect(0,1,'CAN:Baud=Auto',0,0,0): ERR_HARDWARE_NOT_RESPONDING
Tue Dec 13 17:07:32.318 - [03308] RP1210_ClientConnect(0,1,'CAN:Baud=Auto',0,0,0): ERR_HARDWARE_NOT_RESPONDING
Tue Dec 13 17:07:32.325 - [03308] RP1210_ClientConnect(0,1,'CAN:Baud=Auto',0,0,0): ERR_HARDWARE_NOT_RESPONDING
Tue Dec 13 17:07:32.330 - [03308] RP1210_ClientConnect(0,1,'CAN:Baud=Auto',0,0,0): ERR_HARDWARE_NOT_RESPONDING
Tue Dec 13 17:07:32.337 - [03308] RP1210_ClientConnect(0,1,'CAN:Baud=Auto',0,0,0): ERR_HARDWARE_NOT_RESPONDING
Tue Dec 13 17:07:32.342 - [03308] RP1210_ClientConnect(0,1,'CAN:Baud=Auto',0,0,0): ERR_HARDWARE_NOT_RESPONDING
Tue Dec 13 17:07:32.347 - [03308] RP1210_ClientConnect(0,1,'CAN:Baud=Auto',0,0,0): ERR_HARDWARE_NOT_RESPONDING
Tue Dec 13 17:07:32.353 - [03308] RP1210_ClientConnect(0,1,'CAN:Baud=Auto',0,0,0): ERR_HARDWARE_NOT_RESPONDING
Tue Dec 13 17:07:32.358 - [03308] RP1210_ClientConnect(0,1,'CAN:Baud=Auto',0,0,0): ERR_HARDWARE_NOT_RESPONDING
Tue Dec 13 17:07:32.363 - [03308] RP1210_ClientConnect(0,1,'CAN:Baud=Auto',0,0,0): ERR_HARDWARE_NOT_RESPONDING
Tue Dec 13 17:07:32.368 - [03308] RP1210_ClientConnect(0,1,'CAN:Baud=Auto',0,0,0): ERR_HARDWARE_NOT_RESPONDING
Tue Dec 13 17:07:32.374 - [03308] RP1210_ClientConnect(0,1,'CAN:Baud=Auto',0,0,0): ERR_HARDWARE_NOT_RESPONDING
Tue Dec 13 17:07:32.379 - [03308] RP1210_ClientConnect(0,1,'CAN:Baud=Auto',0,0,0): ERR_HARDWARE_NOT_RESPONDING
Tue Dec 13 17:07:32.384 - [03308] RP1210_ClientConnect(0,1,'CAN:Baud=Auto',0,0,0): ERR_HARDWARE_NOT_RESPONDING
Tue Dec 13 17:07:32.391 - [03308] RP1210_ClientConnect(0,1,'CAN:Baud=Auto',0,0,0): ERR_HARDWARE_NOT_RESPONDING
Tue Dec 13 17:07:32.397 - [03308] RP1210_ClientConnect(0,1,'CAN:Baud=Auto',0,0,0): ERR_HARDWARE_NOT_RESPONDING
Tue Dec 13 17:07:32.403 - [03308] RP1210_ClientConnect(0,1,'CAN:Baud=Auto',0,0,0): ERR_HARDWARE_NOT_RESPONDING
Tue Dec 13 17:07:32.408 - [03308] RP1210_ClientConnect(0,1,'CAN:Baud=Auto',0,0,0): ERR_HARDWARE_NOT_RESPONDING
Tue Dec 13 17:07:32.413 - [03308] RP1210_ClientConnect(0,1,'CAN:Baud=Auto',0,0,0): ERR_HARDWARE_NOT_RESPONDING
Tue Dec 13 17:07:32.420 - [03308] RP1210_ClientConnect(0,1,'CAN:Baud=Auto',0,0,0): ERR_HARDWARE_NOT_RESPONDING
Tue Dec 13 17:07:32.425 - [03308] RP1210_ClientConnect(0,1,'CAN:Baud=Auto',0,0,0): ERR_HARDWARE_NOT_RESPONDING
Tue Dec 13 17:07:32.430 - [03308] RP1210_ClientConnect(0,1,'CAN:Baud=Auto',0,0,0): ERR_HARDWARE_NOT_RESPONDING
Tue Dec 13 17:07:32.438 - [03308] RP1210_ClientConnect(0,1,'CAN:Baud=Auto',0,0,0): ERR_HARDWARE_NOT_RESPONDING
Tue Dec 13 17:07:32.443 - [03308] RP1210_ClientConnect(0,1,'CAN:Baud=Auto',0,0,0): ERR_HARDWARE_NOT_RESPONDING
Tue Dec 13 17:07:32.448 - [03308] RP1210_ClientConnect(0,1,'CAN:Baud=Auto',0,0,0): ERR_HARDWARE_NOT_RESPONDING
Tue Dec 13 17:07:32.454 - [03308] RP1210_ClientConnect(0,1,'CAN:Baud=Auto',0,0,0): ERR_HARDWARE_NOT_RESPONDING
Tue Dec 13 17:07:32.459 - [03308] RP1210_ClientConnect(0,1,'CAN:Baud=Auto',0,0,0): ERR_HARDWARE_NOT_RESPONDING
Tue Dec 13 17:07:32.464 - [03308] RP1210_ClientConnect(0,1,'CAN:Baud=Auto',0,0,0): ERR_HARDWARE_NOT_RESPONDING
Tue Dec 13 17:07:32.470 - [03308] RP1210_ClientConnect(0,1,'CAN:Baud=Auto',0,0,0): ERR_HARDWARE_NOT_RESPONDING
Tue Dec 13 17:07:32.476 - [03308] RP1210_ClientConnect(0,1,'CAN:Baud=Auto',0,0,0): ERR_HARDWARE_NOT_RESPONDING
Tue Dec 13 17:07:32.481 - [03308] RP1210_ClientConnect(0,1,'CAN:Baud=Auto',0,0,0): ERR_HARDWARE_NOT_RESPONDING
Tue Dec 13 17:07:32.487 - [03308] RP1210_ClientConnect(0,1,'CAN:Baud=Auto',0,0,0): ERR_HARDWARE_NOT_RESPONDING
Tue Dec 13 17:07:32.493 - [03308] RP1210_ClientConnect(0,1,'CAN:Baud=Auto',0,0,0): ERR_HARDWARE_NOT_RESPONDING
Tue Dec 13 17:07:32.498 - [03308] RP1210_ClientConnect(0,1,'CAN:Baud=Auto',0,0,0): ERR_HARDWARE_NOT_RESPONDING
Tue Dec 13 17:07:32.504 - [03308] RP1210_ClientConnect(0,1,'CAN:Baud=Auto',0,0,0): ERR_HARDWARE_NOT_RESPONDING
Tue Dec 13 17:07:32.509 - [03308] RP1210_ClientConnect(0,1,'CAN:Baud=Auto',0,0,0): ERR_HARDWARE_NOT_RESPONDING
Tue Dec 13 17:07:32.514 - [03308] RP1210_ClientConnect(0,1,'CAN:Baud=Auto',0,0,0): ERR_HARDWARE_NOT_RESPONDING
Tue Dec 13 17:07:32.521 - [03308] RP1210_ClientConnect(0,1,'CAN:Baud=Auto',0,0,0): ERR_HARDWARE_NOT_RESPONDING
Tue Dec 13 17:07:32.527 - [03308] RP1210_ClientConnect(0,1,'CAN:Baud=Auto',0,0,0): ERR_HARDWARE_NOT_RESPONDING
Tue Dec 13 17:07:32.532 - [03308] RP1210_ClientConnect(0,1,'CAN:Baud=Auto',0,0,0): ERR_HARDWARE_NOT_RESPONDING
Tue Dec 13 17:07:32.540 - [03308] RP1210_ClientConnect(0,1,'CAN:Baud=Auto',0,0,0): ERR_HARDWARE_NOT_RESPONDING
Tue Dec 13 17:07:32.545 - [03308] RP1210_ClientConnect(0,1,'CAN:Baud=Auto',0,0,0): ERR_HARDWARE_NOT_RESPONDING
Tue Dec 13 17:07:32.550 - [03308] RP1210_ClientConnect(0,1,'CAN:Baud=Auto',0,0,0): ERR_HARDWARE_NOT_RESPONDING
Tue Dec 13 17:07:32.557 - [03308] RP1210_ClientConnect(0,1,'CAN:Baud=Auto',0,0,0): ERR_HARDWARE_NOT_RESPONDING
Tue Dec 13 17:07:32.562 - [03308] RP1210_ClientConnect(0,1,'CAN:Baud=Auto',0,0,0): ERR_HARDWARE_NOT_RESPONDING
Tue Dec 13 17:07:32.570 - [03308] RP1210_ClientConnect(0,1,'CAN:Baud=Auto',0,0,0): ERR_HARDWARE_NOT_RESPONDING
Tue Dec 13 17:07:32.575 - [03308] RP1210_ClientConnect(0,1,'CAN:Baud=Auto',0,0,0): ERR_HARDWARE_NOT_RESPONDING
Tue Dec 13 17:07:32.581 - [03308] RP1210_ClientConnect(0,1,'CAN:Baud=Auto',0,0,0): ERR_HARDWARE_NOT_RESPONDING
Tue Dec 13 17:07:32.587 - [03308] RP1210_ClientConnect(0,1,'CAN:Baud=Auto',0,0,0): ERR_HARDWARE_NOT_RESPONDING
Tue Dec 13 17:07:32.593 - [03308] RP1210_ClientConnect(0,1,'CAN:Baud=Auto',0,0,0): ERR_HARDWARE_NOT_RESPONDING
Tue Dec 13 17:07:32.598 - [03308] RP1210_ClientConnect(0,1,'CAN:Baud=Auto',0,0,0): ERR_HARDWARE_NOT_RESPONDING
Tue Dec 13 17:07:32.605 - [03308] RP1210_ClientConnect(0,1,'CAN:Baud=Auto',0,0,0): ERR_HARDWARE_NOT_RESPONDING
Tue Dec 13 17:07:32.610 - [03308] RP1210_ClientConnect(0,1,'CAN:Baud=Auto',0,0,0): ERR_HARDWARE_NOT_RESPONDING
Tue Dec 13 17:07:32.616 - [03308] RP1210_ClientConnect(0,1,'CAN:Baud=Auto',0,0,0): ERR_HARDWARE_NOT_RESPONDING
Tue Dec 13 17:07:32.622 - [03308] RP1210_ClientConnect(0,1,'CAN:Baud=Auto',0,0,0): ERR_HARDWARE_NOT_RESPONDING
Tue Dec 13 17:07:32.627 - [03308] RP1210_ClientConnect(0,1,'CAN:Baud=Auto',0,0,0): ERR_HARDWARE_NOT_RESPONDING
Tue Dec 13 17:07:32.632 - [03308] RP1210_ClientConnect(0,1,'CAN:Baud=Auto',0,0,0): ERR_HARDWARE_NOT_RESPONDING
Tue Dec 13 17:07:32.639 - [03308] RP1210_ClientConnect(0,1,'CAN:Baud=Auto',0,0,0): ERR_HARDWARE_NOT_RESPONDING
Tue Dec 13 17:07:32.646 - [03308] RP1210_ClientConnect(0,1,'CAN:Baud=Auto',0,0,0): ERR_HARDWARE_NOT_RESPONDING
Tue Dec 13 17:07:32.651 - [03308] RP1210_ClientConnect(0,1,'CAN:Baud=Auto',0,0,0): ERR_HARDWARE_NOT_RESPONDING
Tue Dec 13 17:07:32.658 - [03308] RP1210_ClientConnect(0,1,'CAN:Baud=Auto',0,0,0): ERR_HARDWARE_NOT_RESPONDING
Tue Dec 13 17:07:32.663 - [03308] RP1210_ClientConnect(0,1,'CAN:Baud=Auto',0,0,0): ERR_HARDWARE_NOT_RESPONDING
Tue Dec 13 17:07:32.668 - [03308] RP1210_ClientConnect(0,1,'CAN:Baud=Auto',0,0,0): ERR_HARDWARE_NOT_RESPONDING
Tue Dec 13 17:07:32.674 - [03308] RP1210_ClientConnect(0,1,'CAN:Baud=Auto',0,0,0): ERR_HARDWARE_NOT_RESPONDING
Tue Dec 13 17:07:32.679 - [03308] RP1210_ClientConnect(0,1,'CAN:Baud=Auto',0,0,0): ERR_HARDWARE_NOT_RESPONDING
Tue Dec 13 17:07:32.685 - [03308] RP1210_ClientConnect(0,1,'CAN:Baud=Auto',0,0,0): ERR_HARDWARE_NOT_RESPONDING
Tue Dec 13 17:07:32.691 - [03308] RP1210_ClientConnect(0,1,'CAN:Baud=Auto',0,0,0): ERR_HARDWARE_NOT_RESPONDING
Tue Dec 13 17:07:32.696 - [03308] RP1210_ClientConnect(0,1,'CAN:Baud=Auto',0,0,0): ERR_HARDWARE_NOT_RESPONDING
Tue Dec 13 17:07:32.701 - [03308] RP1210_ClientConnect(0,1,'CAN:Baud=Auto',0,0,0): ERR_HARDWARE_NOT_RESPONDING
Tue Dec 13 17:07:32.707 - [03308] RP1210_ClientConnect(0,1,'CAN:Baud=Auto',0,0,0): ERR_HARDWARE_NOT_RESPONDING
Tue Dec 13 17:07:32.713 - [03308] RP1210_ClientConnect(0,1,'CAN:Baud=Auto',0,0,0): ERR_HARDWARE_NOT_RESPONDING
Tue Dec 13 17:07:32.718 - [03308] RP1210_ClientConnect(0,1,'CAN:Baud=Auto',0,0,0): ERR_HARDWARE_NOT_RESPONDING
Tue Dec 13 17:07:32.725 - [03308] RP1210_ClientConnect(0,1,'CAN:Baud=Auto',0,0,0): ERR_HARDWARE_NOT_RESPONDING
Tue Dec 13 17:07:32.730 - [03308] RP1210_ClientConnect(0,1,'CAN:Baud=Auto',0,0,0): ERR_HARDWARE_NOT_RESPONDING
Tue Dec 13 17:07:32.735 - [03308] RP1210_ClientConnect(0,1,'CAN:Baud=Auto',0,0,0): ERR_HARDWARE_NOT_RESPONDING
Tue Dec 13 17:07:32.741 - [03308] RP1210_ClientConnect(0,1,'CAN:Baud=Auto',0,0,0): ERR_HARDWARE_NOT_RESPONDING
Tue Dec 13 17:07:32.746 - [03308] RP1210_ClientConnect(0,1,'CAN:Baud=Auto',0,0,0): ERR_HARDWARE_NOT_RESPONDING
Tue Dec 13 17:07:32.751 - [03308] RP1210_ClientConnect(0,1,'CAN:Baud=Auto',0,0,0): ERR_HARDWARE_NOT_RESPONDING
Tue Dec 13 17:07:32.757 - [03308] RP1210_ClientConnect(0,1,'CAN:Baud=Auto',0,0,0): ERR_HARDWARE_NOT_RESPONDING
Tue Dec 13 17:07:32.762 - [03308] RP1210_ClientConnect(0,1,'CAN:Baud=Auto',0,0,0): ERR_HARDWARE_NOT_RESPONDING
Tue Dec 13 17:07:32.767 - [03308] RP1210_ClientConnect(0,1,'CAN:Baud=Auto',0,0,0): ERR_HARDWARE_NOT_RESPONDING
Tue Dec 13 17:07:32.773 - [03308] RP1210_ClientConnect(0,1,'CAN:Baud=Auto',0,0,0): ERR_HARDWARE_NOT_RESPONDING
Tue Dec 13 17:07:32.779 - [03308] RP1210_ClientConnect(0,1,'CAN:Baud=Auto',0,0,0): ERR_HARDWARE_NOT_RESPONDING
Tue Dec 13 17:07:32.784 - [03308] RP1210_ClientConnect(0,1,'CAN:Baud=Auto',0,0,0): ERR_HARDWARE_NOT_RESPONDING
Tue Dec 13 17:07:32.790 - [03308] RP1210_ClientConnect(0,1,'CAN:Baud=Auto',0,0,0): ERR_HARDWARE_NOT_RESPONDING
Tue Dec 13 17:07:32.795 - [03308] RP1210_ClientConnect(0,1,'CAN:Baud=Auto',0,0,0): ERR_HARDWARE_NOT_RESPONDING
Tue Dec 13 17:07:32.800 - [03308] RP1210_ClientConnect(0,1,'CAN:Baud=Auto',0,0,0): ERR_HARDWARE_NOT_RESPONDING
Tue Dec 13 17:07:32.807 - [03308] RP1210_ClientConnect(0,1,'CAN:Baud=Auto',0,0,0): ERR_HARDWARE_NOT_RESPONDING
Tue Dec 13 17:07:32.812 - [03308] RP1210_ClientConnect(0,1,'CAN:Baud=Auto',0,0,0): ERR_HARDWARE_NOT_RESPONDING
Tue Dec 13 17:07:32.817 - [03308] RP1210_ClientConnect(0,1,'CAN:Baud=Auto',0,0,0): ERR_HARDWARE_NOT_RESPONDING
Tue Dec 13 17:07:32.824 - [03308] RP1210_ClientConnect(0,1,'CAN:Baud=Auto',0,0,0): ERR_HARDWARE_NOT_RESPONDING
Tue Dec 13 17:07:32.831 - [03308] RP1210_ClientConnect(0,1,'CAN:Baud=Auto',0,0,0): ERR_HARDWARE_NOT_RESPONDING
Tue Dec 13 17:07:32.836 - [03308] RP1210_ClientConnect(0,1,'CAN:Baud=Auto',0,0,0): ERR_HARDWARE_NOT_RESPONDING
Tue Dec 13 17:07:32.842 - [03308] RP1210_ClientConnect(0,1,'CAN:Baud=Auto',0,0,0): ERR_HARDWARE_NOT_RESPONDING
Tue Dec 13 17:07:32.847 - [03308] RP1210_ClientConnect(0,1,'CAN:Baud=Auto',0,0,0): ERR_HARDWARE_NOT_RESPONDING
Tue Dec 13 17:07:32.852 - [03308] RP1210_ClientConnect(0,1,'CAN:Baud=Auto',0,0,0): ERR_HARDWARE_NOT_RESPONDING
Tue Dec 13 17:07:32.858 - [03308] RP1210_ClientConnect(0,1,'CAN:Baud=Auto',0,0,0): ERR_HARDWARE_NOT_RESPONDING
Tue Dec 13 17:07:32.863 - [03308] RP1210_ClientConnect(0,1,'CAN:Baud=Auto',0,0,0): ERR_HARDWARE_NOT_RESPONDING
Tue Dec 13 17:07:32.869 - [03308] RP1210_ClientConnect(0,1,'CAN:Baud=Auto',0,0,0): ERR_HARDWARE_NOT_RESPONDING
Tue Dec 13 17:07:32.875 - [03308] RP1210_ClientConnect(0,1,'CAN:Baud=Auto',0,0,0): ERR_HARDWARE_NOT_RESPONDING
Tue Dec 13 17:07:32.880 - [03308] RP1210_ClientConnect(0,1,'CAN:Baud=Auto',0,0,0): ERR_HARDWARE_NOT_RESPONDING
Tue Dec 13 17:07:32.887 - [03308] RP1210_ClientConnect(0,1,'CAN:Baud=Auto',0,0,0): ERR_HARDWARE_NOT_RESPONDING
Tue Dec 13 17:07:32.892 - [03308] RP1210_ClientConnect(0,1,'CAN:Baud=Auto',0,0,0): ERR_HARDWARE_NOT_RESPONDING
Tue Dec 13 17:07:32.897 - [03308] RP1210_ClientConnect(0,1,'CAN:Baud=Auto',0,0,0): ERR_HARDWARE_NOT_RESPONDING
Tue Dec 13 17:07:32.906 - [03308] RP1210_ClientConnect(0,1,'CAN:Baud=Auto',0,0,0): ERR_HARDWARE_NOT_RESPONDING
Tue Dec 13 17:07:32.911 - [03308] RP1210_ClientConnect(0,1,'CAN:Baud=Auto',0,0,0): ERR_HARDWARE_NOT_RESPONDING
Tue Dec 13 17:07:32.917 - [03308] RP1210_ClientConnect(0,1,'CAN:Baud=Auto',0,0,0): ERR_HARDWARE_NOT_RESPONDING
Tue Dec 13 17:07:32.925 - [03308] RP1210_ClientConnect(0,1,'CAN:Baud=Auto',0,0,0): ERR_HARDWARE_NOT_RESPONDING
Tue Dec 13 17:07:32.930 - [03308] RP1210_ClientConnect(0,1,'CAN:Baud=Auto',0,0,0): ERR_HARDWARE_NOT_RESPONDING
Tue Dec 13 17:07:32.937 - [03308] RP1210_ClientConnect(0,1,'CAN:Baud=Auto',0,0,0): ERR_HARDWARE_NOT_RESPONDING
Tue Dec 13 17:07:32.943 - [03308] RP1210_ClientConnect(0,1,'CAN:Baud=Auto',0,0,0): ERR_HARDWARE_NOT_RESPONDING
Tue Dec 13 17:07:32.948 - [03308] RP1210_ClientConnect(0,1,'CAN:Baud=Auto',0,0,0): ERR_HARDWARE_NOT_RESPONDING
Tue Dec 13 17:07:32.954 - [03308] RP1210_ClientConnect(0,1,'CAN:Baud=Auto',0,0,0): ERR_HARDWARE_NOT_RESPONDING
Tue Dec 13 17:07:32.959 - [03308] RP1210_ClientConnect(0,1,'CAN:Baud=Auto',0,0,0): ERR_HARDWARE_NOT_RESPONDING
Tue Dec 13 17:07:32.964 - [03308] RP1210_ClientConnect(0,1,'CAN:Baud=Auto',0,0,0): ERR_HARDWARE_NOT_RESPONDING
Tue Dec 13 17:07:32.971 - [03308] RP1210_ClientConnect(0,1,'CAN:Baud=Auto',0,0,0): ERR_HARDWARE_NOT_RESPONDING
Tue Dec 13 17:07:32.976 - [03308] RP1210_ClientConnect(0,1,'CAN:Baud=Auto',0,0,0): ERR_HARDWARE_NOT_RESPONDING
Tue Dec 13 17:07:32.981 - [03308] RP1210_ClientConnect(0,1,'CAN:Baud=Auto',0,0,0): ERR_HARDWARE_NOT_RESPONDING
Tue Dec 13 17:07:32.986 - [03308] RP1210_ClientConnect(0,1,'CAN:Baud=Auto',0,0,0): ERR_HARDWARE_NOT_RESPONDING
Tue Dec 13 17:07:32.992 - [03308] RP1210_ClientConnect(0,1,'CAN:Baud=Auto',0,0,0): ERR_HARDWARE_NOT_RESPONDING
Tue Dec 13 17:07:32.997 - [03308] RP1210_ClientConnect(0,1,'CAN:Baud=Auto',0,0,0): ERR_HARDWARE_NOT_RESPONDING
Tue Dec 13 17:07:33.004 - [03308] RP1210_ClientConnect(0,1,'CAN:Baud=Auto',0,0,0): ERR_HARDWARE_NOT_RESPONDING
Tue Dec 13 17:07:33.010 - [03308] RP1210_ClientConnect(0,1,'CAN:Baud=Auto',0,0,0): ERR_HARDWARE_NOT_RESPONDING
Tue Dec 13 17:07:33.015 - [03308] RP1210_ClientConnect(0,1,'CAN:Baud=Auto',0,0,0): ERR_HARDWARE_NOT_RESPONDING
Tue Dec 13 17:07:33.021 - [03308] RP1210_ClientConnect(0,1,'CAN:Baud=Auto',0,0,0): ERR_HARDWARE_NOT_RESPONDING
Tue Dec 13 17:07:33.027 - [03308] RP1210_ClientConnect(0,1,'CAN:Baud=Auto',0,0,0): ERR_HARDWARE_NOT_RESPONDING
Tue Dec 13 17:07:33.033 - [03308] RP1210_ClientConnect(0,1,'CAN:Baud=Auto',0,0,0): ERR_HARDWARE_NOT_RESPONDING
Tue Dec 13 17:07:33.039 - [03308] RP1210_ClientConnect(0,1,'CAN:Baud=Auto',0,0,0): ERR_HARDWARE_NOT_RESPONDING
Tue Dec 13 17:07:33.044 - [03308] RP1210_ClientConnect(0,1,'CAN:Baud=Auto',0,0,0): ERR_HARDWARE_NOT_RESPONDING
Tue Dec 13 17:07:33.049 - [03308] RP1210_ClientConnect(0,1,'CAN:Baud=Auto',0,0,0): ERR_HARDWARE_NOT_RESPONDING
Tue Dec 13 17:07:33.056 - [03308] RP1210_ClientConnect(0,1,'CAN:Baud=Auto',0,0,0): ERR_HARDWARE_NOT_RESPONDING
Tue Dec 13 17:07:33.061 - [03308] RP1210_ClientConnect(0,1,'CAN:Baud=Auto',0,0,0): ERR_HARDWARE_NOT_RESPONDING
Tue Dec 13 17:07:33.066 - [03308] RP1210_ClientConnect(0,1,'CAN:Baud=Auto',0,0,0): ERR_HARDWARE_NOT_RESPONDING
Tue Dec 13 17:07:33.073 - [03308] RP1210_ClientConnect(0,1,'CAN:Baud=Auto',0,0,0): ERR_HARDWARE_NOT_RESPONDING
Tue Dec 13 17:07:33.078 - [03308] RP1210_ClientConnect(0,1,'CAN:Baud=Auto',0,0,0): ERR_HARDWARE_NOT_RESPONDING
Tue Dec 13 17:07:33.083 - [03308] RP1210_ClientConnect(0,1,'CAN:Baud=Auto',0,0,0): ERR_HARDWARE_NOT_RESPONDING
Tue Dec 13 17:07:33.090 - [03308] RP1210_ClientConnect(0,1,'CAN:Baud=Auto',0,0,0): ERR_HARDWARE_NOT_RESPONDING
Tue Dec 13 17:07:33.095 - [03308] RP1210_ClientConnect(0,1,'CAN:Baud=Auto',0,0,0): ERR_HARDWARE_NOT_RESPONDING
Tue Dec 13 17:07:33.100 - [03308] RP1210_ClientConnect(0,1,'CAN:Baud=Auto',0,0,0): ERR_HARDWARE_NOT_RESPONDING
Tue Dec 13 17:07:33.106 - [03308] RP1210_ClientConnect(0,1,'CAN:Baud=Auto',0,0,0): ERR_HARDWARE_NOT_RESPONDING
Tue Dec 13 17:07:33.111 - [03308] RP1210_ClientConnect(0,1,'CAN:Baud=Auto',0,0,0): ERR_HARDWARE_NOT_RESPONDING
Tue Dec 13 17:07:33.116 - [03308] RP1210_ClientConnect(0,1,'CAN:Baud=Auto',0,0,0): ERR_HARDWARE_NOT_RESPONDING
Tue Dec 13 17:07:33.123 - [03308] RP1210_ClientConnect(0,1,'CAN:Baud=Auto',0,0,0): ERR_HARDWARE_NOT_RESPONDING
Tue Dec 13 17:07:33.128 - [03308] RP1210_ClientConnect(0,1,'CAN:Baud=Auto',0,0,0): ERR_HARDWARE_NOT_RESPONDING
Tue Dec 13 17:07:33.135 - [03308] RP1210_ClientConnect(0,1,'CAN:Baud=Auto',0,0,0): ERR_HARDWARE_NOT_RESPONDING
Tue Dec 13 17:07:33.142 - [03308] RP1210_ClientConnect(0,1,'CAN:Baud=Auto',0,0,0): ERR_HARDWARE_NOT_RESPONDING
Tue Dec 13 17:07:33.148 - [03308] RP1210_ClientConnect(0,1,'CAN:Baud=Auto',0,0,0): ERR_HARDWARE_NOT_RESPONDING
Tue Dec 13 17:07:33.155 - [03308] RP1210_ClientConnect(0,1,'CAN:Baud=Auto',0,0,0): ERR_HARDWARE_NOT_RESPONDING
Tue Dec 13 17:07:33.160 - [03308] RP1210_ClientConnect(0,1,'CAN:Baud=Auto',0,0,0): ERR_HARDWARE_NOT_RESPONDING
Tue Dec 13 17:07:33.166 - [03308] RP1210_ClientConnect(0,1,'CAN:Baud=Auto',0,0,0): ERR_HARDWARE_NOT_RESPONDING
Tue Dec 13 17:07:33.172 - [03308] RP1210_ClientConnect(0,1,'CAN:Baud=Auto',0,0,0): ERR_HARDWARE_NOT_RESPONDING
Tue Dec 13 17:07:33.178 - [03308] RP1210_ClientConnect(0,1,'CAN:Baud=Auto',0,0,0): ERR_HARDWARE_NOT_RESPONDING
Tue Dec 13 17:07:33.184 - [03308] RP1210_ClientConnect(0,1,'CAN:Baud=Auto',0,0,0): ERR_HARDWARE_NOT_RESPONDING
Tue Dec 13 17:07:33.190 - [03308] RP1210_ClientConnect(0,1,'CAN:Baud=Auto',0,0,0): ERR_HARDWARE_NOT_RESPONDING
Tue Dec 13 17:07:33.196 - [03308] RP1210_ClientConnect(0,1,'CAN:Baud=Auto',0,0,0): ERR_HARDWARE_NOT_RESPONDING
Tue Dec 13 17:07:33.201 - [03308] RP1210_ClientConnect(0,1,'CAN:Baud=Auto',0,0,0): ERR_HARDWARE_NOT_RESPONDING
Tue Dec 13 17:07:33.208 - [03308] RP1210_ClientConnect(0,1,'CAN:Baud=Auto',0,0,0): ERR_HARDWARE_NOT_RESPONDING
Tue Dec 13 17:07:33.213 - [03308] RP1210_ClientConnect(0,1,'CAN:Baud=Auto',0,0,0): ERR_HARDWARE_NOT_RESPONDING
Tue Dec 13 17:07:33.218 - [03308] RP1210_ClientConnect(0,1,'CAN:Baud=Auto',0,0,0): ERR_HARDWARE_NOT_RESPONDING
Tue Dec 13 17:07:33.224 - [03308] RP1210_ClientConnect(0,1,'CAN:Baud=Auto',0,0,0): ERR_HARDWARE_NOT_RESPONDING
Tue Dec 13 17:07:33.229 - [03308] RP1210_ClientConnect(0,1,'CAN:Baud=Auto',0,0,0): ERR_HARDWARE_NOT_RESPONDING
Tue Dec 13 17:07:33.234 - [03308] RP1210_ClientConnect(0,1,'CAN:Baud=Auto',0,0,0): ERR_HARDWARE_NOT_RESPONDING
Tue Dec 13 17:07:33.242 - [03308] RP1210_ClientConnect(0,1,'CAN:Baud=Auto',0,0,0): ERR_HARDWARE_NOT_RESPONDING
Tue Dec 13 17:07:33.247 - [03308] RP1210_ClientConnect(0,1,'CAN:Baud=Auto',0,0,0): ERR_HARDWARE_NOT_RESPONDING
Tue Dec 13 17:07:33.256 - [03308] RP1210_ClientConnect(0,1,'CAN:Baud=Auto',0,0,0): ERR_HARDWARE_NOT_RESPONDING
Tue Dec 13 17:07:33.261 - [03308] RP1210_ClientConnect(0,1,'CAN:Baud=Auto',0,0,0): ERR_HARDWARE_NOT_RESPONDING
Tue Dec 13 17:07:33.266 - [03308] RP1210_ClientConnect(0,1,'CAN:Baud=Auto',0,0,0): ERR_HARDWARE_NOT_RESPONDING
Tue Dec 13 17:07:33.274 - [03308] RP1210_ClientConnect(0,1,'CAN:Baud=Auto',0,0,0): ERR_HARDWARE_NOT_RESPONDING
Tue Dec 13 17:07:33.282 - [03308] RP1210_ClientConnect(0,1,'CAN:Baud=Auto',0,0,0): ERR_HARDWARE_NOT_RESPONDING
Tue Dec 13 17:07:33.289 - [03308] RP1210_ClientConnect(0,1,'CAN:Baud=Auto',0,0,0): ERR_HARDWARE_NOT_RESPONDING
Tue Dec 13 17:07:33.294 - [03308] RP1210_ClientConnect(0,1,'CAN:Baud=Auto',0,0,0): ERR_HARDWARE_NOT_RESPONDING
Tue Dec 13 17:07:33.299 - [03308] RP1210_ClientConnect(0,1,'CAN:Baud=Auto',0,0,0): ERR_HARDWARE_NOT_RESPONDING
Tue Dec 13 17:07:33.305 - [03308] RP1210_ClientConnect(0,1,'CAN:Baud=Auto',0,0,0): ERR_HARDWARE_NOT_RESPONDING
Tue Dec 13 17:07:33.310 - [03308] RP1210_ClientConnect(0,1,'CAN:Baud=Auto',0,0,0): ERR_HARDWARE_NOT_RESPONDING
Tue Dec 13 17:07:33.315 - [03308] RP1210_ClientConnect(0,1,'CAN:Baud=Auto',0,0,0): ERR_HARDWARE_NOT_RESPONDING
Tue Dec 13 17:07:33.321 - [03308] RP1210_ClientConnect(0,1,'CAN:Baud=Auto',0,0,0): ERR_HARDWARE_NOT_RESPONDING
Tue Dec 13 17:07:33.326 - [03308] RP1210_ClientConnect(0,1,'CAN:Baud=Auto',0,0,0): ERR_HARDWARE_NOT_RESPONDING
Tue Dec 13 17:07:33.331 - [03308] RP1210_ClientConnect(0,1,'CAN:Baud=Auto',0,0,0): ERR_HARDWARE_NOT_RESPONDING
Tue Dec 13 17:07:33.337 - [03308] RP1210_ClientConnect(0,1,'CAN:Baud=Auto',0,0,0): ERR_HARDWARE_NOT_RESPONDING
Tue Dec 13 17:07:33.343 - [03308] RP1210_ClientConnect(0,1,'CAN:Baud=Auto',0,0,0): ERR_HARDWARE_NOT_RESPONDING
Tue Dec 13 17:07:33.347 - [03308] RP1210_ClientConnect(0,1,'CAN:Baud=Auto',0,0,0): ERR_HARDWARE_NOT_RESPONDING
Tue Dec 13 17:07:33.352 - [03308] RP1210_ClientConnect(0,1,'CAN:Baud=Auto',0,0,0): ERR_HARDWARE_NOT_RESPONDING
Tue Dec 13 17:07:33.359 - [03308] RP1210_ClientConnect(0,1,'CAN:Baud=Auto',0,0,0): ERR_HARDWARE_NOT_RESPONDING
Tue Dec 13 17:07:33.363 - [03308] RP1210_ClientConnect(0,1,'CAN:Baud=Auto',0,0,0): ERR_HARDWARE_NOT_RESPONDING
Tue Dec 13 17:07:33.368 - [03308] RP1210_ClientConnect(0,1,'CAN:Baud=Auto',0,0,0): ERR_HARDWARE_NOT_RESPONDING
Tue Dec 13 17:07:33.375 - [03308] RP1210_ClientConnect(0,1,'CAN:Baud=Auto',0,0,0): ERR_HARDWARE_NOT_RESPONDING
Tue Dec 13 17:07:33.380 - [03308] RP1210_ClientConnect(0,1,'CAN:Baud=Auto',0,0,0): ERR_HARDWARE_NOT_RESPONDING
Tue Dec 13 17:07:33.385 - [03308] RP1210_ClientConnect(0,1,'CAN:Baud=Auto',0,0,0): ERR_HARDWARE_NOT_RESPONDING
Tue Dec 13 17:07:33.391 - [03308] RP1210_ClientConnect(0,1,'CAN:Baud=Auto',0,0,0): ERR_HARDWARE_NOT_RESPONDING
Tue Dec 13 17:07:33.396 - [03308] RP1210_ClientConnect(0,1,'CAN:Baud=Auto',0,0,0): ERR_HARDWARE_NOT_RESPONDING
Tue Dec 13 17:07:33.401 - [03308] RP1210_ClientConnect(0,1,'CAN:Baud=Auto',0,0,0): ERR_HARDWARE_NOT_RESPONDING
Tue Dec 13 17:07:33.407 - [03308] RP1210_ClientConnect(0,1,'CAN:Baud=Auto',0,0,0): ERR_HARDWARE_NOT_RESPONDING
Tue Dec 13 17:07:33.412 - [03308] RP1210_ClientConnect(0,1,'CAN:Baud=Auto',0,0,0): ERR_HARDWARE_NOT_RESPONDING
Tue Dec 13 17:07:33.417 - [03308] RP1210_ClientConnect(0,1,'CAN:Baud=Auto',0,0,0): ERR_HARDWARE_NOT_RESPONDING
Tue Dec 13 17:07:33.422 - [03308] RP1210_ClientConnect(0,1,'CAN:Baud=Auto',0,0,0): ERR_HARDWARE_NOT_RESPONDING
Tue Dec 13 17:07:33.427 - [03308] RP1210_ClientConnect(0,1,'CAN:Baud=Auto',0,0,0): ERR_HARDWARE_NOT_RESPONDING
Tue Dec 13 17:07:33.433 - [03308] RP1210_ClientConnect(0,1,'CAN:Baud=Auto',0,0,0): ERR_HARDWARE_NOT_RESPONDING
Tue Dec 13 17:07:33.440 - [03308] RP1210_ClientConnect(0,1,'CAN:Baud=Auto',0,0,0): ERR_HARDWARE_NOT_RESPONDING
Tue Dec 13 17:07:33.445 - [03308] RP1210_ClientConnect(0,1,'CAN:Baud=Auto',0,0,0): ERR_HARDWARE_NOT_RESPONDING
Tue Dec 13 17:07:33.450 - [03308] RP1210_ClientConnect(0,1,'CAN:Baud=Auto',0,0,0): ERR_HARDWARE_NOT_RESPONDING
Tue Dec 13 17:07:33.456 - [03308] RP1210_ClientConnect(0,1,'CAN:Baud=Auto',0,0,0): ERR_HARDWARE_NOT_RESPONDING
Tue Dec 13 17:07:33.462 - [03308] RP1210_ClientConnect(0,1,'CAN:Baud=Auto',0,0,0): ERR_HARDWARE_NOT_RESPONDING
Tue Dec 13 17:07:33.466 - [03308] RP1210_ClientConnect(0,1,'CAN:Baud=Auto',0,0,0): ERR_HARDWARE_NOT_RESPONDING
Tue Dec 13 17:07:33.473 - [03308] RP1210_ClientConnect(0,1,'CAN:Baud=Auto',0,0,0): ERR_HARDWARE_NOT_RESPONDING
Tue Dec 13 17:07:33.478 - [03308] RP1210_ClientConnect(0,1,'CAN:Baud=Auto',0,0,0): ERR_HARDWARE_NOT_RESPONDING
Tue Dec 13 17:07:33.483 - [03308] RP1210_ClientConnect(0,1,'CAN:Baud=Auto',0,0,0): ERR_HARDWARE_NOT_RESPONDING
Tue Dec 13 17:07:33.489 - [03308] RP1210_ClientConnect(0,1,'CAN:Baud=Auto',0,0,0): ERR_HARDWARE_NOT_RESPONDING
Tue Dec 13 17:07:33.495 - [03308] RP1210_ClientConnect(0,1,'CAN:Baud=Auto',0,0,0): ERR_HARDWARE_NOT_RESPONDING
Tue Dec 13 17:07:33.500 - [03308] RP1210_ClientConnect(0,1,'CAN:Baud=Auto',0,0,0): ERR_HARDWARE_NOT_RESPONDING
Tue Dec 13 17:07:33.506 - [03308] RP1210_ClientConnect(0,1,'CAN:Baud=Auto',0,0,0): ERR_HARDWARE_NOT_RESPONDING
Tue Dec 13 17:07:33.511 - [03308] RP1210_ClientConnect(0,1,'CAN:Baud=Auto',0,0,0): ERR_HARDWARE_NOT_RESPONDING
Tue Dec 13 17:07:33.516 - [03308] RP1210_ClientConnect(0,1,'CAN:Baud=Auto',0,0,0): ERR_HARDWARE_NOT_RESPONDING
Tue Dec 13 17:07:33.522 - [03308] RP1210_ClientConnect(0,1,'CAN:Baud=Auto',0,0,0): ERR_HARDWARE_NOT_RESPONDING
Tue Dec 13 17:07:33.527 - [03308] RP1210_ClientConnect(0,1,'CAN:Baud=Auto',0,0,0): ERR_HARDWARE_NOT_RESPONDING
Tue Dec 13 17:07:33.533 - [03308] RP1210_ClientConnect(0,1,'CAN:Baud=Auto',0,0,0): ERR_HARDWARE_NOT_RESPONDING
Tue Dec 13 17:07:33.540 - [03308] RP1210_ClientConnect(0,1,'CAN:Baud=Auto',0,0,0): ERR_HARDWARE_NOT_RESPONDING
Tue Dec 13 17:07:33.545 - [03308] RP1210_ClientConnect(0,1,'CAN:Baud=Auto',0,0,0): ERR_HARDWARE_NOT_RESPONDING
Tue Dec 13 17:07:33.550 - [03308] RP1210_ClientConnect(0,1,'CAN:Baud=Auto',0,0,0): ERR_HARDWARE_NOT_RESPONDING
Tue Dec 13 17:07:33.555 - [03308] RP1210_ClientConnect(0,1,'CAN:Baud=Auto',0,0,0): ERR_HARDWARE_NOT_RESPONDING
Tue Dec 13 17:07:33.561 - [03308] RP1210_ClientConnect(0,1,'CAN:Baud=Auto',0,0,0): ERR_HARDWARE_NOT_RESPONDING
Tue Dec 13 17:07:33.566 - [03308] RP1210_ClientConnect(0,1,'CAN:Baud=Auto',0,0,0): ERR_HARDWARE_NOT_RESPONDING
Tue Dec 13 17:07:33.572 - [03308] RP1210_ClientConnect(0,1,'CAN:Baud=Auto',0,0,0): ERR_HARDWARE_NOT_RESPONDING
Tue Dec 13 17:07:33.577 - [03308] RP1210_ClientConnect(0,1,'CAN:Baud=Auto',0,0,0): ERR_HARDWARE_NOT_RESPONDING
Tue Dec 13 17:07:33.582 - [03308] RP1210_ClientConnect(0,1,'CAN:Baud=Auto',0,0,0): ERR_HARDWARE_NOT_RESPONDING
Tue Dec 13 17:07:33.589 - [03308] RP1210_ClientConnect(0,1,'CAN:Baud=Auto',0,0,0): ERR_HARDWARE_NOT_RESPONDING
Tue Dec 13 17:07:33.595 - [03308] RP1210_ClientConnect(0,1,'CAN:Baud=Auto',0,0,0): ERR_HARDWARE_NOT_RESPONDING
Tue Dec 13 17:07:33.600 - [03308] RP1210_ClientConnect(0,1,'CAN:Baud=Auto',0,0,0): ERR_HARDWARE_NOT_RESPONDING
Tue Dec 13 17:07:33.608 - [03308] RP1210_ClientConnect(0,1,'CAN:Baud=Auto',0,0,0): ERR_HARDWARE_NOT_RESPONDING
Tue Dec 13 17:07:33.613 - [03308] RP1210_ClientConnect(0,1,'CAN:Baud=Auto',0,0,0): ERR_HARDWARE_NOT_RESPONDING
Tue Dec 13 17:07:33.619 - [03308] RP1210_ClientConnect(0,1,'CAN:Baud=Auto',0,0,0): ERR_HARDWARE_NOT_RESPONDING
Tue Dec 13 17:07:33.626 - [03308] RP1210_ClientConnect(0,1,'CAN:Baud=Auto',0,0,0): ERR_HARDWARE_NOT_RESPONDING
Tue Dec 13 17:07:33.632 - [03308] RP1210_ClientConnect(0,1,'CAN:Baud=Auto',0,0,0): ERR_HARDWARE_NOT_RESPONDING
Tue Dec 13 17:07:33.641 - [03308] RP1210_ClientConnect(0,1,'CAN:Baud=Auto',0,0,0): ERR_HARDWARE_NOT_RESPONDING
Tue Dec 13 17:07:33.646 - [03308] RP1210_ClientConnect(0,1,'CAN:Baud=Auto',0,0,0): ERR_HARDWARE_NOT_RESPONDING
Tue Dec 13 17:07:33.651 - [03308] RP1210_ClientConnect(0,1,'CAN:Baud=Auto',0,0,0): ERR_HARDWARE_NOT_RESPONDING
Tue Dec 13 17:07:33.657 - [03308] RP1210_ClientConnect(0,1,'CAN:Baud=Auto',0,0,0): ERR_HARDWARE_NOT_RESPONDING
Tue Dec 13 17:07:33.663 - [03308] RP1210_ClientConnect(0,1,'CAN:Baud=Auto',0,0,0): ERR_HARDWARE_NOT_RESPONDING
Tue Dec 13 17:07:33.668 - [03308] RP1210_ClientConnect(0,1,'CAN:Baud=Auto',0,0,0): ERR_HARDWARE_NOT_RESPONDING
Tue Dec 13 17:07:33.676 - [03308] RP1210_ClientConnect(0,1,'CAN:Baud=Auto',0,0,0): ERR_HARDWARE_NOT_RESPONDING
Tue Dec 13 17:07:33.681 - [03308] RP1210_ClientConnect(0,1,'CAN:Baud=Auto',0,0,0): ERR_HARDWARE_NOT_RESPONDING
Tue Dec 13 17:07:33.687 - [03308] RP1210_ClientConnect(0,1,'CAN:Baud=Auto',0,0,0): ERR_HARDWARE_NOT_RESPONDING
Tue Dec 13 17:07:33.693 - [03308] RP1210_ClientConnect(0,1,'CAN:Baud=Auto',0,0,0): ERR_HARDWARE_NOT_RESPONDING
Tue Dec 13 17:07:33.698 - [03308] RP1210_ClientConnect(0,1,'CAN:Baud=Auto',0,0,0): ERR_HARDWARE_NOT_RESPONDING
Tue Dec 13 17:07:33.704 - [03308] RP1210_ClientConnect(0,1,'CAN:Baud=Auto',0,0,0): ERR_HARDWARE_NOT_RESPONDING
Tue Dec 13 17:07:33.710 - [03308] RP1210_ClientConnect(0,1,'CAN:Baud=Auto',0,0,0): ERR_HARDWARE_NOT_RESPONDING
Tue Dec 13 17:07:33.715 - [03308] RP1210_ClientConnect(0,1,'CAN:Baud=Auto',0,0,0): ERR_HARDWARE_NOT_RESPONDING
Tue Dec 13 17:07:33.722 - [03308] RP1210_ClientConnect(0,1,'CAN:Baud=Auto',0,0,0): ERR_HARDWARE_NOT_RESPONDING
Tue Dec 13 17:07:33.728 - [03308] RP1210_ClientConnect(0,1,'CAN:Baud=Auto',0,0,0): ERR_HARDWARE_NOT_RESPONDING
Tue Dec 13 17:07:33.733 - [03308] RP1210_ClientConnect(0,1,'CAN:Baud=Auto',0,0,0): ERR_HARDWARE_NOT_RESPONDING
Tue Dec 13 17:07:33.739 - [03308] RP1210_ClientConnect(0,1,'CAN:Baud=Auto',0,0,0): ERR_HARDWARE_NOT_RESPONDING
Tue Dec 13 17:07:33.744 - [03308] RP1210_ClientConnect(0,1,'CAN:Baud=Auto',0,0,0): ERR_HARDWARE_NOT_RESPONDING
Tue Dec 13 17:07:33.750 - [03308] RP1210_ClientConnect(0,1,'CAN:Baud=Auto',0,0,0): ERR_HARDWARE_NOT_RESPONDING
Tue Dec 13 17:07:33.756 - [03308] RP1210_ClientConnect(0,1,'CAN:Baud=Auto',0,0,0): ERR_HARDWARE_NOT_RESPONDING
Tue Dec 13 17:07:33.761 - [03308] RP1210_ClientConnect(0,1,'CAN:Baud=Auto',0,0,0): ERR_HARDWARE_NOT_RESPONDING
Tue Dec 13 17:07:33.766 - [03308] RP1210_ClientConnect(0,1,'CAN:Baud=Auto',0,0,0): ERR_HARDWARE_NOT_RESPONDING
Tue Dec 13 17:07:33.773 - [03308] RP1210_ClientConnect(0,1,'CAN:Baud=Auto',0,0,0): ERR_HARDWARE_NOT_RESPONDING
Tue Dec 13 17:07:33.780 - [03308] RP1210_ClientConnect(0,1,'CAN:Baud=Auto',0,0,0): ERR_HARDWARE_NOT_RESPONDING
Tue Dec 13 17:07:33.786 - [03308] RP1210_ClientConnect(0,1,'CAN:Baud=Auto',0,0,0): ERR_HARDWARE_NOT_RESPONDING
Tue Dec 13 17:07:33.792 - [03308] RP1210_ClientConnect(0,1,'CAN:Baud=Auto',0,0,0): ERR_HARDWARE_NOT_RESPONDING
Tue Dec 13 17:07:33.797 - [03308] RP1210_ClientConnect(0,1,'CAN:Baud=Auto',0,0,0): ERR_HARDWARE_NOT_RESPONDING
Tue Dec 13 17:07:33.802 - [03308] RP1210_ClientConnect(0,1,'CAN:Baud=Auto',0,0,0): ERR_HARDWARE_NOT_RESPONDING
Tue Dec 13 17:07:33.809 - [03308] RP1210_ClientConnect(0,1,'CAN:Baud=Auto',0,0,0): ERR_HARDWARE_NOT_RESPONDING
Tue Dec 13 17:07:33.814 - [03308] RP1210_ClientConnect(0,1,'CAN:Baud=Auto',0,0,0): ERR_HARDWARE_NOT_RESPONDING
Tue Dec 13 17:07:33.819 - [03308] RP1210_ClientConnect(0,1,'CAN:Baud=Auto',0,0,0): ERR_HARDWARE_NOT_RESPONDING
Tue Dec 13 17:07:33.827 - [03308] RP1210_ClientConnect(0,1,'CAN:Baud=Auto',0,0,0): ERR_HARDWARE_NOT_RESPONDING
Tue Dec 13 17:07:33.833 - [03308] RP1210_ClientConnect(0,1,'CAN:Baud=Auto',0,0,0): ERR_HARDWARE_NOT_RESPONDING
Tue Dec 13 17:07:33.838 - [03308] RP1210_ClientConnect(0,1,'CAN:Baud=Auto',0,0,0): ERR_HARDWARE_NOT_RESPONDING
Tue Dec 13 17:07:33.844 - [03308] RP1210_ClientConnect(0,1,'CAN:Baud=Auto',0,0,0): ERR_HARDWARE_NOT_RESPONDING
Tue Dec 13 17:07:33.849 - [03308] RP1210_ClientConnect(0,1,'CAN:Baud=Auto',0,0,0): ERR_HARDWARE_NOT_RESPONDING
Tue Dec 13 17:07:33.855 - [03308] RP1210_ClientConnect(0,1,'CAN:Baud=Auto',0,0,0): ERR_HARDWARE_NOT_RESPONDING
Tue Dec 13 17:07:33.860 - [03308] RP1210_ClientConnect(0,1,'CAN:Baud=Auto',0,0,0): ERR_HARDWARE_NOT_RESPONDING
Tue Dec 13 17:07:33.865 - [03308] RP1210_ClientConnect(0,1,'CAN:Baud=Auto',0,0,0): ERR_HARDWARE_NOT_RESPONDING
Tue Dec 13 17:07:33.871 - [03308] RP1210_ClientConnect(0,1,'CAN:Baud=Auto',0,0,0): ERR_HARDWARE_NOT_RESPONDING
Tue Dec 13 17:07:33.879 - [03308] RP1210_ClientConnect(0,1,'CAN:Baud=Auto',0,0,0): ERR_HARDWARE_NOT_RESPONDING
Tue Dec 13 17:07:33.884 - [03308] RP1210_ClientConnect(0,1,'CAN:Baud=Auto',0,0,0): ERR_HARDWARE_NOT_RESPONDING
Tue Dec 13 17:07:33.890 - [03308] RP1210_ClientConnect(0,1,'CAN:Baud=Auto',0,0,0): ERR_HARDWARE_NOT_RESPONDING
Tue Dec 13 17:07:33.895 - [03308] RP1210_ClientConnect(0,1,'CAN:Baud=Auto',0,0,0): ERR_HARDWARE_NOT_RESPONDING
Tue Dec 13 17:07:33.901 - [03308] RP1210_ClientConnect(0,1,'CAN:Baud=Auto',0,0,0): ERR_HARDWARE_NOT_RESPONDING
Tue Dec 13 17:07:33.907 - [03308] RP1210_ClientConnect(0,1,'CAN:Baud=Auto',0,0,0): ERR_HARDWARE_NOT_RESPONDING
Tue Dec 13 17:07:33.912 - [03308] RP1210_ClientConnect(0,1,'CAN:Baud=Auto',0,0,0): ERR_HARDWARE_NOT_RESPONDING
Tue Dec 13 17:07:33.917 - [03308] RP1210_ClientConnect(0,1,'CAN:Baud=Auto',0,0,0): ERR_HARDWARE_NOT_RESPONDING
Tue Dec 13 17:07:33.923 - [03308] RP1210_ClientConnect(0,1,'CAN:Baud=Auto',0,0,0): ERR_HARDWARE_NOT_RESPONDING
Tue Dec 13 17:07:33.930 - [03308] RP1210_ClientConnect(0,1,'CAN:Baud=Auto',0,0,0): ERR_HARDWARE_NOT_RESPONDING
Tue Dec 13 17:07:33.936 - [03308] RP1210_ClientConnect(0,1,'CAN:Baud=Auto',0,0,0): ERR_HARDWARE_NOT_RESPONDING
Tue Dec 13 17:07:33.943 - [03308] RP1210_ClientConnect(0,1,'CAN:Baud=Auto',0,0,0): ERR_HARDWARE_NOT_RESPONDING
Tue Dec 13 17:07:33.948 - [03308] RP1210_ClientConnect(0,1,'CAN:Baud=Auto',0,0,0): ERR_HARDWARE_NOT_RESPONDING
Tue Dec 13 17:07:33.991 - [03308] RP1210_ClientConnect(0,1,'CAN:Baud=Auto',0,0,0): ERR_HARDWARE_NOT_RESPONDING
Tue Dec 13 17:07:33.997 - [03308] RP1210_ClientConnect(0,1,'CAN:Baud=Auto',0,0,0): ERR_HARDWARE_NOT_RESPONDING
Tue Dec 13 17:07:34.002 - [03308] RP1210_ClientConnect(0,1,'CAN:Baud=Auto',0,0,0): ERR_HARDWARE_NOT_RESPONDING
Tue Dec 13 17:07:34.009 - [03308] RP1210_ClientConnect(0,1,'CAN:Baud=Auto',0,0,0): ERR_HARDWARE_NOT_RESPONDING
Tue Dec 13 17:07:34.015 - [03308] RP1210_ClientConnect(0,1,'CAN:Baud=Auto',0,0,0): ERR_HARDWARE_NOT_RESPONDING
Tue Dec 13 17:07:34.020 - [03308] RP1210_ClientConnect(0,1,'CAN:Baud=Auto',0,0,0): ERR_HARDWARE_NOT_RESPONDING
Tue Dec 13 17:07:34.027 - [03308] RP1210_ClientConnect(0,1,'CAN:Baud=Auto',0,0,0): ERR_HARDWARE_NOT_RESPONDING
Tue Dec 13 17:07:34.033 - [03308] RP1210_ClientConnect(0,1,'CAN:Baud=Auto',0,0,0): ERR_HARDWARE_NOT_RESPONDING
Tue Dec 13 17:07:34.039 - [03308] RP1210_ClientConnect(0,1,'CAN:Baud=Auto',0,0,0): ERR_HARDWARE_NOT_RESPONDING
Tue Dec 13 17:07:34.044 - [03308] RP1210_ClientConnect(0,1,'CAN:Baud=Auto',0,0,0): ERR_HARDWARE_NOT_RESPONDING
Tue Dec 13 17:07:34.049 - [03308] RP1210_ClientConnect(0,1,'CAN:Baud=Auto',0,0,0): ERR_HARDWARE_NOT_RESPONDING
Tue Dec 13 17:07:34.055 - [03308] RP1210_ClientConnect(0,1,'CAN:Baud=Auto',0,0,0): ERR_HARDWARE_NOT_RESPONDING
Tue Dec 13 17:07:34.061 - [03308] RP1210_ClientConnect(0,1,'CAN:Baud=Auto',0,0,0): ERR_HARDWARE_NOT_RESPONDING
Tue Dec 13 17:07:34.067 - [03308] RP1210_ClientConnect(0,1,'CAN:Baud=Auto',0,0,0): ERR_HARDWARE_NOT_RESPONDING
Tue Dec 13 17:07:34.073 - [03308] RP1210_ClientConnect(0,1,'CAN:Baud=Auto',0,0,0): ERR_HARDWARE_NOT_RESPONDING
Tue Dec 13 17:07:34.078 - [03308] RP1210_ClientConnect(0,1,'CAN:Baud=Auto',0,0,0): ERR_HARDWARE_NOT_RESPONDING
Tue Dec 13 17:07:34.085 - [03308] RP1210_ClientConnect(0,1,'CAN:Baud=Auto',0,0,0): ERR_HARDWARE_NOT_RESPONDING
Tue Dec 13 17:07:34.091 - [03308] RP1210_ClientConnect(0,1,'CAN:Baud=Auto',0,0,0): ERR_HARDWARE_NOT_RESPONDING
Tue Dec 13 17:07:34.096 - [03308] RP1210_ClientConnect(0,1,'CAN:Baud=Auto',0,0,0): ERR_HARDWARE_NOT_RESPONDING
Tue Dec 13 17:07:34.101 - [03308] RP1210_ClientConnect(0,1,'CAN:Baud=Auto',0,0,0): ERR_HARDWARE_NOT_RESPONDING
Tue Dec 13 17:07:34.108 - [03308] RP1210_ClientConnect(0,1,'CAN:Baud=Auto',0,0,0): ERR_HARDWARE_NOT_RESPONDING
Tue Dec 13 17:07:34.113 - [03308] RP1210_ClientConnect(0,1,'CAN:Baud=Auto',0,0,0): ERR_HARDWARE_NOT_RESPONDING
Tue Dec 13 17:07:34.118 - [03308] RP1210_ClientConnect(0,1,'CAN:Baud=Auto',0,0,0): ERR_HARDWARE_NOT_RESPONDING
Tue Dec 13 17:07:34.125 - [03308] RP1210_ClientConnect(0,1,'CAN:Baud=Auto',0,0,0): ERR_HARDWARE_NOT_RESPONDING
Tue Dec 13 17:07:34.132 - [03308] RP1210_ClientConnect(0,1,'CAN:Baud=Auto',0,0,0): ERR_HARDWARE_NOT_RESPONDING
Tue Dec 13 17:07:34.138 - [03308] RP1210_ClientConnect(0,1,'CAN:Baud=Auto',0,0,0): ERR_HARDWARE_NOT_RESPONDING
Tue Dec 13 17:07:34.144 - [03308] RP1210_ClientConnect(0,1,'CAN:Baud=Auto',0,0,0): ERR_HARDWARE_NOT_RESPONDING
Tue Dec 13 17:07:34.149 - [03308] RP1210_ClientConnect(0,1,'CAN:Baud=Auto',0,0,0): ERR_HARDWARE_NOT_RESPONDING
Tue Dec 13 17:07:34.155 - [03308] RP1210_ClientConnect(0,1,'CAN:Baud=Auto',0,0,0): ERR_HARDWARE_NOT_RESPONDING
Tue Dec 13 17:07:34.160 - [03308] RP1210_ClientConnect(0,1,'CAN:Baud=Auto',0,0,0): ERR_HARDWARE_NOT_RESPONDING
Tue Dec 13 17:07:34.165 - [03308] RP1210_ClientConnect(0,1,'CAN:Baud=Auto',0,0,0): ERR_HARDWARE_NOT_RESPONDING
Tue Dec 13 17:07:34.171 - [03308] RP1210_ClientConnect(0,1,'CAN:Baud=Auto',0,0,0): ERR_HARDWARE_NOT_RESPONDING
Tue Dec 13 17:07:34.177 - [03308] RP1210_ClientConnect(0,1,'CAN:Baud=Auto',0,0,0): ERR_HARDWARE_NOT_RESPONDING
Tue Dec 13 17:07:34.183 - [03308] RP1210_ClientConnect(0,1,'CAN:Baud=Auto',0,0,0): ERR_HARDWARE_NOT_RESPONDING
Tue Dec 13 17:07:34.189 - [03308] RP1210_ClientConnect(0,1,'CAN:Baud=Auto',0,0,0): ERR_HARDWARE_NOT_RESPONDING
Tue Dec 13 17:07:34.195 - [03308] RP1210_ClientConnect(0,1,'CAN:Baud=Auto',0,0,0): ERR_HARDWARE_NOT_RESPONDING
Tue Dec 13 17:07:34.200 - [03308] RP1210_ClientConnect(0,1,'CAN:Baud=Auto',0,0,0): ERR_HARDWARE_NOT_RESPONDING
Tue Dec 13 17:07:34.207 - [03308] RP1210_ClientConnect(0,1,'CAN:Baud=Auto',0,0,0): ERR_HARDWARE_NOT_RESPONDING
Tue Dec 13 17:07:34.212 - [03308] RP1210_ClientConnect(0,1,'CAN:Baud=Auto',0,0,0): ERR_HARDWARE_NOT_RESPONDING
Tue Dec 13 17:07:34.217 - [03308] RP1210_ClientConnect(0,1,'CAN:Baud=Auto',0,0,0): ERR_HARDWARE_NOT_RESPONDING
Tue Dec 13 17:07:34.223 - [03308] RP1210_ClientConnect(0,1,'CAN:Baud=Auto',0,0,0): ERR_HARDWARE_NOT_RESPONDING
Tue Dec 13 17:07:34.229 - [03308] RP1210_ClientConnect(0,1,'CAN:Baud=Auto',0,0,0): ERR_HARDWARE_NOT_RESPONDING
Tue Dec 13 17:07:34.235 - [03308] RP1210_ClientConnect(0,1,'CAN:Baud=Auto',0,0,0): ERR_HARDWARE_NOT_RESPONDING
Tue Dec 13 17:07:34.241 - [03308] RP1210_ClientConnect(0,1,'CAN:Baud=Auto',0,0,0): ERR_HARDWARE_NOT_RESPONDING
Tue Dec 13 17:07:34.246 - [03308] RP1210_ClientConnect(0,1,'CAN:Baud=Auto',0,0,0): ERR_HARDWARE_NOT_RESPONDING
Tue Dec 13 17:07:34.252 - [03308] RP1210_ClientConnect(0,1,'CAN:Baud=Auto',0,0,0): ERR_HARDWARE_NOT_RESPONDING
Tue Dec 13 17:07:34.259 - [03308] RP1210_ClientConnect(0,1,'CAN:Baud=Auto',0,0,0): ERR_HARDWARE_NOT_RESPONDING
Tue Dec 13 17:07:34.266 - [03308] RP1210_ClientConnect(0,1,'CAN:Baud=Auto',0,0,0): ERR_HARDWARE_NOT_RESPONDING
Tue Dec 13 17:07:34.273 - [03308] RP1210_ClientConnect(0,1,'CAN:Baud=Auto',0,0,0): ERR_HARDWARE_NOT_RESPONDING
Tue Dec 13 17:07:34.278 - [03308] RP1210_ClientConnect(0,1,'CAN:Baud=Auto',0,0,0): ERR_HARDWARE_NOT_RESPONDING
Tue Dec 13 17:07:34.283 - [03308] RP1210_ClientConnect(0,1,'CAN:Baud=Auto',0,0,0): ERR_HARDWARE_NOT_RESPONDING
Tue Dec 13 17:07:34.290 - [03308] RP1210_ClientConnect(0,1,'CAN:Baud=Auto',0,0,0): ERR_HARDWARE_NOT_RESPONDING
Tue Dec 13 17:07:34.295 - [03308] RP1210_ClientConnect(0,1,'CAN:Baud=Auto',0,0,0): ERR_HARDWARE_NOT_RESPONDING
Tue Dec 13 17:07:34.300 - [03308] RP1210_ClientConnect(0,1,'CAN:Baud=Auto',0,0,0): ERR_HARDWARE_NOT_RESPONDING
Tue Dec 13 17:07:34.308 - [03308] RP1210_ClientConnect(0,1,'CAN:Baud=Auto',0,0,0): ERR_HARDWARE_NOT_RESPONDING
Tue Dec 13 17:07:34.314 - [03308] RP1210_ClientConnect(0,1,'CAN:Baud=Auto',0,0,0): ERR_HARDWARE_NOT_RESPONDING
Tue Dec 13 17:07:34.319 - [03308] RP1210_ClientConnect(0,1,'CAN:Baud=Auto',0,0,0): ERR_HARDWARE_NOT_RESPONDING
Tue Dec 13 17:07:34.327 - [03308] RP1210_ClientConnect(0,1,'CAN:Baud=Auto',0,0,0): ERR_HARDWARE_NOT_RESPONDING
Tue Dec 13 17:07:34.332 - [03308] RP1210_ClientConnect(0,1,'CAN:Baud=Auto',0,0,0): ERR_HARDWARE_NOT_RESPONDING
Tue Dec 13 17:07:34.340 - [03308] RP1210_ClientConnect(0,1,'CAN:Baud=Auto',0,0,0): ERR_HARDWARE_NOT_RESPONDING
Tue Dec 13 17:07:34.345 - [03308] RP1210_ClientConnect(0,1,'CAN:Baud=Auto',0,0,0): ERR_HARDWARE_NOT_RESPONDING
Tue Dec 13 17:07:34.350 - [03308] RP1210_ClientConnect(0,1,'CAN:Baud=Auto',0,0,0): ERR_HARDWARE_NOT_RESPONDING
Tue Dec 13 17:07:34.357 - [03308] RP1210_ClientConnect(0,1,'CAN:Baud=Auto',0,0,0): ERR_HARDWARE_NOT_RESPONDING
Tue Dec 13 17:07:34.362 - [03308] RP1210_ClientConnect(0,1,'CAN:Baud=Auto',0,0,0): ERR_HARDWARE_NOT_RESPONDING
Tue Dec 13 17:07:34.367 - [03308] RP1210_ClientConnect(0,1,'CAN:Baud=Auto',0,0,0): ERR_HARDWARE_NOT_RESPONDING
Tue Dec 13 17:07:34.374 - [03308] RP1210_ClientConnect(0,1,'CAN:Baud=Auto',0,0,0): ERR_HARDWARE_NOT_RESPONDING
Tue Dec 13 17:07:34.379 - [03308] RP1210_ClientConnect(0,1,'CAN:Baud=Auto',0,0,0): ERR_HARDWARE_NOT_RESPONDING
Tue Dec 13 17:07:34.384 - [03308] RP1210_ClientConnect(0,1,'CAN:Baud=Auto',0,0,0): ERR_HARDWARE_NOT_RESPONDING
Tue Dec 13 17:07:34.391 - [03308] RP1210_ClientConnect(0,1,'CAN:Baud=Auto',0,0,0): ERR_HARDWARE_NOT_RESPONDING
Tue Dec 13 17:07:34.396 - [03308] RP1210_ClientConnect(0,1,'CAN:Baud=Auto',0,0,0): ERR_HARDWARE_NOT_RESPONDING
Tue Dec 13 17:07:34.401 - [03308] RP1210_ClientConnect(0,1,'CAN:Baud=Auto',0,0,0): ERR_HARDWARE_NOT_RESPONDING
Tue Dec 13 17:07:34.408 - [03308] RP1210_ClientConnect(0,1,'CAN:Baud=Auto',0,0,0): ERR_HARDWARE_NOT_RESPONDING
Tue Dec 13 17:07:34.413 - [03308] RP1210_ClientConnect(0,1,'CAN:Baud=Auto',0,0,0): ERR_HARDWARE_NOT_RESPONDING
Tue Dec 13 17:07:34.418 - [03308] RP1210_ClientConnect(0,1,'CAN:Baud=Auto',0,0,0): ERR_HARDWARE_NOT_RESPONDING
Tue Dec 13 17:07:34.424 - [03308] RP1210_ClientConnect(0,1,'CAN:Baud=Auto',0,0,0): ERR_HARDWARE_NOT_RESPONDING
Tue Dec 13 17:07:34.429 - [03308] RP1210_ClientConnect(0,1,'CAN:Baud=Auto',0,0,0): ERR_HARDWARE_NOT_RESPONDING
Tue Dec 13 17:07:34.435 - [03308] RP1210_ClientConnect(0,1,'CAN:Baud=Auto',0,0,0): ERR_HARDWARE_NOT_RESPONDING
Tue Dec 13 17:07:34.441 - [03308] RP1210_ClientConnect(0,1,'CAN:Baud=Auto',0,0,0): ERR_HARDWARE_NOT_RESPONDING
Tue Dec 13 17:07:34.447 - [03308] RP1210_ClientConnect(0,1,'CAN:Baud=Auto',0,0,0): ERR_HARDWARE_NOT_RESPONDING
Tue Dec 13 17:07:34.452 - [03308] RP1210_ClientConnect(0,1,'CAN:Baud=Auto',0,0,0): ERR_HARDWARE_NOT_RESPONDING
Tue Dec 13 17:07:34.459 - [03308] RP1210_ClientConnect(0,1,'CAN:Baud=Auto',0,0,0): ERR_HARDWARE_NOT_RESPONDING
Tue Dec 13 17:07:34.464 - [03308] RP1210_ClientConnect(0,1,'CAN:Baud=Auto',0,0,0): ERR_HARDWARE_NOT_RESPONDING
Tue Dec 13 17:07:34.469 - [03308] RP1210_ClientConnect(0,1,'CAN:Baud=Auto',0,0,0): ERR_HARDWARE_NOT_RESPONDING
Tue Dec 13 17:07:34.476 - [03308] RP1210_ClientConnect(0,1,'CAN:Baud=Auto',0,0,0): ERR_HARDWARE_NOT_RESPONDING
Tue Dec 13 17:07:34.481 - [03308] RP1210_ClientConnect(0,1,'CAN:Baud=Auto',0,0,0): ERR_HARDWARE_NOT_RESPONDING
Tue Dec 13 17:07:34.487 - [03308] RP1210_ClientConnect(0,1,'CAN:Baud=Auto',0,0,0): ERR_HARDWARE_NOT_RESPONDING
Tue Dec 13 17:07:34.494 - [03308] RP1210_ClientConnect(0,1,'CAN:Baud=Auto',0,0,0): ERR_HARDWARE_NOT_RESPONDING
Tue Dec 13 17:07:34.499 - [03308] RP1210_ClientConnect(0,1,'CAN:Baud=Auto',0,0,0): ERR_HARDWARE_NOT_RESPONDING
Tue Dec 13 17:07:34.505 - [03308] RP1210_ClientConnect(0,1,'CAN:Baud=Auto',0,0,0): ERR_HARDWARE_NOT_RESPONDING
Tue Dec 13 17:07:34.510 - [03308] RP1210_ClientConnect(0,1,'CAN:Baud=Auto',0,0,0): ERR_HARDWARE_NOT_RESPONDING
Tue Dec 13 17:07:34.515 - [03308] RP1210_ClientConnect(0,1,'CAN:Baud=Auto',0,0,0): ERR_HARDWARE_NOT_RESPONDING
Tue Dec 13 17:07:34.521 - [03308] RP1210_ClientConnect(0,1,'CAN:Baud=Auto',0,0,0): ERR_HARDWARE_NOT_RESPONDING
Tue Dec 13 17:07:34.527 - [03308] RP1210_ClientConnect(0,1,'CAN:Baud=Auto',0,0,0): ERR_HARDWARE_NOT_RESPONDING
Tue Dec 13 17:07:34.532 - [03308] RP1210_ClientConnect(0,1,'CAN:Baud=Auto',0,0,0): ERR_HARDWARE_NOT_RESPONDING
Tue Dec 13 17:07:34.538 - [03308] RP1210_ClientConnect(0,1,'CAN:Baud=Auto',0,0,0): ERR_HARDWARE_NOT_RESPONDING
Tue Dec 13 17:07:34.544 - [03308] RP1210_ClientConnect(0,1,'CAN:Baud=Auto',0,0,0): ERR_HARDWARE_NOT_RESPONDING
Tue Dec 13 17:07:34.550 - [03308] RP1210_ClientConnect(0,1,'CAN:Baud=Auto',0,0,0): ERR_HARDWARE_NOT_RESPONDING
Tue Dec 13 17:07:34.556 - [03308] RP1210_ClientConnect(0,1,'CAN:Baud=Auto',0,0,0): ERR_HARDWARE_NOT_RESPONDING
Tue Dec 13 17:07:34.561 - [03308] RP1210_ClientConnect(0,1,'CAN:Baud=Auto',0,0,0): ERR_HARDWARE_NOT_RESPONDING
Tue Dec 13 17:07:34.566 - [03308] RP1210_ClientConnect(0,1,'CAN:Baud=Auto',0,0,0): ERR_HARDWARE_NOT_RESPONDING
Tue Dec 13 17:07:34.572 - [03308] RP1210_ClientConnect(0,1,'CAN:Baud=Auto',0,0,0): ERR_HARDWARE_NOT_RESPONDING
Tue Dec 13 17:07:34.577 - [03308] RP1210_ClientConnect(0,1,'CAN:Baud=Auto',0,0,0): ERR_HARDWARE_NOT_RESPONDING
Tue Dec 13 17:07:34.582 - [03308] RP1210_ClientConnect(0,1,'CAN:Baud=Auto',0,0,0): ERR_HARDWARE_NOT_RESPONDING
Tue Dec 13 17:07:34.590 - [03308] RP1210_ClientConnect(0,1,'CAN:Baud=Auto',0,0,0): ERR_HARDWARE_NOT_RESPONDING
Tue Dec 13 17:07:34.596 - [03308] RP1210_ClientConnect(0,1,'CAN:Baud=Auto',0,0,0): ERR_HARDWARE_NOT_RESPONDING
Tue Dec 13 17:07:34.600 - [03308] RP1210_ClientConnect(0,1,'CAN:Baud=Auto',0,0,0): ERR_HARDWARE_NOT_RESPONDING
Tue Dec 13 17:07:34.607 - [03308] RP1210_ClientConnect(0,1,'CAN:Baud=Auto',0,0,0): ERR_HARDWARE_NOT_RESPONDING
Tue Dec 13 17:07:34.612 - [03308] RP1210_ClientConnect(0,1,'CAN:Baud=Auto',0,0,0): ERR_HARDWARE_NOT_RESPONDING
Tue Dec 13 17:07:34.618 - [03308] RP1210_ClientConnect(0,1,'CAN:Baud=Auto',0,0,0): ERR_HARDWARE_NOT_RESPONDING
Tue Dec 13 17:07:34.626 - [03308] RP1210_ClientConnect(0,1,'CAN:Baud=Auto',0,0,0): ERR_HARDWARE_NOT_RESPONDING
Tue Dec 13 17:07:34.632 - [03308] RP1210_ClientConnect(0,1,'CAN:Baud=Auto',0,0,0): ERR_HARDWARE_NOT_RESPONDING
Tue Dec 13 17:07:34.640 - [03308] RP1210_ClientConnect(0,1,'CAN:Baud=Auto',0,0,0): ERR_HARDWARE_NOT_RESPONDING
Tue Dec 13 17:07:34.646 - [03308] RP1210_ClientConnect(0,1,'CAN:Baud=Auto',0,0,0): ERR_HARDWARE_NOT_RESPONDING
Tue Dec 13 17:07:34.652 - [03308] RP1210_ClientConnect(0,1,'CAN:Baud=Auto',0,0,0): ERR_HARDWARE_NOT_RESPONDING
Tue Dec 13 17:07:34.660 - [03308] RP1210_ClientConnect(0,1,'CAN:Baud=Auto',0,0,0): ERR_HARDWARE_NOT_RESPONDING
Tue Dec 13 17:07:34.666 - [03308] RP1210_ClientConnect(0,1,'CAN:Baud=Auto',0,0,0): ERR_HARDWARE_NOT_RESPONDING
Tue Dec 13 17:07:34.675 - [03308] RP1210_ClientConnect(0,1,'CAN:Baud=Auto',0,0,0): ERR_HARDWARE_NOT_RESPONDING
Tue Dec 13 17:07:34.680 - [03308] RP1210_ClientConnect(0,1,'CAN:Baud=Auto',0,0,0): ERR_HARDWARE_NOT_RESPONDING
Tue Dec 13 17:07:34.685 - [03308] RP1210_ClientConnect(0,1,'CAN:Baud=Auto',0,0,0): ERR_HARDWARE_NOT_RESPONDING
Tue Dec 13 17:07:34.692 - [03308] RP1210_ClientConnect(0,1,'CAN:Baud=Auto',0,0,0): ERR_HARDWARE_NOT_RESPONDING
Tue Dec 13 17:07:34.697 - [03308] RP1210_ClientConnect(0,1,'CAN:Baud=Auto',0,0,0): ERR_HARDWARE_NOT_RESPONDING
Tue Dec 13 17:07:34.702 - [03308] RP1210_ClientConnect(0,1,'CAN:Baud=Auto',0,0,0): ERR_HARDWARE_NOT_RESPONDING
Tue Dec 13 17:07:34.709 - [03308] RP1210_ClientConnect(0,1,'CAN:Baud=Auto',0,0,0): ERR_HARDWARE_NOT_RESPONDING
Tue Dec 13 17:07:34.714 - [03308] RP1210_ClientConnect(0,1,'CAN:Baud=Auto',0,0,0): ERR_HARDWARE_NOT_RESPONDING
Tue Dec 13 17:07:34.719 - [03308] RP1210_ClientConnect(0,1,'CAN:Baud=Auto',0,0,0): ERR_HARDWARE_NOT_RESPONDING
Tue Dec 13 17:07:34.727 - [03308] RP1210_ClientConnect(0,1,'CAN:Baud=Auto',0,0,0): ERR_HARDWARE_NOT_RESPONDING
Tue Dec 13 17:07:34.732 - [03308] RP1210_ClientConnect(0,1,'CAN:Baud=Auto',0,0,0): ERR_HARDWARE_NOT_RESPONDING
Tue Dec 13 17:07:34.738 - [03308] RP1210_ClientConnect(0,1,'CAN:Baud=Auto',0,0,0): ERR_HARDWARE_NOT_RESPONDING
Tue Dec 13 17:07:34.744 - [03308] RP1210_ClientConnect(0,1,'CAN:Baud=Auto',0,0,0): ERR_HARDWARE_NOT_RESPONDING
Tue Dec 13 17:07:34.749 - [03308] RP1210_ClientConnect(0,1,'CAN:Baud=Auto',0,0,0): ERR_HARDWARE_NOT_RESPONDING
Tue Dec 13 17:07:34.755 - [03308] RP1210_ClientConnect(0,1,'CAN:Baud=Auto',0,0,0): ERR_HARDWARE_NOT_RESPONDING
Tue Dec 13 17:07:34.761 - [03308] RP1210_ClientConnect(0,1,'CAN:Baud=Auto',0,0,0): ERR_HARDWARE_NOT_RESPONDING
Tue Dec 13 17:07:34.766 - [03308] RP1210_ClientConnect(0,1,'CAN:Baud=Auto',0,0,0): ERR_HARDWARE_NOT_RESPONDING
Tue Dec 13 17:07:34.772 - [03308] RP1210_ClientConnect(0,1,'CAN:Baud=Auto',0,0,0): ERR_HARDWARE_NOT_RESPONDING
Tue Dec 13 17:07:34.778 - [03308] RP1210_ClientConnect(0,1,'CAN:Baud=Auto',0,0,0): ERR_HARDWARE_NOT_RESPONDING
Tue Dec 13 17:07:34.783 - [03308] RP1210_ClientConnect(0,1,'CAN:Baud=Auto',0,0,0): ERR_HARDWARE_NOT_RESPONDING
Tue Dec 13 17:07:34.788 - [03308] RP1210_ClientConnect(0,1,'CAN:Baud=Auto',0,0,0): ERR_HARDWARE_NOT_RESPONDING
Tue Dec 13 17:07:34.795 - [03308] RP1210_ClientConnect(0,1,'CAN:Baud=Auto',0,0,0): ERR_HARDWARE_NOT_RESPONDING
Tue Dec 13 17:07:34.800 - [03308] RP1210_ClientConnect(0,1,'CAN:Baud=Auto',0,0,0): ERR_HARDWARE_NOT_RESPONDING
Tue Dec 13 17:07:34.806 - [03308] RP1210_ClientConnect(0,1,'CAN:Baud=Auto',0,0,0): ERR_HARDWARE_NOT_RESPONDING
Tue Dec 13 17:07:34.812 - [03308] RP1210_ClientConnect(0,1,'CAN:Baud=Auto',0,0,0): ERR_HARDWARE_NOT_RESPONDING
Tue Dec 13 17:07:34.817 - [03308] RP1210_ClientConnect(0,1,'CAN:Baud=Auto',0,0,0): ERR_HARDWARE_NOT_RESPONDING
Tue Dec 13 17:07:34.825 - [03308] RP1210_ClientConnect(0,1,'CAN:Baud=Auto',0,0,0): ERR_HARDWARE_NOT_RESPONDING
Tue Dec 13 17:07:34.830 - [03308] RP1210_ClientConnect(0,1,'CAN:Baud=Auto',0,0,0): ERR_HARDWARE_NOT_RESPONDING
Tue Dec 13 17:07:34.835 - [03308] RP1210_ClientConnect(0,1,'CAN:Baud=Auto',0,0,0): ERR_HARDWARE_NOT_RESPONDING
Tue Dec 13 17:07:34.842 - [03308] RP1210_ClientConnect(0,1,'CAN:Baud=Auto',0,0,0): ERR_HARDWARE_NOT_RESPONDING
Tue Dec 13 17:07:34.847 - [03308] RP1210_ClientConnect(0,1,'CAN:Baud=Auto',0,0,0): ERR_HARDWARE_NOT_RESPONDING
Tue Dec 13 17:07:34.852 - [03308] RP1210_ClientConnect(0,1,'CAN:Baud=Auto',0,0,0): ERR_HARDWARE_NOT_RESPONDING
Tue Dec 13 17:07:34.859 - [03308] RP1210_ClientConnect(0,1,'CAN:Baud=Auto',0,0,0): ERR_HARDWARE_NOT_RESPONDING
Tue Dec 13 17:07:34.866 - [03308] RP1210_ClientConnect(0,1,'CAN:Baud=Auto',0,0,0): ERR_HARDWARE_NOT_RESPONDING
Tue Dec 13 17:07:34.873 - [03308] RP1210_ClientConnect(0,1,'CAN:Baud=Auto',0,0,0): ERR_HARDWARE_NOT_RESPONDING
Tue Dec 13 17:07:34.879 - [03308] RP1210_ClientConnect(0,1,'CAN:Baud=Auto',0,0,0): ERR_HARDWARE_NOT_RESPONDING
Tue Dec 13 17:07:34.884 - [03308] RP1210_ClientConnect(0,1,'CAN:Baud=Auto',0,0,0): ERR_HARDWARE_NOT_RESPONDING
Tue Dec 13 17:07:34.890 - [03308] RP1210_ClientConnect(0,1,'CAN:Baud=Auto',0,0,0): ERR_HARDWARE_NOT_RESPONDING
Tue Dec 13 17:07:34.895 - [03308] RP1210_ClientConnect(0,1,'CAN:Baud=Auto',0,0,0): ERR_HARDWARE_NOT_RESPONDING
Tue Dec 13 17:07:34.901 - [03308] RP1210_ClientConnect(0,1,'CAN:Baud=Auto',0,0,0): ERR_HARDWARE_NOT_RESPONDING
Tue Dec 13 17:07:34.907 - [03308] RP1210_ClientConnect(0,1,'CAN:Baud=Auto',0,0,0): ERR_HARDWARE_NOT_RESPONDING
Tue Dec 13 17:07:34.912 - [03308] RP1210_ClientConnect(0,1,'CAN:Baud=Auto',0,0,0): ERR_HARDWARE_NOT_RESPONDING
Tue Dec 13 17:07:34.918 - [03308] RP1210_ClientConnect(0,1,'CAN:Baud=Auto',0,0,0): ERR_HARDWARE_NOT_RESPONDING
Tue Dec 13 17:07:34.924 - [03308] RP1210_ClientConnect(0,1,'CAN:Baud=Auto',0,0,0): ERR_HARDWARE_NOT_RESPONDING
Tue Dec 13 17:07:34.931 - [03308] RP1210_ClientConnect(0,1,'CAN:Baud=Auto',0,0,0): ERR_HARDWARE_NOT_RESPONDING
Tue Dec 13 17:07:34.935 - [03308] RP1210_ClientConnect(0,1,'CAN:Baud=Auto',0,0,0): ERR_HARDWARE_NOT_RESPONDING
Tue Dec 13 17:07:34.942 - [03308] RP1210_ClientConnect(0,1,'CAN:Baud=Auto',0,0,0): ERR_HARDWARE_NOT_RESPONDING
Tue Dec 13 17:07:34.947 - [03308] RP1210_ClientConnect(0,1,'CAN:Baud=Auto',0,0,0): ERR_HARDWARE_NOT_RESPONDING
Tue Dec 13 17:07:34.953 - [03308] RP1210_ClientConnect(0,1,'CAN:Baud=Auto',0,0,0): ERR_HARDWARE_NOT_RESPONDING
Tue Dec 13 17:07:34.959 - [03308] RP1210_ClientConnect(0,1,'CAN:Baud=Auto',0,0,0): ERR_HARDWARE_NOT_RESPONDING
Tue Dec 13 17:07:34.964 - [03308] RP1210_ClientConnect(0,1,'CAN:Baud=Auto',0,0,0): ERR_HARDWARE_NOT_RESPONDING
Tue Dec 13 17:07:34.969 - [03308] RP1210_ClientConnect(0,1,'CAN:Baud=Auto',0,0,0): ERR_HARDWARE_NOT_RESPONDING
Tue Dec 13 17:07:34.977 - [03308] RP1210_ClientConnect(0,1,'CAN:Baud=Auto',0,0,0): ERR_HARDWARE_NOT_RESPONDING
Tue Dec 13 17:07:34.982 - [03308] RP1210_ClientConnect(0,1,'CAN:Baud=Auto',0,0,0): ERR_HARDWARE_NOT_RESPONDING
Tue Dec 13 17:07:34.987 - [03308] RP1210_ClientConnect(0,1,'CAN:Baud=Auto',0,0,0): ERR_HARDWARE_NOT_RESPONDING
Tue Dec 13 17:07:34.993 - [03308] RP1210_ClientConnect(0,1,'CAN:Baud=Auto',0,0,0): ERR_HARDWARE_NOT_RESPONDING
Tue Dec 13 17:07:34.998 - [03308] RP1210_ClientConnect(0,1,'CAN:Baud=Auto',0,0,0): ERR_HARDWARE_NOT_RESPONDING
Tue Dec 13 17:07:35.004 - [03308] RP1210_ClientConnect(0,1,'CAN:Baud=Auto',0,0,0): ERR_HARDWARE_NOT_RESPONDING
Tue Dec 13 17:07:35.011 - [03308] RP1210_ClientConnect(0,1,'CAN:Baud=Auto',0,0,0): ERR_HARDWARE_NOT_RESPONDING
Tue Dec 13 17:07:35.016 - [03308] RP1210_ClientConnect(0,1,'CAN:Baud=Auto',0,0,0): ERR_HARDWARE_NOT_RESPONDING
Tue Dec 13 17:07:35.021 - [03308] RP1210_ClientConnect(0,1,'CAN:Baud=Auto',0,0,0): ERR_HARDWARE_NOT_RESPONDING
Tue Dec 13 17:07:35.028 - [03308] RP1210_ClientConnect(0,1,'CAN:Baud=Auto',0,0,0): ERR_HARDWARE_NOT_RESPONDING
Tue Dec 13 17:07:35.034 - [03308] RP1210_ClientConnect(0,1,'CAN:Baud=Auto',0,0,0): ERR_HARDWARE_NOT_RESPONDING
Tue Dec 13 17:07:35.040 - [03308] RP1210_ClientConnect(0,1,'CAN:Baud=Auto',0,0,0): ERR_HARDWARE_NOT_RESPONDING
Tue Dec 13 17:07:35.045 - [03308] RP1210_ClientConnect(0,1,'CAN:Baud=Auto',0,0,0): ERR_HARDWARE_NOT_RESPONDING
Tue Dec 13 17:07:35.051 - [03308] RP1210_ClientConnect(0,1,'CAN:Baud=Auto',0,0,0): ERR_HARDWARE_NOT_RESPONDING
Tue Dec 13 17:07:35.058 - [03308] RP1210_ClientConnect(0,1,'CAN:Baud=Auto',0,0,0): ERR_HARDWARE_NOT_RESPONDING
Tue Dec 13 17:07:35.063 - [03308] RP1210_ClientConnect(0,1,'CAN:Baud=Auto',0,0,0): ERR_HARDWARE_NOT_RESPONDING
Tue Dec 13 17:07:35.068 - [03308] RP1210_ClientConnect(0,1,'CAN:Baud=Auto',0,0,0): ERR_HARDWARE_NOT_RESPONDING
Tue Dec 13 17:07:35.075 - [03308] RP1210_ClientConnect(0,1,'CAN:Baud=Auto',0,0,0): ERR_HARDWARE_NOT_RESPONDING
Tue Dec 13 17:07:35.081 - [03308] RP1210_ClientConnect(0,1,'CAN:Baud=Auto',0,0,0): ERR_HARDWARE_NOT_RESPONDING
Tue Dec 13 17:07:35.087 - [03308] RP1210_ClientConnect(0,1,'CAN:Baud=Auto',0,0,0): ERR_HARDWARE_NOT_RESPONDING
Tue Dec 13 17:07:35.094 - [03308] RP1210_ClientConnect(0,1,'CAN:Baud=Auto',0,0,0): ERR_HARDWARE_NOT_RESPONDING
Tue Dec 13 17:07:35.099 - [03308] RP1210_ClientConnect(0,1,'CAN:Baud=Auto',0,0,0): ERR_HARDWARE_NOT_RESPONDING
Tue Dec 13 17:07:35.104 - [03308] RP1210_ClientConnect(0,1,'CAN:Baud=Auto',0,0,0): ERR_HARDWARE_NOT_RESPONDING
Tue Dec 13 17:07:35.111 - [03308] RP1210_ClientConnect(0,1,'CAN:Baud=Auto',0,0,0): ERR_HARDWARE_NOT_RESPONDING
Tue Dec 13 17:07:35.116 - [03308] RP1210_ClientConnect(0,1,'CAN:Baud=Auto',0,0,0): ERR_HARDWARE_NOT_RESPONDING
Tue Dec 13 17:07:35.122 - [03308] RP1210_ClientConnect(0,1,'CAN:Baud=Auto',0,0,0): ERR_HARDWARE_NOT_RESPONDING
Tue Dec 13 17:07:35.128 - [03308] RP1210_ClientConnect(0,1,'CAN:Baud=Auto',0,0,0): ERR_HARDWARE_NOT_RESPONDING
Tue Dec 13 17:07:35.134 - [03308] RP1210_ClientConnect(0,1,'CAN:Baud=Auto',0,0,0): ERR_HARDWARE_NOT_RESPONDING
Tue Dec 13 17:07:35.141 - [03308] RP1210_ClientConnect(0,1,'CAN:Baud=Auto',0,0,0): ERR_HARDWARE_NOT_RESPONDING
Tue Dec 13 17:07:35.146 - [03308] RP1210_ClientConnect(0,1,'CAN:Baud=Auto',0,0,0): ERR_HARDWARE_NOT_RESPONDING
Tue Dec 13 17:07:35.151 - [03308] RP1210_ClientConnect(0,1,'CAN:Baud=Auto',0,0,0): ERR_HARDWARE_NOT_RESPONDING
Tue Dec 13 17:07:35.157 - [03308] RP1210_ClientConnect(0,1,'CAN:Baud=Auto',0,0,0): ERR_HARDWARE_NOT_RESPONDING
Tue Dec 13 17:07:35.162 - [03308] RP1210_ClientConnect(0,1,'CAN:Baud=Auto',0,0,0): ERR_HARDWARE_NOT_RESPONDING
Tue Dec 13 17:07:35.168 - [03308] RP1210_ClientConnect(0,1,'CAN:Baud=Auto',0,0,0): ERR_HARDWARE_NOT_RESPONDING
Tue Dec 13 17:07:35.174 - [03308] RP1210_ClientConnect(0,1,'CAN:Baud=Auto',0,0,0): ERR_HARDWARE_NOT_RESPONDING
Tue Dec 13 17:07:35.180 - [03308] RP1210_ClientConnect(0,1,'CAN:Baud=Auto',0,0,0): ERR_HARDWARE_NOT_RESPONDING
Tue Dec 13 17:07:35.185 - [03308] RP1210_ClientConnect(0,1,'CAN:Baud=Auto',0,0,0): ERR_HARDWARE_NOT_RESPONDING
Tue Dec 13 17:07:35.191 - [03308] RP1210_ClientConnect(0,1,'CAN:Baud=Auto',0,0,0): ERR_HARDWARE_NOT_RESPONDING
Tue Dec 13 17:07:35.196 - [03308] RP1210_ClientConnect(0,1,'CAN:Baud=Auto',0,0,0): ERR_HARDWARE_NOT_RESPONDING
Tue Dec 13 17:07:35.202 - [03308] RP1210_ClientConnect(0,1,'CAN:Baud=Auto',0,0,0): ERR_HARDWARE_NOT_RESPONDING
Tue Dec 13 17:07:35.208 - [03308] RP1210_ClientConnect(0,1,'CAN:Baud=Auto',0,0,0): ERR_HARDWARE_NOT_RESPONDING
Tue Dec 13 17:07:35.213 - [03308] RP1210_ClientConnect(0,1,'CAN:Baud=Auto',0,0,0): ERR_HARDWARE_NOT_RESPONDING
Tue Dec 13 17:07:35.219 - [03308] RP1210_ClientConnect(0,1,'CAN:Baud=Auto',0,0,0): ERR_HARDWARE_NOT_RESPONDING
Tue Dec 13 17:07:35.225 - [03308] RP1210_ClientConnect(0,1,'CAN:Baud=Auto',0,0,0): ERR_HARDWARE_NOT_RESPONDING
Tue Dec 13 17:07:35.231 - [03308] RP1210_ClientConnect(0,1,'CAN:Baud=Auto',0,0,0): ERR_HARDWARE_NOT_RESPONDING
Tue Dec 13 17:07:35.237 - [03308] RP1210_ClientConnect(0,1,'CAN:Baud=Auto',0,0,0): ERR_HARDWARE_NOT_RESPONDING
Tue Dec 13 17:07:35.244 - [03308] RP1210_ClientConnect(0,1,'CAN:Baud=Auto',0,0,0): ERR_HARDWARE_NOT_RESPONDING
Tue Dec 13 17:07:35.249 - [03308] RP1210_ClientConnect(0,1,'CAN:Baud=Auto',0,0,0): ERR_HARDWARE_NOT_RESPONDING
Tue Dec 13 17:07:35.254 - [03308] RP1210_ClientConnect(0,1,'CAN:Baud=Auto',0,0,0): ERR_HARDWARE_NOT_RESPONDING
Tue Dec 13 17:07:35.261 - [03308] RP1210_ClientConnect(0,1,'CAN:Baud=Auto',0,0,0): ERR_HARDWARE_NOT_RESPONDING
Tue Dec 13 17:07:35.266 - [03308] RP1210_ClientConnect(0,1,'CAN:Baud=Auto',0,0,0): ERR_HARDWARE_NOT_RESPONDING
Tue Dec 13 17:07:35.272 - [03308] RP1210_ClientConnect(0,1,'CAN:Baud=Auto',0,0,0): ERR_HARDWARE_NOT_RESPONDING
Tue Dec 13 17:07:35.279 - [03308] RP1210_ClientConnect(0,1,'CAN:Baud=Auto',0,0,0): ERR_HARDWARE_NOT_RESPONDING
Tue Dec 13 17:07:35.285 - [03308] RP1210_ClientConnect(0,1,'CAN:Baud=Auto',0,0,0): ERR_HARDWARE_NOT_RESPONDING
Tue Dec 13 17:07:35.291 - [03308] RP1210_ClientConnect(0,1,'CAN:Baud=Auto',0,0,0): ERR_HARDWARE_NOT_RESPONDING
Tue Dec 13 17:07:35.297 - [03308] RP1210_ClientConnect(0,1,'CAN:Baud=Auto',0,0,0): ERR_HARDWARE_NOT_RESPONDING
Tue Dec 13 17:07:35.302 - [03308] RP1210_ClientConnect(0,1,'CAN:Baud=Auto',0,0,0): ERR_HARDWARE_NOT_RESPONDING
Tue Dec 13 17:07:35.309 - [03308] RP1210_ClientConnect(0,1,'CAN:Baud=Auto',0,0,0): ERR_HARDWARE_NOT_RESPONDING
Tue Dec 13 17:07:35.314 - [03308] RP1210_ClientConnect(0,1,'CAN:Baud=Auto',0,0,0): ERR_HARDWARE_NOT_RESPONDING
Tue Dec 13 17:07:35.319 - [03308] RP1210_ClientConnect(0,1,'CAN:Baud=Auto',0,0,0): ERR_HARDWARE_NOT_RESPONDING
Tue Dec 13 17:07:35.325 - [03308] RP1210_ClientConnect(0,1,'CAN:Baud=Auto',0,0,0): ERR_HARDWARE_NOT_RESPONDING
Tue Dec 13 17:07:35.331 - [03308] RP1210_ClientConnect(0,1,'CAN:Baud=Auto',0,0,0): ERR_HARDWARE_NOT_RESPONDING
Tue Dec 13 17:07:35.336 - [03308] RP1210_ClientConnect(0,1,'CAN:Baud=Auto',0,0,0): ERR_HARDWARE_NOT_RESPONDING
Tue Dec 13 17:07:35.343 - [03308] RP1210_ClientConnect(0,1,'CAN:Baud=Auto',0,0,0): ERR_HARDWARE_NOT_RESPONDING
Tue Dec 13 17:07:35.349 - [03308] RP1210_ClientConnect(0,1,'CAN:Baud=Auto',0,0,0): ERR_HARDWARE_NOT_RESPONDING
Tue Dec 13 17:07:35.354 - [03308] RP1210_ClientConnect(0,1,'CAN:Baud=Auto',0,0,0): ERR_HARDWARE_NOT_RESPONDING
Tue Dec 13 17:07:35.361 - [03308] RP1210_ClientConnect(0,1,'CAN:Baud=Auto',0,0,0): ERR_HARDWARE_NOT_RESPONDING
Tue Dec 13 17:07:35.366 - [03308] RP1210_ClientConnect(0,1,'CAN:Baud=Auto',0,0,0): ERR_HARDWARE_NOT_RESPONDING
Tue Dec 13 17:07:35.371 - [03308] RP1210_ClientConnect(0,1,'CAN:Baud=Auto',0,0,0): ERR_HARDWARE_NOT_RESPONDING
Tue Dec 13 17:07:35.380 - [03308] RP1210_ClientConnect(0,1,'CAN:Baud=Auto',0,0,0): ERR_HARDWARE_NOT_RESPONDING
Tue Dec 13 17:07:35.386 - [03308] RP1210_ClientConnect(0,1,'CAN:Baud=Auto',0,0,0): ERR_HARDWARE_NOT_RESPONDING
Tue Dec 13 17:07:35.392 - [03308] RP1210_ClientConnect(0,1,'CAN:Baud=Auto',0,0,0): ERR_HARDWARE_NOT_RESPONDING
Tue Dec 13 17:07:35.397 - [03308] RP1210_ClientConnect(0,1,'CAN:Baud=Auto',0,0,0): ERR_HARDWARE_NOT_RESPONDING
Tue Dec 13 17:07:35.403 - [03308] RP1210_ClientConnect(0,1,'CAN:Baud=Auto',0,0,0): ERR_HARDWARE_NOT_RESPONDING
Tue Dec 13 17:07:35.409 - [03308] RP1210_ClientConnect(0,1,'CAN:Baud=Auto',0,0,0): ERR_HARDWARE_NOT_RESPONDING
Tue Dec 13 17:07:35.414 - [03308] RP1210_ClientConnect(0,1,'CAN:Baud=Auto',0,0,0): ERR_HARDWARE_NOT_RESPONDING
Tue Dec 13 17:07:35.420 - [03308] RP1210_ClientConnect(0,1,'CAN:Baud=Auto',0,0,0): ERR_HARDWARE_NOT_RESPONDING
Tue Dec 13 17:07:35.426 - [03308] RP1210_ClientConnect(0,1,'CAN:Baud=Auto',0,0,0): ERR_HARDWARE_NOT_RESPONDING
Tue Dec 13 17:07:35.432 - [03308] RP1210_ClientConnect(0,1,'CAN:Baud=Auto',0,0,0): ERR_HARDWARE_NOT_RESPONDING
Tue Dec 13 17:07:35.437 - [03308] RP1210_ClientConnect(0,1,'CAN:Baud=Auto',0,0,0): ERR_HARDWARE_NOT_RESPONDING
Tue Dec 13 17:07:35.445 - [03308] RP1210_ClientConnect(0,1,'CAN:Baud=Auto',0,0,0): ERR_HARDWARE_NOT_RESPONDING
Tue Dec 13 17:07:35.450 - [03308] RP1210_ClientConnect(0,1,'CAN:Baud=Auto',0,0,0): ERR_HARDWARE_NOT_RESPONDING
Tue Dec 13 17:07:35.456 - [03308] RP1210_ClientConnect(0,1,'CAN:Baud=Auto',0,0,0): ERR_HARDWARE_NOT_RESPONDING
Tue Dec 13 17:07:35.462 - [03308] RP1210_ClientConnect(0,1,'CAN:Baud=Auto',0,0,0): ERR_HARDWARE_NOT_RESPONDING
Tue Dec 13 17:07:35.467 - [03308] RP1210_ClientConnect(0,1,'CAN:Baud=Auto',0,0,0): ERR_HARDWARE_NOT_RESPONDING
Tue Dec 13 17:07:35.473 - [03308] RP1210_ClientConnect(0,1,'CAN:Baud=Auto',0,0,0): ERR_HARDWARE_NOT_RESPONDING
Tue Dec 13 17:07:35.479 - [03308] RP1210_ClientConnect(0,1,'CAN:Baud=Auto',0,0,0): ERR_HARDWARE_NOT_RESPONDING
Tue Dec 13 17:07:35.484 - [03308] RP1210_ClientConnect(0,1,'CAN:Baud=Auto',0,0,0): ERR_HARDWARE_NOT_RESPONDING
Tue Dec 13 17:07:35.491 - [03308] RP1210_ClientConnect(0,1,'CAN:Baud=Auto',0,0,0): ERR_HARDWARE_NOT_RESPONDING
Tue Dec 13 17:07:35.497 - [03308] RP1210_ClientConnect(0,1,'CAN:Baud=Auto',0,0,0): ERR_HARDWARE_NOT_RESPONDING
Tue Dec 13 17:07:35.515 - [03308] RP1210_ClientConnect(0,1,'CAN:Baud=Auto',0,0,0): ERR_HARDWARE_NOT_RESPONDING
Tue Dec 13 17:07:35.521 - [03308] RP1210_ClientConnect(0,1,'CAN:Baud=Auto',0,0,0): ERR_HARDWARE_NOT_RESPONDING
Tue Dec 13 17:07:35.528 - [03308] RP1210_ClientConnect(0,1,'CAN:Baud=Auto',0,0,0): ERR_HARDWARE_NOT_RESPONDING
Tue Dec 13 17:07:35.532 - [03308] RP1210_ClientConnect(0,1,'CAN:Baud=Auto',0,0,0): ERR_HARDWARE_NOT_RESPONDING
Tue Dec 13 17:07:35.538 - [03308] RP1210_ClientConnect(0,1,'CAN:Baud=Auto',0,0,0): ERR_HARDWARE_NOT_RESPONDING
Tue Dec 13 17:07:35.545 - [03308] RP1210_ClientConnect(0,1,'CAN:Baud=Auto',0,0,0): ERR_HARDWARE_NOT_RESPONDING
Tue Dec 13 17:07:35.551 - [03308] RP1210_ClientConnect(0,1,'CAN:Baud=Auto',0,0,0): ERR_HARDWARE_NOT_RESPONDING
Tue Dec 13 17:07:35.556 - [03308] RP1210_ClientConnect(0,1,'CAN:Baud=Auto',0,0,0): ERR_HARDWARE_NOT_RESPONDING
Tue Dec 13 17:07:35.562 - [03308] RP1210_ClientConnect(0,1,'CAN:Baud=Auto',0,0,0): ERR_HARDWARE_NOT_RESPONDING
Tue Dec 13 17:07:35.567 - [03308] RP1210_ClientConnect(0,1,'CAN:Baud=Auto',0,0,0): ERR_HARDWARE_NOT_RESPONDING
Tue Dec 13 17:07:35.573 - [03308] RP1210_ClientConnect(0,1,'CAN:Baud=Auto',0,0,0): ERR_HARDWARE_NOT_RESPONDING
Tue Dec 13 17:07:35.579 - [03308] RP1210_ClientConnect(0,1,'CAN:Baud=Auto',0,0,0): ERR_HARDWARE_NOT_RESPONDING
Tue Dec 13 17:07:35.584 - [03308] RP1210_ClientConnect(0,1,'CAN:Baud=Auto',0,0,0): ERR_HARDWARE_NOT_RESPONDING
Tue Dec 13 17:07:35.591 - [03308] RP1210_ClientConnect(0,1,'CAN:Baud=Auto',0,0,0): ERR_HARDWARE_NOT_RESPONDING
Tue Dec 13 17:07:35.596 - [03308] RP1210_ClientConnect(0,1,'CAN:Baud=Auto',0,0,0): ERR_HARDWARE_NOT_RESPONDING
Tue Dec 13 17:07:35.603 - [03308] RP1210_ClientConnect(0,1,'CAN:Baud=Auto',0,0,0): ERR_HARDWARE_NOT_RESPONDING
Tue Dec 13 17:07:35.609 - [03308] RP1210_ClientConnect(0,1,'CAN:Baud=Auto',0,0,0): ERR_HARDWARE_NOT_RESPONDING
Tue Dec 13 17:07:35.614 - [03308] RP1210_ClientConnect(0,1,'CAN:Baud=Auto',0,0,0): ERR_HARDWARE_NOT_RESPONDING
Tue Dec 13 17:07:35.620 - [03308] RP1210_ClientConnect(0,1,'CAN:Baud=Auto',0,0,0): ERR_HARDWARE_NOT_RESPONDING
Tue Dec 13 17:07:35.626 - [03308] RP1210_ClientConnect(0,1,'CAN:Baud=Auto',0,0,0): ERR_HARDWARE_NOT_RESPONDING
Tue Dec 13 17:07:35.631 - [03308] RP1210_ClientConnect(0,1,'CAN:Baud=Auto',0,0,0): ERR_HARDWARE_NOT_RESPONDING
Tue Dec 13 17:07:35.637 - [03308] RP1210_ClientConnect(0,1,'CAN:Baud=Auto',0,0,0): ERR_HARDWARE_NOT_RESPONDING
Tue Dec 13 17:07:35.651 - [03308] RP1210_ClientConnect(0,1,'CAN:Baud=Auto',0,0,0): ERR_HARDWARE_NOT_RESPONDING
Tue Dec 13 17:07:35.658 - [03308] RP1210_ClientConnect(0,1,'CAN:Baud=Auto',0,0,0): ERR_HARDWARE_NOT_RESPONDING
Tue Dec 13 17:07:35.664 - [03308] RP1210_ClientConnect(0,1,'CAN:Baud=Auto',0,0,0): ERR_HARDWARE_NOT_RESPONDING
Tue Dec 13 17:07:35.669 - [03308] RP1210_ClientConnect(0,1,'CAN:Baud=Auto',0,0,0): ERR_HARDWARE_NOT_RESPONDING
Tue Dec 13 17:07:35.676 - [03308] RP1210_ClientConnect(0,1,'CAN:Baud=Auto',0,0,0): ERR_HARDWARE_NOT_RESPONDING
Tue Dec 13 17:07:35.681 - [03308] RP1210_ClientConnect(0,1,'CAN:Baud=Auto',0,0,0): ERR_HARDWARE_NOT_RESPONDING
Tue Dec 13 17:07:35.687 - [03308] RP1210_ClientConnect(0,1,'CAN:Baud=Auto',0,0,0): ERR_HARDWARE_NOT_RESPONDING
Tue Dec 13 17:07:35.694 - [03308] RP1210_ClientConnect(0,1,'CAN:Baud=Auto',0,0,0): ERR_HARDWARE_NOT_RESPONDING
Tue Dec 13 17:07:35.700 - [03308] RP1210_ClientConnect(0,1,'CAN:Baud=Auto',0,0,0): ERR_HARDWARE_NOT_RESPONDING
Tue Dec 13 17:07:35.705 - [03308] RP1210_ClientConnect(0,1,'CAN:Baud=Auto',0,0,0): ERR_HARDWARE_NOT_RESPONDING
Tue Dec 13 17:07:35.713 - [03308] RP1210_ClientConnect(0,1,'CAN:Baud=Auto',0,0,0): ERR_HARDWARE_NOT_RESPONDING
Tue Dec 13 17:07:35.718 - [03308] RP1210_ClientConnect(0,1,'CAN:Baud=Auto',0,0,0): ERR_HARDWARE_NOT_RESPONDING
Tue Dec 13 17:07:35.725 - [03308] RP1210_ClientConnect(0,1,'CAN:Baud=Auto',0,0,0): ERR_HARDWARE_NOT_RESPONDING
Tue Dec 13 17:07:35.730 - [03308] RP1210_ClientConnect(0,1,'CAN:Baud=Auto',0,0,0): ERR_HARDWARE_NOT_RESPONDING
Tue Dec 13 17:07:35.736 - [03308] RP1210_ClientConnect(0,1,'CAN:Baud=Auto',0,0,0): ERR_HARDWARE_NOT_RESPONDING
Tue Dec 13 17:07:35.742 - [03308] RP1210_ClientConnect(0,1,'CAN:Baud=Auto',0,0,0): ERR_HARDWARE_NOT_RESPONDING
Tue Dec 13 17:07:35.748 - [03308] RP1210_ClientConnect(0,1,'CAN:Baud=Auto',0,0,0): ERR_HARDWARE_NOT_RESPONDING
Tue Dec 13 17:07:35.753 - [03308] RP1210_ClientConnect(0,1,'CAN:Baud=Auto',0,0,0): ERR_HARDWARE_NOT_RESPONDING
Tue Dec 13 17:07:35.759 - [03308] RP1210_ClientConnect(0,1,'CAN:Baud=Auto',0,0,0): ERR_HARDWARE_NOT_RESPONDING
Tue Dec 13 17:07:35.764 - [03308] RP1210_ClientConnect(0,1,'CAN:Baud=Auto',0,0,0): ERR_HARDWARE_NOT_RESPONDING
Tue Dec 13 17:07:35.769 - [03308] RP1210_ClientConnect(0,1,'CAN:Baud=Auto',0,0,0): ERR_HARDWARE_NOT_RESPONDING
Tue Dec 13 17:07:35.776 - [03308] RP1210_ClientConnect(0,1,'CAN:Baud=Auto',0,0,0): ERR_HARDWARE_NOT_RESPONDING
Tue Dec 13 17:07:35.781 - [03308] RP1210_ClientConnect(0,1,'CAN:Baud=Auto',0,0,0): ERR_HARDWARE_NOT_RESPONDING
Tue Dec 13 17:07:35.786 - [03308] RP1210_ClientConnect(0,1,'CAN:Baud=Auto',0,0,0): ERR_HARDWARE_NOT_RESPONDING
Tue Dec 13 17:07:35.792 - [03308] RP1210_ClientConnect(0,1,'CAN:Baud=Auto',0,0,0): ERR_HARDWARE_NOT_RESPONDING
Tue Dec 13 17:07:35.798 - [03308] RP1210_ClientConnect(0,1,'CAN:Baud=Auto',0,0,0): ERR_HARDWARE_NOT_RESPONDING
Tue Dec 13 17:07:35.803 - [03308] RP1210_ClientConnect(0,1,'CAN:Baud=Auto',0,0,0): ERR_HARDWARE_NOT_RESPONDING
Tue Dec 13 17:07:35.809 - [03308] RP1210_ClientConnect(0,1,'CAN:Baud=Auto',0,0,0): ERR_HARDWARE_NOT_RESPONDING
Tue Dec 13 17:07:35.814 - [03308] RP1210_ClientConnect(0,1,'CAN:Baud=Auto',0,0,0): ERR_HARDWARE_NOT_RESPONDING
Tue Dec 13 17:07:35.819 - [03308] RP1210_ClientConnect(0,1,'CAN:Baud=Auto',0,0,0): ERR_HARDWARE_NOT_RESPONDING
Tue Dec 13 17:07:35.826 - [03308] RP1210_ClientConnect(0,1,'CAN:Baud=Auto',0,0,0): ERR_HARDWARE_NOT_RESPONDING
Tue Dec 13 17:07:35.831 - [03308] RP1210_ClientConnect(0,1,'CAN:Baud=Auto',0,0,0): ERR_HARDWARE_NOT_RESPONDING
Tue Dec 13 17:07:35.836 - [03308] RP1210_ClientConnect(0,1,'CAN:Baud=Auto',0,0,0): ERR_HARDWARE_NOT_RESPONDING
Tue Dec 13 17:07:35.843 - [03308] RP1210_ClientConnect(0,1,'CAN:Baud=Auto',0,0,0): ERR_HARDWARE_NOT_RESPONDING
Tue Dec 13 17:07:35.848 - [03308] RP1210_ClientConnect(0,1,'CAN:Baud=Auto',0,0,0): ERR_HARDWARE_NOT_RESPONDING
Tue Dec 13 17:07:35.853 - [03308] RP1210_ClientConnect(0,1,'CAN:Baud=Auto',0,0,0): ERR_HARDWARE_NOT_RESPONDING
Tue Dec 13 17:07:35.859 - [03308] RP1210_ClientConnect(0,1,'CAN:Baud=Auto',0,0,0): ERR_HARDWARE_NOT_RESPONDING
Tue Dec 13 17:07:35.864 - [03308] RP1210_ClientConnect(0,1,'CAN:Baud=Auto',0,0,0): ERR_HARDWARE_NOT_RESPONDING
Tue Dec 13 17:07:35.869 - [03308] RP1210_ClientConnect(0,1,'CAN:Baud=Auto',0,0,0): ERR_HARDWARE_NOT_RESPONDING
Tue Dec 13 17:07:35.877 - [03308] RP1210_ClientConnect(0,1,'CAN:Baud=Auto',0,0,0): ERR_HARDWARE_NOT_RESPONDING
Tue Dec 13 17:07:35.884 - [03308] RP1210_ClientConnect(0,1,'CAN:Baud=Auto',0,0,0): ERR_HARDWARE_NOT_RESPONDING
Tue Dec 13 17:07:35.889 - [03308] RP1210_ClientConnect(0,1,'CAN:Baud=Auto',0,0,0): ERR_HARDWARE_NOT_RESPONDING
Tue Dec 13 17:07:35.896 - [03308] RP1210_ClientConnect(0,1,'CAN:Baud=Auto',0,0,0): ERR_HARDWARE_NOT_RESPONDING
Tue Dec 13 17:07:35.901 - [03308] RP1210_ClientConnect(0,1,'CAN:Baud=Auto',0,0,0): ERR_HARDWARE_NOT_RESPONDING
Tue Dec 13 17:07:35.907 - [03308] RP1210_ClientConnect(0,1,'CAN:Baud=Auto',0,0,0): ERR_HARDWARE_NOT_RESPONDING
Tue Dec 13 17:07:35.913 - [03308] RP1210_ClientConnect(0,1,'CAN:Baud=Auto',0,0,0): ERR_HARDWARE_NOT_RESPONDING
Tue Dec 13 17:07:35.918 - [03308] RP1210_ClientConnect(0,1,'CAN:Baud=Auto',0,0,0): ERR_HARDWARE_NOT_RESPONDING
Tue Dec 13 17:07:35.924 - [03308] RP1210_ClientConnect(0,1,'CAN:Baud=Auto',0,0,0): ERR_HARDWARE_NOT_RESPONDING
Tue Dec 13 17:07:35.930 - [03308] RP1210_ClientConnect(0,1,'CAN:Baud=Auto',0,0,0): ERR_HARDWARE_NOT_RESPONDING
Tue Dec 13 17:07:35.935 - [03308] RP1210_ClientConnect(0,1,'CAN:Baud=Auto',0,0,0): ERR_HARDWARE_NOT_RESPONDING
Tue Dec 13 17:07:35.959 - [03308] RP1210_ClientConnect(0,1,'CAN:Baud=Auto',0,0,0): ERR_HARDWARE_NOT_RESPONDING
Tue Dec 13 17:07:35.964 - [03308] RP1210_ClientConnect(0,1,'CAN:Baud=Auto',0,0,0): ERR_HARDWARE_NOT_RESPONDING
Tue Dec 13 17:07:35.969 - [03308] RP1210_ClientConnect(0,1,'CAN:Baud=Auto',0,0,0): ERR_HARDWARE_NOT_RESPONDING
Tue Dec 13 17:07:35.976 - [03308] RP1210_ClientConnect(0,1,'CAN:Baud=Auto',0,0,0): ERR_HARDWARE_NOT_RESPONDING
Tue Dec 13 17:07:35.981 - [03308] RP1210_ClientConnect(0,1,'CAN:Baud=Auto',0,0,0): ERR_HARDWARE_NOT_RESPONDING
Tue Dec 13 17:07:35.986 - [03308] RP1210_ClientConnect(0,1,'CAN:Baud=Auto',0,0,0): ERR_HARDWARE_NOT_RESPONDING
Tue Dec 13 17:07:35.993 - [03308] RP1210_ClientConnect(0,1,'CAN:Baud=Auto',0,0,0): ERR_HARDWARE_NOT_RESPONDING
Tue Dec 13 17:07:35.998 - [03308] RP1210_ClientConnect(0,1,'CAN:Baud=Auto',0,0,0): ERR_HARDWARE_NOT_RESPONDING
Tue Dec 13 17:07:36.003 - [03308] RP1210_ClientConnect(0,1,'CAN:Baud=Auto',0,0,0): ERR_HARDWARE_NOT_RESPONDING
Tue Dec 13 17:07:36.009 - [03308] RP1210_ClientConnect(0,1,'CAN:Baud=Auto',0,0,0): ERR_HARDWARE_NOT_RESPONDING
Tue Dec 13 17:07:36.015 - [03308] RP1210_ClientConnect(0,1,'CAN:Baud=Auto',0,0,0): ERR_HARDWARE_NOT_RESPONDING
Tue Dec 13 17:07:36.020 - [03308] RP1210_ClientConnect(0,1,'CAN:Baud=Auto',0,0,0): ERR_HARDWARE_NOT_RESPONDING
Tue Dec 13 17:07:36.026 - [03308] RP1210_ClientConnect(0,1,'CAN:Baud=Auto',0,0,0): ERR_HARDWARE_NOT_RESPONDING
Tue Dec 13 17:07:36.031 - [03308] RP1210_ClientConnect(0,1,'CAN:Baud=Auto',0,0,0): ERR_HARDWARE_NOT_RESPONDING
Tue Dec 13 17:07:36.036 - [03308] RP1210_ClientConnect(0,1,'CAN:Baud=Auto',0,0,0): ERR_HARDWARE_NOT_RESPONDING
Tue Dec 13 17:07:36.043 - [03308] RP1210_ClientConnect(0,1,'CAN:Baud=Auto',0,0,0): ERR_HARDWARE_NOT_RESPONDING
Tue Dec 13 17:07:36.048 - [03308] RP1210_ClientConnect(0,1,'CAN:Baud=Auto',0,0,0): ERR_HARDWARE_NOT_RESPONDING
Tue Dec 13 17:07:36.053 - [03308] RP1210_ClientConnect(0,1,'CAN:Baud=Auto',0,0,0): ERR_HARDWARE_NOT_RESPONDING
Tue Dec 13 17:07:36.059 - [03308] RP1210_ClientConnect(0,1,'CAN:Baud=Auto',0,0,0): ERR_HARDWARE_NOT_RESPONDING
Tue Dec 13 17:07:36.065 - [03308] RP1210_ClientConnect(0,1,'CAN:Baud=Auto',0,0,0): ERR_HARDWARE_NOT_RESPONDING
Tue Dec 13 17:07:36.071 - [03308] RP1210_ClientConnect(0,1,'CAN:Baud=Auto',0,0,0): ERR_HARDWARE_NOT_RESPONDING
Tue Dec 13 17:07:36.079 - [03308] RP1210_ClientConnect(0,1,'CAN:Baud=Auto',0,0,0): ERR_HARDWARE_NOT_RESPONDING
Tue Dec 13 17:07:36.085 - [03308] RP1210_ClientConnect(0,1,'CAN:Baud=Auto',0,0,0): ERR_HARDWARE_NOT_RESPONDING
Tue Dec 13 17:07:36.092 - [03308] RP1210_ClientConnect(0,1,'CAN:Baud=Auto',0,0,0): ERR_HARDWARE_NOT_RESPONDING
Tue Dec 13 17:07:36.098 - [03308] RP1210_ClientConnect(0,1,'CAN:Baud=Auto',0,0,0): ERR_HARDWARE_NOT_RESPONDING
Tue Dec 13 17:07:36.104 - [03308] RP1210_ClientConnect(0,1,'CAN:Baud=Auto',0,0,0): ERR_HARDWARE_NOT_RESPONDING
Tue Dec 13 17:07:36.111 - [03308] RP1210_ClientConnect(0,1,'CAN:Baud=Auto',0,0,0): ERR_HARDWARE_NOT_RESPONDING
Tue Dec 13 17:07:36.117 - [03308] RP1210_ClientConnect(0,1,'CAN:Baud=Auto',0,0,0): ERR_HARDWARE_NOT_RESPONDING
Tue Dec 13 17:07:36.124 - [03308] RP1210_ClientConnect(0,1,'CAN:Baud=Auto',0,0,0): ERR_HARDWARE_NOT_RESPONDING
Tue Dec 13 17:07:36.130 - [03308] RP1210_ClientConnect(0,1,'CAN:Baud=Auto',0,0,0): ERR_HARDWARE_NOT_RESPONDING
Tue Dec 13 17:07:36.136 - [03308] RP1210_ClientConnect(0,1,'CAN:Baud=Auto',0,0,0): ERR_HARDWARE_NOT_RESPONDING
Tue Dec 13 17:07:36.141 - [03308] RP1210_ClientConnect(0,1,'CAN:Baud=Auto',0,0,0): ERR_HARDWARE_NOT_RESPONDING
Tue Dec 13 17:07:36.146 - [03308] RP1210_ClientConnect(0,1,'CAN:Baud=Auto',0,0,0): ERR_HARDWARE_NOT_RESPONDING
Tue Dec 13 17:07:36.151 - [03308] RP1210_ClientConnect(0,1,'CAN:Baud=Auto',0,0,0): ERR_HARDWARE_NOT_RESPONDING
Tue Dec 13 17:07:36.157 - [03308] RP1210_ClientConnect(0,1,'CAN:Baud=Auto',0,0,0): ERR_HARDWARE_NOT_RESPONDING
Tue Dec 13 17:07:36.162 - [03308] RP1210_ClientConnect(0,1,'CAN:Baud=Auto',0,0,0): ERR_HARDWARE_NOT_RESPONDING
Tue Dec 13 17:07:36.167 - [03308] RP1210_ClientConnect(0,1,'CAN:Baud=Auto',0,0,0): ERR_HARDWARE_NOT_RESPONDING
Tue Dec 13 17:07:36.172 - [03308] RP1210_ClientConnect(0,1,'CAN:Baud=Auto',0,0,0): ERR_HARDWARE_NOT_RESPONDING
Tue Dec 13 17:07:36.178 - [03308] RP1210_ClientConnect(0,1,'CAN:Baud=Auto',0,0,0): ERR_HARDWARE_NOT_RESPONDING
Tue Dec 13 17:07:36.183 - [03308] RP1210_ClientConnect(0,1,'CAN:Baud=Auto',0,0,0): ERR_HARDWARE_NOT_RESPONDING
Tue Dec 13 17:07:36.188 - [03308] RP1210_ClientConnect(0,1,'CAN:Baud=Auto',0,0,0): ERR_HARDWARE_NOT_RESPONDING
Tue Dec 13 17:07:36.194 - [03308] RP1210_ClientConnect(0,1,'CAN:Baud=Auto',0,0,0): ERR_HARDWARE_NOT_RESPONDING
Tue Dec 13 17:07:36.199 - [03308] RP1210_ClientConnect(0,1,'CAN:Baud=Auto',0,0,0): ERR_HARDWARE_NOT_RESPONDING
Tue Dec 13 17:07:36.204 - [03308] RP1210_ClientConnect(0,1,'CAN:Baud=Auto',0,0,0): ERR_HARDWARE_NOT_RESPONDING
Tue Dec 13 17:07:36.209 - [03308] RP1210_ClientConnect(0,1,'CAN:Baud=Auto',0,0,0): ERR_HARDWARE_NOT_RESPONDING
Tue Dec 13 17:07:36.214 - [03308] RP1210_ClientConnect(0,1,'CAN:Baud=Auto',0,0,0): ERR_HARDWARE_NOT_RESPONDING
Tue Dec 13 17:07:36.219 - [03308] RP1210_ClientConnect(0,1,'CAN:Baud=Auto',0,0,0): ERR_HARDWARE_NOT_RESPONDING
Tue Dec 13 17:07:36.227 - [03308] RP1210_ClientConnect(0,1,'CAN:Baud=Auto',0,0,0): ERR_HARDWARE_NOT_RESPONDING
Tue Dec 13 17:07:36.232 - [03308] RP1210_ClientConnect(0,1,'CAN:Baud=Auto',0,0,0): ERR_HARDWARE_NOT_RESPONDING
Tue Dec 13 17:07:36.238 - [03308] RP1210_ClientConnect(0,1,'CAN:Baud=Auto',0,0,0): ERR_HARDWARE_NOT_RESPONDING
Tue Dec 13 17:07:36.244 - [03308] RP1210_ClientConnect(0,1,'CAN:Baud=Auto',0,0,0): ERR_HARDWARE_NOT_RESPONDING
Tue Dec 13 17:07:36.249 - [03308] RP1210_ClientConnect(0,1,'CAN:Baud=Auto',0,0,0): ERR_HARDWARE_NOT_RESPONDING
Tue Dec 13 17:07:36.255 - [03308] RP1210_ClientConnect(0,1,'CAN:Baud=Auto',0,0,0): ERR_HARDWARE_NOT_RESPONDING
Tue Dec 13 17:07:36.262 - [03308] RP1210_ClientConnect(0,1,'CAN:Baud=Auto',0,0,0): ERR_HARDWARE_NOT_RESPONDING
Tue Dec 13 17:07:36.267 - [03308] RP1210_ClientConnect(0,1,'CAN:Baud=Auto',0,0,0): ERR_HARDWARE_NOT_RESPONDING
Tue Dec 13 17:07:36.275 - [03308] RP1210_ClientConnect(0,1,'CAN:Baud=Auto',0,0,0): ERR_HARDWARE_NOT_RESPONDING
Tue Dec 13 17:07:36.280 - [03308] RP1210_ClientConnect(0,1,'CAN:Baud=Auto',0,0,0): ERR_HARDWARE_NOT_RESPONDING
Tue Dec 13 17:07:36.286 - [03308] RP1210_ClientConnect(0,1,'CAN:Baud=Auto',0,0,0): ERR_HARDWARE_NOT_RESPONDING
Tue Dec 13 17:07:36.292 - [03308] RP1210_ClientConnect(0,1,'CAN:Baud=Auto',0,0,0): ERR_HARDWARE_NOT_RESPONDING
Tue Dec 13 17:07:36.298 - [03308] RP1210_ClientConnect(0,1,'CAN:Baud=Auto',0,0,0): ERR_HARDWARE_NOT_RESPONDING
Tue Dec 13 17:07:36.302 - [03308] RP1210_ClientConnect(0,1,'CAN:Baud=Auto',0,0,0): ERR_HARDWARE_NOT_RESPONDING
Tue Dec 13 17:07:36.309 - [03308] RP1210_ClientConnect(0,1,'CAN:Baud=Auto',0,0,0): ERR_HARDWARE_NOT_RESPONDING
Tue Dec 13 17:07:36.314 - [03308] RP1210_ClientConnect(0,1,'CAN:Baud=Auto',0,0,0): ERR_HARDWARE_NOT_RESPONDING
Tue Dec 13 17:07:36.319 - [03308] RP1210_ClientConnect(0,1,'CAN:Baud=Auto',0,0,0): ERR_HARDWARE_NOT_RESPONDING
Tue Dec 13 17:07:36.326 - [03308] RP1210_ClientConnect(0,1,'CAN:Baud=Auto',0,0,0): ERR_HARDWARE_NOT_RESPONDING
Tue Dec 13 17:07:36.331 - [03308] RP1210_ClientConnect(0,1,'CAN:Baud=Auto',0,0,0): ERR_HARDWARE_NOT_RESPONDING
Tue Dec 13 17:07:36.336 - [03308] RP1210_ClientConnect(0,1,'CAN:Baud=Auto',0,0,0): ERR_HARDWARE_NOT_RESPONDING
[-----------------------------------------]
[ PEAK RP1210(C) LOG
[ Record start: Tue Dec 13 17:08:25 2022
[-----------------------------------------]
Tue Dec 13 17:08:25.374 - [19892] RP1210_ClientConnect(0,1,'CAN:Baud=Auto',0,0,0): 1

[-----------------------------------------]
[ PEAK RP1210(C) LOG
[ Record start: Tue Dec 13 17:08:32 2022
[-----------------------------------------]
Tue Dec 13 17:08:32.240 - [04700] RP1210_ClientConnect(0,1,'CAN:Baud=Auto',0,0,0): 1
Tue Dec 13 17:08:39.610 - [12476] RP1210_ClientConnect(0,1,'CAN:Baud=Auto',0,0,0): 2
Tue Dec 13 17:08:59.702 - [04812] RP1210_ClientConnect(0,1,'CAN:Baud=Auto',0,0,0): 3
[-----------------------------------------]
[ PEAK RP1210(C) LOG
[ Record start: Tue Dec 13 17:10:30 2022
[-----------------------------------------]
Tue Dec 13 17:10:30.173 - [10264] RP1210_ClientConnect(0,1,'CAN:Baud=Auto',0,0,0): 1

[-----------------------------------------]
[ PEAK RP1210(C) LOG
[ Record start: Tue Dec 13 17:10:31 2022
[-----------------------------------------]
Tue Dec 13 17:10:31.260 - [11636] RP1210_ClientConnect(0,1,'CAN:Baud=Auto',0,0,0): 1
Tue Dec 13 17:10:32.345 - [01996] RP1210_ClientConnect(0,1,'CAN:Baud=Auto',0,0,0): 2
Tue Dec 13 17:10:33.537 - [19080] RP1210_ClientConnect(0,1,'CAN:Baud=Auto',0,0,0): 3
[-----------------------------------------]
[ PEAK RP1210(C) LOG
[ Record start: Tue Dec 13 17:12:27 2022
[-----------------------------------------]
Tue Dec 13 17:12:27.509 - [14080] RP1210_ClientConnect(0,1,'CAN:Baud=Auto',0,0,0): 1

[-----------------------------------------]
[ PEAK RP1210(C) LOG
[ Record start: Tue Dec 13 17:12:28 2022
[-----------------------------------------]
Tue Dec 13 17:12:28.611 - [14488] RP1210_ClientConnect(0,1,'CAN:Baud=Auto',0,0,0): 1
Tue Dec 13 17:12:29.664 - [08184] RP1210_ClientConnect(0,1,'CAN:Baud=Auto',0,0,0): 2
[-----------------------------------------]
[ PEAK RP1210(C) LOG
[ Record start: Tue Dec 13 17:12:52 2022
[-----------------------------------------]
Tue Dec 13 17:12:52.948 - [05552] RP1210_ClientConnect(0,1,'CAN:Baud=Auto',0,0,0): 1
Tue Dec 13 17:12:53.936 - [10316] RP1210_ClientConnect(0,1,'CAN:Baud=Auto',0,0,0): 2
Tue Dec 13 17:12:53.942 - [10316] RP1210_ClientConnect(0,1,'CAN:Baud=Auto',0,0,0): 3
Tue Dec 13 17:12:53.955 - [10316] RP1210_ClientConnect(0,1,'CAN:Baud=Auto',0,0,0): 4
Tue Dec 13 17:12:53.964 - [10316] RP1210_ClientConnect(0,1,'CAN:Baud=Auto',0,0,0): 5
Tue Dec 13 17:12:53.970 - [10316] RP1210_ClientConnect(0,1,'CAN:Baud=Auto',0,0,0): 6
Tue Dec 13 17:12:53.977 - [10316] RP1210_ClientConnect(0,1,'CAN:Baud=Auto',0,0,0): 7
Tue Dec 13 17:12:53.990 - [10316] RP1210_ClientConnect(0,1,'CAN:Baud=Auto',0,0,0): 8
Tue Dec 13 17:12:54.003 - [10316] RP1210_ClientConnect(0,1,'CAN:Baud=Auto',0,0,0): 9
Tue Dec 13 17:12:54.009 - [10316] RP1210_ClientConnect(0,1,'CAN:Baud=Auto',0,0,0): 10
Tue Dec 13 17:12:54.019 - [10316] RP1210_ClientConnect(0,1,'CAN:Baud=Auto',0,0,0): 11
Tue Dec 13 17:12:54.026 - [10316] RP1210_ClientConnect(0,1,'CAN:Baud=Auto',0,0,0): 12
Tue Dec 13 17:12:54.036 - [10316] RP1210_ClientConnect(0,1,'CAN:Baud=Auto',0,0,0): 13
Tue Dec 13 17:12:54.043 - [10316] RP1210_ClientConnect(0,1,'CAN:Baud=Auto',0,0,0): 14
Tue Dec 13 17:12:54.057 - [10316] RP1210_ClientConnect(0,1,'CAN:Baud=Auto',0,0,0): 15
Tue Dec 13 17:12:54.069 - [10316] RP1210_ClientConnect(0,1,'CAN:Baud=Auto',0,0,0): 16
Tue Dec 13 17:12:54.076 - [10316] RP1210_ClientConnect(0,1,'CAN:Baud=Auto',0,0,0): 17
Tue Dec 13 17:12:54.086 - [10316] RP1210_ClientConnect(0,1,'CAN:Baud=Auto',0,0,0): 18
Tue Dec 13 17:12:54.093 - [10316] RP1210_ClientConnect(0,1,'CAN:Baud=Auto',0,0,0): 19
Tue Dec 13 17:12:54.103 - [10316] RP1210_ClientConnect(0,1,'CAN:Baud=Auto',0,0,0): 20
Tue Dec 13 17:12:54.109 - [10316] RP1210_ClientConnect(0,1,'CAN:Baud=Auto',0,0,0): 21
Tue Dec 13 17:12:54.123 - [10316] RP1210_ClientConnect(0,1,'CAN:Baud=Auto',0,0,0): 22
Tue Dec 13 17:12:54.133 - [10316] RP1210_ClientConnect(0,1,'CAN:Baud=Auto',0,0,0): 23
Tue Dec 13 17:12:54.139 - [10316] RP1210_ClientConnect(0,1,'CAN:Baud=Auto',0,0,0): 24
Tue Dec 13 17:12:54.150 - [10316] RP1210_ClientConnect(0,1,'CAN:Baud=Auto',0,0,0): 25
Tue Dec 13 17:12:54.156 - [10316] RP1210_ClientConnect(0,1,'CAN:Baud=Auto',0,0,0): 26
Tue Dec 13 17:12:54.168 - [10316] RP1210_ClientConnect(0,1,'CAN:Baud=Auto',0,0,0): 27
Tue Dec 13 17:12:54.176 - [10316] RP1210_ClientConnect(0,1,'CAN:Baud=Auto',0,0,0): 28
Tue Dec 13 17:12:54.188 - [10316] RP1210_ClientConnect(0,1,'CAN:Baud=Auto',0,0,0): 29
Tue Dec 13 17:12:54.200 - [10316] RP1210_ClientConnect(0,1,'CAN:Baud=Auto',0,0,0): 30
Tue Dec 13 17:12:54.208 - [10316] RP1210_ClientConnect(0,1,'CAN:Baud=Auto',0,0,0): 31
Tue Dec 13 17:12:54.217 - [10316] RP1210_ClientConnect(0,1,'CAN:Baud=Auto',0,0,0): 32
Tue Dec 13 17:12:54.224 - [10316] RP1210_ClientConnect(0,1,'CAN:Baud=Auto',0,0,0): 33
Tue Dec 13 17:12:54.233 - [10316] RP1210_ClientConnect(0,1,'CAN:Baud=Auto',0,0,0): 34
Tue Dec 13 17:12:54.239 - [10316] RP1210_ClientConnect(0,1,'CAN:Baud=Auto',0,0,0): 35
Tue Dec 13 17:12:54.251 - [10316] RP1210_ClientConnect(0,1,'CAN:Baud=Auto',0,0,0): 36
Tue Dec 13 17:12:54.258 - [10316] RP1210_ClientConnect(0,1,'CAN:Baud=Auto',0,0,0): 37
Tue Dec 13 17:12:54.268 - [10316] RP1210_ClientConnect(0,1,'CAN:Baud=Auto',0,0,0): 38
Tue Dec 13 17:12:54.275 - [10316] RP1210_ClientConnect(0,1,'CAN:Baud=Auto',0,0,0): 39
Tue Dec 13 17:12:54.284 - [10316] RP1210_ClientConnect(0,1,'CAN:Baud=Auto',0,0,0): 40
Tue Dec 13 17:12:54.290 - [10316] RP1210_ClientConnect(0,1,'CAN:Baud=Auto',0,0,0): 41
Tue Dec 13 17:12:54.300 - [10316] RP1210_ClientConnect(0,1,'CAN:Baud=Auto',0,0,0): 42
Tue Dec 13 17:12:54.306 - [10316] RP1210_ClientConnect(0,1,'CAN:Baud=Auto',0,0,0): 43
Tue Dec 13 17:12:54.316 - [10316] RP1210_ClientConnect(0,1,'CAN:Baud=Auto',0,0,0): 44
Tue Dec 13 17:12:54.323 - [10316] RP1210_ClientConnect(0,1,'CAN:Baud=Auto',0,0,0): 45
Tue Dec 13 17:12:54.334 - [10316] RP1210_ClientConnect(0,1,'CAN:Baud=Auto',0,0,0): 46
Tue Dec 13 17:12:54.341 - [10316] RP1210_ClientConnect(0,1,'CAN:Baud=Auto',0,0,0): 47
Tue Dec 13 17:12:54.350 - [10316] RP1210_ClientConnect(0,1,'CAN:Baud=Auto',0,0,0): 48
Tue Dec 13 17:12:54.356 - [10316] RP1210_ClientConnect(0,1,'CAN:Baud=Auto',0,0,0): 49
Tue Dec 13 17:12:54.364 - [10316] RP1210_ClientConnect(0,1,'CAN:Baud=Auto',0,0,0): 50
Tue Dec 13 17:12:54.372 - [10316] RP1210_ClientConnect(0,1,'CAN:Baud=Auto',0,0,0): 51
Tue Dec 13 17:12:54.377 - [10316] RP1210_ClientConnect(0,1,'CAN:Baud=Auto',0,0,0): 52
Tue Dec 13 17:12:54.389 - [10316] RP1210_ClientConnect(0,1,'CAN:Baud=Auto',0,0,0): 53
Tue Dec 13 17:12:54.400 - [10316] RP1210_ClientConnect(0,1,'CAN:Baud=Auto',0,0,0): 54
Tue Dec 13 17:12:54.407 - [10316] RP1210_ClientConnect(0,1,'CAN:Baud=Auto',0,0,0): 55
Tue Dec 13 17:12:54.416 - [10316] RP1210_ClientConnect(0,1,'CAN:Baud=Auto',0,0,0): 56
Tue Dec 13 17:12:54.423 - [10316] RP1210_ClientConnect(0,1,'CAN:Baud=Auto',0,0,0): 57
Tue Dec 13 17:12:54.430 - [10316] RP1210_ClientConnect(0,1,'CAN:Baud=Auto',0,0,0): 58
Tue Dec 13 17:12:54.437 - [10316] RP1210_ClientConnect(0,1,'CAN:Baud=Auto',0,0,0): 59
Tue Dec 13 17:12:54.443 - [10316] RP1210_ClientConnect(0,1,'CAN:Baud=Auto',0,0,0): 60
Tue Dec 13 17:12:54.458 - [10316] RP1210_ClientConnect(0,1,'CAN:Baud=Auto',0,0,0): 61
Tue Dec 13 17:12:54.472 - [10316] RP1210_ClientConnect(0,1,'CAN:Baud=Auto',0,0,0): 62
Tue Dec 13 17:12:54.477 - [10316] RP1210_ClientConnect(0,1,'CAN:Baud=Auto',0,0,0): 63
Tue Dec 13 17:12:54.486 - [10316] RP1210_ClientConnect(0,1,'CAN:Baud=Auto',0,0,0): ERR_HARDWARE_NOT_RESPONDING
Tue Dec 13 17:12:54.491 - [10316] RP1210_ClientConnect(0,1,'CAN:Baud=Auto',0,0,0): ERR_HARDWARE_NOT_RESPONDING
Tue Dec 13 17:12:54.501 - [10316] RP1210_ClientConnect(0,1,'CAN:Baud=Auto',0,0,0): ERR_HARDWARE_NOT_RESPONDING
Tue Dec 13 17:12:54.506 - [10316] RP1210_ClientConnect(0,1,'CAN:Baud=Auto',0,0,0): ERR_HARDWARE_NOT_RESPONDING
Tue Dec 13 17:12:54.511 - [10316] RP1210_ClientConnect(0,1,'CAN:Baud=Auto',0,0,0): ERR_HARDWARE_NOT_RESPONDING
Tue Dec 13 17:12:54.522 - [10316] RP1210_ClientConnect(0,1,'CAN:Baud=Auto',0,0,0): ERR_HARDWARE_NOT_RESPONDING
Tue Dec 13 17:12:54.531 - [10316] RP1210_ClientConnect(0,1,'CAN:Baud=Auto',0,0,0): ERR_HARDWARE_NOT_RESPONDING
Tue Dec 13 17:12:54.539 - [10316] RP1210_ClientConnect(0,1,'CAN:Baud=Auto',0,0,0): ERR_HARDWARE_NOT_RESPONDING
Tue Dec 13 17:12:54.544 - [10316] RP1210_ClientConnect(0,1,'CAN:Baud=Auto',0,0,0): ERR_HARDWARE_NOT_RESPONDING
Tue Dec 13 17:12:54.553 - [10316] RP1210_ClientConnect(0,1,'CAN:Baud=Auto',0,0,0): ERR_HARDWARE_NOT_RESPONDING
Tue Dec 13 17:12:54.558 - [10316] RP1210_ClientConnect(0,1,'CAN:Baud=Auto',0,0,0): ERR_HARDWARE_NOT_RESPONDING
Tue Dec 13 17:12:54.567 - [10316] RP1210_ClientConnect(0,1,'CAN:Baud=Auto',0,0,0): ERR_HARDWARE_NOT_RESPONDING
Tue Dec 13 17:12:54.572 - [10316] RP1210_ClientConnect(0,1,'CAN:Baud=Auto',0,0,0): ERR_HARDWARE_NOT_RESPONDING
Tue Dec 13 17:12:54.577 - [10316] RP1210_ClientConnect(0,1,'CAN:Baud=Auto',0,0,0): ERR_HARDWARE_NOT_RESPONDING
Tue Dec 13 17:12:54.588 - [10316] RP1210_ClientConnect(0,1,'CAN:Baud=Auto',0,0,0): ERR_HARDWARE_NOT_RESPONDING
Tue Dec 13 17:12:54.594 - [10316] RP1210_ClientConnect(0,1,'CAN:Baud=Auto',0,0,0): ERR_HARDWARE_NOT_RESPONDING
Tue Dec 13 17:12:54.604 - [10316] RP1210_ClientConnect(0,1,'CAN:Baud=Auto',0,0,0): ERR_HARDWARE_NOT_RESPONDING
Tue Dec 13 17:12:54.609 - [10316] RP1210_ClientConnect(0,1,'CAN:Baud=Auto',0,0,0): ERR_HARDWARE_NOT_RESPONDING
Tue Dec 13 17:12:54.618 - [10316] RP1210_ClientConnect(0,1,'CAN:Baud=Auto',0,0,0): ERR_HARDWARE_NOT_RESPONDING
Tue Dec 13 17:12:54.624 - [10316] RP1210_ClientConnect(0,1,'CAN:Baud=Auto',0,0,0): ERR_HARDWARE_NOT_RESPONDING
Tue Dec 13 17:12:54.632 - [10316] RP1210_ClientConnect(0,1,'CAN:Baud=Auto',0,0,0): ERR_HARDWARE_NOT_RESPONDING
Tue Dec 13 17:12:54.637 - [10316] RP1210_ClientConnect(0,1,'CAN:Baud=Auto',0,0,0): ERR_HARDWARE_NOT_RESPONDING
Tue Dec 13 17:12:54.643 - [10316] RP1210_ClientConnect(0,1,'CAN:Baud=Auto',0,0,0): ERR_HARDWARE_NOT_RESPONDING
Tue Dec 13 17:12:54.654 - [10316] RP1210_ClientConnect(0,1,'CAN:Baud=Auto',0,0,0): ERR_HARDWARE_NOT_RESPONDING
Tue Dec 13 17:12:54.660 - [10316] RP1210_ClientConnect(0,1,'CAN:Baud=Auto',0,0,0): ERR_HARDWARE_NOT_RESPONDING
Tue Dec 13 17:12:54.671 - [10316] RP1210_ClientConnect(0,1,'CAN:Baud=Auto',0,0,0): ERR_HARDWARE_NOT_RESPONDING
Tue Dec 13 17:12:54.677 - [10316] RP1210_ClientConnect(0,1,'CAN:Baud=Auto',0,0,0): ERR_HARDWARE_NOT_RESPONDING
Tue Dec 13 17:12:54.685 - [10316] RP1210_ClientConnect(0,1,'CAN:Baud=Auto',0,0,0): ERR_HARDWARE_NOT_RESPONDING
Tue Dec 13 17:12:54.690 - [10316] RP1210_ClientConnect(0,1,'CAN:Baud=Auto',0,0,0): ERR_HARDWARE_NOT_RESPONDING
Tue Dec 13 17:12:54.698 - [10316] RP1210_ClientConnect(0,1,'CAN:Baud=Auto',0,0,0): ERR_HARDWARE_NOT_RESPONDING
Tue Dec 13 17:12:54.704 - [10316] RP1210_ClientConnect(0,1,'CAN:Baud=Auto',0,0,0): ERR_HARDWARE_NOT_RESPONDING
Tue Dec 13 17:12:54.710 - [10316] RP1210_ClientConnect(0,1,'CAN:Baud=Auto',0,0,0): ERR_HARDWARE_NOT_RESPONDING
Tue Dec 13 17:12:54.721 - [10316] RP1210_ClientConnect(0,1,'CAN:Baud=Auto',0,0,0): ERR_HARDWARE_NOT_RESPONDING
Tue Dec 13 17:12:54.727 - [10316] RP1210_ClientConnect(0,1,'CAN:Baud=Auto',0,0,0): ERR_HARDWARE_NOT_RESPONDING
Tue Dec 13 17:12:54.736 - [10316] RP1210_ClientConnect(0,1,'CAN:Baud=Auto',0,0,0): ERR_HARDWARE_NOT_RESPONDING
Tue Dec 13 17:12:54.741 - [10316] RP1210_ClientConnect(0,1,'CAN:Baud=Auto',0,0,0): ERR_HARDWARE_NOT_RESPONDING
Tue Dec 13 17:12:54.752 - [10316] RP1210_ClientConnect(0,1,'CAN:Baud=Auto',0,0,0): ERR_HARDWARE_NOT_RESPONDING
Tue Dec 13 17:12:54.758 - [10316] RP1210_ClientConnect(0,1,'CAN:Baud=Auto',0,0,0): ERR_HARDWARE_NOT_RESPONDING
Tue Dec 13 17:12:54.767 - [10316] RP1210_ClientConnect(0,1,'CAN:Baud=Auto',0,0,0): ERR_HARDWARE_NOT_RESPONDING
Tue Dec 13 17:12:54.772 - [10316] RP1210_ClientConnect(0,1,'CAN:Baud=Auto',0,0,0): ERR_HARDWARE_NOT_RESPONDING
Tue Dec 13 17:12:54.777 - [10316] RP1210_ClientConnect(0,1,'CAN:Baud=Auto',0,0,0): ERR_HARDWARE_NOT_RESPONDING
Tue Dec 13 17:12:54.789 - [10316] RP1210_ClientConnect(0,1,'CAN:Baud=Auto',0,0,0): ERR_HARDWARE_NOT_RESPONDING
Tue Dec 13 17:12:54.795 - [10316] RP1210_ClientConnect(0,1,'CAN:Baud=Auto',0,0,0): ERR_HARDWARE_NOT_RESPONDING
Tue Dec 13 17:12:54.805 - [10316] RP1210_ClientConnect(0,1,'CAN:Baud=Auto',0,0,0): ERR_HARDWARE_NOT_RESPONDING
Tue Dec 13 17:12:54.811 - [10316] RP1210_ClientConnect(0,1,'CAN:Baud=Auto',0,0,0): ERR_HARDWARE_NOT_RESPONDING
Tue Dec 13 17:12:54.819 - [10316] RP1210_ClientConnect(0,1,'CAN:Baud=Auto',0,0,0): ERR_HARDWARE_NOT_RESPONDING
Tue Dec 13 17:12:54.824 - [10316] RP1210_ClientConnect(0,1,'CAN:Baud=Auto',0,0,0): ERR_HARDWARE_NOT_RESPONDING
Tue Dec 13 17:12:54.832 - [10316] RP1210_ClientConnect(0,1,'CAN:Baud=Auto',0,0,0): ERR_HARDWARE_NOT_RESPONDING
Tue Dec 13 17:12:54.839 - [10316] RP1210_ClientConnect(0,1,'CAN:Baud=Auto',0,0,0): ERR_HARDWARE_NOT_RESPONDING
Tue Dec 13 17:12:54.844 - [10316] RP1210_ClientConnect(0,1,'CAN:Baud=Auto',0,0,0): ERR_HARDWARE_NOT_RESPONDING
Tue Dec 13 17:12:54.855 - [10316] RP1210_ClientConnect(0,1,'CAN:Baud=Auto',0,0,0): ERR_HARDWARE_NOT_RESPONDING
Tue Dec 13 17:12:54.860 - [10316] RP1210_ClientConnect(0,1,'CAN:Baud=Auto',0,0,0): ERR_HARDWARE_NOT_RESPONDING
Tue Dec 13 17:12:54.871 - [10316] RP1210_ClientConnect(0,1,'CAN:Baud=Auto',0,0,0): ERR_HARDWARE_NOT_RESPONDING
Tue Dec 13 17:12:54.876 - [10316] RP1210_ClientConnect(0,1,'CAN:Baud=Auto',0,0,0): ERR_HARDWARE_NOT_RESPONDING
Tue Dec 13 17:12:54.883 - [10316] RP1210_ClientConnect(0,1,'CAN:Baud=Auto',0,0,0): ERR_HARDWARE_NOT_RESPONDING
Tue Dec 13 17:12:54.889 - [10316] RP1210_ClientConnect(0,1,'CAN:Baud=Auto',0,0,0): ERR_HARDWARE_NOT_RESPONDING
Tue Dec 13 17:12:54.895 - [10316] RP1210_ClientConnect(0,1,'CAN:Baud=Auto',0,0,0): ERR_HARDWARE_NOT_RESPONDING
Tue Dec 13 17:12:54.904 - [10316] RP1210_ClientConnect(0,1,'CAN:Baud=Auto',0,0,0): ERR_HARDWARE_NOT_RESPONDING
Tue Dec 13 17:12:54.909 - [10316] RP1210_ClientConnect(0,1,'CAN:Baud=Auto',0,0,0): ERR_HARDWARE_NOT_RESPONDING
Tue Dec 13 17:12:54.920 - [10316] RP1210_ClientConnect(0,1,'CAN:Baud=Auto',0,0,0): ERR_HARDWARE_NOT_RESPONDING
Tue Dec 13 17:12:54.926 - [10316] RP1210_ClientConnect(0,1,'CAN:Baud=Auto',0,0,0): ERR_HARDWARE_NOT_RESPONDING
Tue Dec 13 17:12:54.936 - [10316] RP1210_ClientConnect(0,1,'CAN:Baud=Auto',0,0,0): ERR_HARDWARE_NOT_RESPONDING
Tue Dec 13 17:12:54.941 - [10316] RP1210_ClientConnect(0,1,'CAN:Baud=Auto',0,0,0): ERR_HARDWARE_NOT_RESPONDING
Tue Dec 13 17:12:54.951 - [10316] RP1210_ClientConnect(0,1,'CAN:Baud=Auto',0,0,0): ERR_HARDWARE_NOT_RESPONDING
Tue Dec 13 17:12:54.967 - [10316] RP1210_ClientConnect(0,1,'CAN:Baud=Auto',0,0,0): ERR_HARDWARE_NOT_RESPONDING
Tue Dec 13 17:12:54.973 - [10316] RP1210_ClientConnect(0,1,'CAN:Baud=Auto',0,0,0): ERR_HARDWARE_NOT_RESPONDING
Tue Dec 13 17:12:54.989 - [10316] RP1210_ClientConnect(0,1,'CAN:Baud=Auto',0,0,0): ERR_HARDWARE_NOT_RESPONDING
Tue Dec 13 17:12:55.001 - [10316] RP1210_ClientConnect(0,1,'CAN:Baud=Auto',0,0,0): ERR_HARDWARE_NOT_RESPONDING
Tue Dec 13 17:12:55.007 - [10316] RP1210_ClientConnect(0,1,'CAN:Baud=Auto',0,0,0): ERR_HARDWARE_NOT_RESPONDING
Tue Dec 13 17:12:55.016 - [10316] RP1210_ClientConnect(0,1,'CAN:Baud=Auto',0,0,0): ERR_HARDWARE_NOT_RESPONDING
Tue Dec 13 17:12:55.022 - [10316] RP1210_ClientConnect(0,1,'CAN:Baud=Auto',0,0,0): ERR_HARDWARE_NOT_RESPONDING
Tue Dec 13 17:12:55.028 - [10316] RP1210_ClientConnect(0,1,'CAN:Baud=Auto',0,0,0): ERR_HARDWARE_NOT_RESPONDING
Tue Dec 13 17:12:55.037 - [10316] RP1210_ClientConnect(0,1,'CAN:Baud=Auto',0,0,0): ERR_HARDWARE_NOT_RESPONDING
Tue Dec 13 17:12:55.042 - [10316] RP1210_ClientConnect(0,1,'CAN:Baud=Auto',0,0,0): ERR_HARDWARE_NOT_RESPONDING
Tue Dec 13 17:12:55.054 - [10316] RP1210_ClientConnect(0,1,'CAN:Baud=Auto',0,0,0): ERR_HARDWARE_NOT_RESPONDING
Tue Dec 13 17:12:55.059 - [10316] RP1210_ClientConnect(0,1,'CAN:Baud=Auto',0,0,0): ERR_HARDWARE_NOT_RESPONDING
Tue Dec 13 17:12:55.070 - [10316] RP1210_ClientConnect(0,1,'CAN:Baud=Auto',0,0,0): ERR_HARDWARE_NOT_RESPONDING
Tue Dec 13 17:12:55.076 - [10316] RP1210_ClientConnect(0,1,'CAN:Baud=Auto',0,0,0): ERR_HARDWARE_NOT_RESPONDING
Tue Dec 13 17:12:55.085 - [10316] RP1210_ClientConnect(0,1,'CAN:Baud=Auto',0,0,0): ERR_HARDWARE_NOT_RESPONDING
Tue Dec 13 17:12:55.090 - [10316] RP1210_ClientConnect(0,1,'CAN:Baud=Auto',0,0,0): ERR_HARDWARE_NOT_RESPONDING
Tue Dec 13 17:12:55.095 - [10316] RP1210_ClientConnect(0,1,'CAN:Baud=Auto',0,0,0): ERR_HARDWARE_NOT_RESPONDING
Tue Dec 13 17:12:55.104 - [10316] RP1210_ClientConnect(0,1,'CAN:Baud=Auto',0,0,0): ERR_HARDWARE_NOT_RESPONDING
Tue Dec 13 17:12:55.109 - [10316] RP1210_ClientConnect(0,1,'CAN:Baud=Auto',0,0,0): ERR_HARDWARE_NOT_RESPONDING
Tue Dec 13 17:12:55.120 - [10316] RP1210_ClientConnect(0,1,'CAN:Baud=Auto',0,0,0): ERR_HARDWARE_NOT_RESPONDING
Tue Dec 13 17:12:55.126 - [10316] RP1210_ClientConnect(0,1,'CAN:Baud=Auto',0,0,0): ERR_HARDWARE_NOT_RESPONDING
Tue Dec 13 17:12:55.137 - [10316] RP1210_ClientConnect(0,1,'CAN:Baud=Auto',0,0,0): ERR_HARDWARE_NOT_RESPONDING
Tue Dec 13 17:12:55.142 - [10316] RP1210_ClientConnect(0,1,'CAN:Baud=Auto',0,0,0): ERR_HARDWARE_NOT_RESPONDING
Tue Dec 13 17:12:55.151 - [10316] RP1210_ClientConnect(0,1,'CAN:Baud=Auto',0,0,0): ERR_HARDWARE_NOT_RESPONDING
Tue Dec 13 17:12:55.157 - [10316] RP1210_ClientConnect(0,1,'CAN:Baud=Auto',0,0,0): ERR_HARDWARE_NOT_RESPONDING
Tue Dec 13 17:12:55.167 - [10316] RP1210_ClientConnect(0,1,'CAN:Baud=Auto',0,0,0): ERR_HARDWARE_NOT_RESPONDING
Tue Dec 13 17:12:55.172 - [10316] RP1210_ClientConnect(0,1,'CAN:Baud=Auto',0,0,0): ERR_HARDWARE_NOT_RESPONDING
Tue Dec 13 17:12:55.178 - [10316] RP1210_ClientConnect(0,1,'CAN:Baud=Auto',0,0,0): ERR_HARDWARE_NOT_RESPONDING
Tue Dec 13 17:12:55.191 - [10316] RP1210_ClientConnect(0,1,'CAN:Baud=Auto',0,0,0): ERR_HARDWARE_NOT_RESPONDING
Tue Dec 13 17:12:55.202 - [10316] RP1210_ClientConnect(0,1,'CAN:Baud=Auto',0,0,0): ERR_HARDWARE_NOT_RESPONDING
Tue Dec 13 17:12:55.208 - [10316] RP1210_ClientConnect(0,1,'CAN:Baud=Auto',0,0,0): ERR_HARDWARE_NOT_RESPONDING
Tue Dec 13 17:12:55.216 - [10316] RP1210_ClientConnect(0,1,'CAN:Baud=Auto',0,0,0): ERR_HARDWARE_NOT_RESPONDING
Tue Dec 13 17:12:55.222 - [10316] RP1210_ClientConnect(0,1,'CAN:Baud=Auto',0,0,0): ERR_HARDWARE_NOT_RESPONDING
Tue Dec 13 17:12:55.228 - [10316] RP1210_ClientConnect(0,1,'CAN:Baud=Auto',0,0,0): ERR_HARDWARE_NOT_RESPONDING
Tue Dec 13 17:12:55.236 - [10316] RP1210_ClientConnect(0,1,'CAN:Baud=Auto',0,0,0): ERR_HARDWARE_NOT_RESPONDING
Tue Dec 13 17:12:55.242 - [10316] RP1210_ClientConnect(0,1,'CAN:Baud=Auto',0,0,0): ERR_HARDWARE_NOT_RESPONDING
Tue Dec 13 17:12:55.254 - [10316] RP1210_ClientConnect(0,1,'CAN:Baud=Auto',0,0,0): ERR_HARDWARE_NOT_RESPONDING
Tue Dec 13 17:12:55.259 - [10316] RP1210_ClientConnect(0,1,'CAN:Baud=Auto',0,0,0): ERR_HARDWARE_NOT_RESPONDING
Tue Dec 13 17:12:55.270 - [10316] RP1210_ClientConnect(0,1,'CAN:Baud=Auto',0,0,0): ERR_HARDWARE_NOT_RESPONDING
Tue Dec 13 17:12:55.275 - [10316] RP1210_ClientConnect(0,1,'CAN:Baud=Auto',0,0,0): ERR_HARDWARE_NOT_RESPONDING
Tue Dec 13 17:12:55.284 - [10316] RP1210_ClientConnect(0,1,'CAN:Baud=Auto',0,0,0): ERR_HARDWARE_NOT_RESPONDING
Tue Dec 13 17:12:55.289 - [10316] RP1210_ClientConnect(0,1,'CAN:Baud=Auto',0,0,0): ERR_HARDWARE_NOT_RESPONDING
Tue Dec 13 17:12:55.295 - [10316] RP1210_ClientConnect(0,1,'CAN:Baud=Auto',0,0,0): ERR_HARDWARE_NOT_RESPONDING
Tue Dec 13 17:12:55.304 - [10316] RP1210_ClientConnect(0,1,'CAN:Baud=Auto',0,0,0): ERR_HARDWARE_NOT_RESPONDING
Tue Dec 13 17:12:55.310 - [10316] RP1210_ClientConnect(0,1,'CAN:Baud=Auto',0,0,0): ERR_HARDWARE_NOT_RESPONDING
Tue Dec 13 17:12:55.322 - [10316] RP1210_ClientConnect(0,1,'CAN:Baud=Auto',0,0,0): ERR_HARDWARE_NOT_RESPONDING
Tue Dec 13 17:12:55.328 - [10316] RP1210_ClientConnect(0,1,'CAN:Baud=Auto',0,0,0): ERR_HARDWARE_NOT_RESPONDING
Tue Dec 13 17:12:55.339 - [10316] RP1210_ClientConnect(0,1,'CAN:Baud=Auto',0,0,0): ERR_HARDWARE_NOT_RESPONDING
Tue Dec 13 17:12:55.344 - [10316] RP1210_ClientConnect(0,1,'CAN:Baud=Auto',0,0,0): ERR_HARDWARE_NOT_RESPONDING
Tue Dec 13 17:12:55.353 - [10316] RP1210_ClientConnect(0,1,'CAN:Baud=Auto',0,0,0): ERR_HARDWARE_NOT_RESPONDING
Tue Dec 13 17:12:55.358 - [10316] RP1210_ClientConnect(0,1,'CAN:Baud=Auto',0,0,0): ERR_HARDWARE_NOT_RESPONDING
Tue Dec 13 17:12:55.367 - [10316] RP1210_ClientConnect(0,1,'CAN:Baud=Auto',0,0,0): ERR_HARDWARE_NOT_RESPONDING
Tue Dec 13 17:12:55.373 - [10316] RP1210_ClientConnect(0,1,'CAN:Baud=Auto',0,0,0): ERR_HARDWARE_NOT_RESPONDING
Tue Dec 13 17:12:55.378 - [10316] RP1210_ClientConnect(0,1,'CAN:Baud=Auto',0,0,0): ERR_HARDWARE_NOT_RESPONDING
Tue Dec 13 17:12:55.390 - [10316] RP1210_ClientConnect(0,1,'CAN:Baud=Auto',0,0,0): ERR_HARDWARE_NOT_RESPONDING
Tue Dec 13 17:12:55.396 - [10316] RP1210_ClientConnect(0,1,'CAN:Baud=Auto',0,0,0): ERR_HARDWARE_NOT_RESPONDING
Tue Dec 13 17:12:55.406 - [10316] RP1210_ClientConnect(0,1,'CAN:Baud=Auto',0,0,0): ERR_HARDWARE_NOT_RESPONDING
Tue Dec 13 17:12:55.411 - [10316] RP1210_ClientConnect(0,1,'CAN:Baud=Auto',0,0,0): ERR_HARDWARE_NOT_RESPONDING
Tue Dec 13 17:12:55.420 - [10316] RP1210_ClientConnect(0,1,'CAN:Baud=Auto',0,0,0): ERR_HARDWARE_NOT_RESPONDING
Tue Dec 13 17:12:55.426 - [10316] RP1210_ClientConnect(0,1,'CAN:Baud=Auto',0,0,0): ERR_HARDWARE_NOT_RESPONDING
Tue Dec 13 17:12:55.435 - [10316] RP1210_ClientConnect(0,1,'CAN:Baud=Auto',0,0,0): ERR_HARDWARE_NOT_RESPONDING
Tue Dec 13 17:12:55.440 - [10316] RP1210_ClientConnect(0,1,'CAN:Baud=Auto',0,0,0): ERR_HARDWARE_NOT_RESPONDING
Tue Dec 13 17:12:55.445 - [10316] RP1210_ClientConnect(0,1,'CAN:Baud=Auto',0,0,0): ERR_HARDWARE_NOT_RESPONDING
Tue Dec 13 17:12:55.459 - [10316] RP1210_ClientConnect(0,1,'CAN:Baud=Auto',0,0,0): ERR_HARDWARE_NOT_RESPONDING
Tue Dec 13 17:12:55.472 - [10316] RP1210_ClientConnect(0,1,'CAN:Baud=Auto',0,0,0): ERR_HARDWARE_NOT_RESPONDING
Tue Dec 13 17:12:55.478 - [10316] RP1210_ClientConnect(0,1,'CAN:Baud=Auto',0,0,0): ERR_HARDWARE_NOT_RESPONDING
Tue Dec 13 17:12:55.486 - [10316] RP1210_ClientConnect(0,1,'CAN:Baud=Auto',0,0,0): ERR_HARDWARE_NOT_RESPONDING
Tue Dec 13 17:12:55.492 - [10316] RP1210_ClientConnect(0,1,'CAN:Baud=Auto',0,0,0): ERR_HARDWARE_NOT_RESPONDING
Tue Dec 13 17:12:55.524 - [10316] RP1210_ClientConnect(0,1,'CAN:Baud=Auto',0,0,0): ERR_HARDWARE_NOT_RESPONDING
Tue Dec 13 17:12:55.532 - [10316] RP1210_ClientConnect(0,1,'CAN:Baud=Auto',0,0,0): ERR_HARDWARE_NOT_RESPONDING
Tue Dec 13 17:12:55.537 - [10316] RP1210_ClientConnect(0,1,'CAN:Baud=Auto',0,0,0): ERR_HARDWARE_NOT_RESPONDING
Tue Dec 13 17:12:55.545 - [10316] RP1210_ClientConnect(0,1,'CAN:Baud=Auto',0,0,0): ERR_HARDWARE_NOT_RESPONDING
Tue Dec 13 17:12:55.559 - [10316] RP1210_ClientConnect(0,1,'CAN:Baud=Auto',0,0,0): ERR_HARDWARE_NOT_RESPONDING
Tue Dec 13 17:12:55.569 - [10316] RP1210_ClientConnect(0,1,'CAN:Baud=Auto',0,0,0): ERR_HARDWARE_NOT_RESPONDING
Tue Dec 13 17:12:55.575 - [10316] RP1210_ClientConnect(0,1,'CAN:Baud=Auto',0,0,0): ERR_HARDWARE_NOT_RESPONDING
Tue Dec 13 17:12:55.586 - [10316] RP1210_ClientConnect(0,1,'CAN:Baud=Auto',0,0,0): ERR_HARDWARE_NOT_RESPONDING
Tue Dec 13 17:12:55.591 - [10316] RP1210_ClientConnect(0,1,'CAN:Baud=Auto',0,0,0): ERR_HARDWARE_NOT_RESPONDING
Tue Dec 13 17:12:55.603 - [10316] RP1210_ClientConnect(0,1,'CAN:Baud=Auto',0,0,0): ERR_HARDWARE_NOT_RESPONDING
Tue Dec 13 17:12:55.608 - [10316] RP1210_ClientConnect(0,1,'CAN:Baud=Auto',0,0,0): ERR_HARDWARE_NOT_RESPONDING
Tue Dec 13 17:12:55.616 - [10316] RP1210_ClientConnect(0,1,'CAN:Baud=Auto',0,0,0): ERR_HARDWARE_NOT_RESPONDING
Tue Dec 13 17:12:55.621 - [10316] RP1210_ClientConnect(0,1,'CAN:Baud=Auto',0,0,0): ERR_HARDWARE_NOT_RESPONDING
Tue Dec 13 17:12:55.627 - [10316] RP1210_ClientConnect(0,1,'CAN:Baud=Auto',0,0,0): ERR_HARDWARE_NOT_RESPONDING
Tue Dec 13 17:12:55.635 - [10316] RP1210_ClientConnect(0,1,'CAN:Baud=Auto',0,0,0): ERR_HARDWARE_NOT_RESPONDING
Tue Dec 13 17:12:55.641 - [10316] RP1210_ClientConnect(0,1,'CAN:Baud=Auto',0,0,0): ERR_HARDWARE_NOT_RESPONDING
Tue Dec 13 17:12:55.651 - [10316] RP1210_ClientConnect(0,1,'CAN:Baud=Auto',0,0,0): ERR_HARDWARE_NOT_RESPONDING
Tue Dec 13 17:12:55.717 - [10316] RP1210_ClientConnect(0,1,'CAN:Baud=Auto',0,0,0): ERR_HARDWARE_NOT_RESPONDING
Tue Dec 13 17:12:55.723 - [10316] RP1210_ClientConnect(0,1,'CAN:Baud=Auto',0,0,0): ERR_HARDWARE_NOT_RESPONDING
Tue Dec 13 17:12:55.728 - [10316] RP1210_ClientConnect(0,1,'CAN:Baud=Auto',0,0,0): ERR_HARDWARE_NOT_RESPONDING
Tue Dec 13 17:12:55.740 - [10316] RP1210_ClientConnect(0,1,'CAN:Baud=Auto',0,0,0): ERR_HARDWARE_NOT_RESPONDING
Tue Dec 13 17:12:55.745 - [10316] RP1210_ClientConnect(0,1,'CAN:Baud=Auto',0,0,0): ERR_HARDWARE_NOT_RESPONDING
Tue Dec 13 17:12:55.756 - [10316] RP1210_ClientConnect(0,1,'CAN:Baud=Auto',0,0,0): ERR_HARDWARE_NOT_RESPONDING
Tue Dec 13 17:12:55.761 - [10316] RP1210_ClientConnect(0,1,'CAN:Baud=Auto',0,0,0): ERR_HARDWARE_NOT_RESPONDING
Tue Dec 13 17:12:55.770 - [10316] RP1210_ClientConnect(0,1,'CAN:Baud=Auto',0,0,0): ERR_HARDWARE_NOT_RESPONDING
Tue Dec 13 17:12:55.776 - [10316] RP1210_ClientConnect(0,1,'CAN:Baud=Auto',0,0,0): ERR_HARDWARE_NOT_RESPONDING
Tue Dec 13 17:12:55.786 - [10316] RP1210_ClientConnect(0,1,'CAN:Baud=Auto',0,0,0): ERR_HARDWARE_NOT_RESPONDING
Tue Dec 13 17:12:55.792 - [10316] RP1210_ClientConnect(0,1,'CAN:Baud=Auto',0,0,0): ERR_HARDWARE_NOT_RESPONDING
Tue Dec 13 17:12:55.803 - [10316] RP1210_ClientConnect(0,1,'CAN:Baud=Auto',0,0,0): ERR_HARDWARE_NOT_RESPONDING
Tue Dec 13 17:12:55.809 - [10316] RP1210_ClientConnect(0,1,'CAN:Baud=Auto',0,0,0): ERR_HARDWARE_NOT_RESPONDING
Tue Dec 13 17:12:55.827 - [10316] RP1210_ClientConnect(0,1,'CAN:Baud=Auto',0,0,0): ERR_HARDWARE_NOT_RESPONDING
Tue Dec 13 17:12:55.840 - [10316] RP1210_ClientConnect(0,1,'CAN:Baud=Auto',0,0,0): ERR_HARDWARE_NOT_RESPONDING
Tue Dec 13 17:12:55.846 - [10316] RP1210_ClientConnect(0,1,'CAN:Baud=Auto',0,0,0): ERR_HARDWARE_NOT_RESPONDING
Tue Dec 13 17:12:55.856 - [10316] RP1210_ClientConnect(0,1,'CAN:Baud=Auto',0,0,0): ERR_HARDWARE_NOT_RESPONDING
Tue Dec 13 17:12:55.861 - [10316] RP1210_ClientConnect(0,1,'CAN:Baud=Auto',0,0,0): ERR_HARDWARE_NOT_RESPONDING
Tue Dec 13 17:12:55.872 - [10316] RP1210_ClientConnect(0,1,'CAN:Baud=Auto',0,0,0): ERR_HARDWARE_NOT_RESPONDING
Tue Dec 13 17:12:55.879 - [10316] RP1210_ClientConnect(0,1,'CAN:Baud=Auto',0,0,0): ERR_HARDWARE_NOT_RESPONDING
Tue Dec 13 17:12:55.889 - [10316] RP1210_ClientConnect(0,1,'CAN:Baud=Auto',0,0,0): ERR_HARDWARE_NOT_RESPONDING
Tue Dec 13 17:12:55.894 - [10316] RP1210_ClientConnect(0,1,'CAN:Baud=Auto',0,0,0): ERR_HARDWARE_NOT_RESPONDING
Tue Dec 13 17:12:55.903 - [10316] RP1210_ClientConnect(0,1,'CAN:Baud=Auto',0,0,0): ERR_HARDWARE_NOT_RESPONDING
Tue Dec 13 17:12:55.909 - [10316] RP1210_ClientConnect(0,1,'CAN:Baud=Auto',0,0,0): ERR_HARDWARE_NOT_RESPONDING
Tue Dec 13 17:12:55.936 - [10316] RP1210_ClientConnect(0,1,'CAN:Baud=Auto',0,0,0): ERR_HARDWARE_NOT_RESPONDING
Tue Dec 13 17:12:55.954 - [10316] RP1210_ClientConnect(0,1,'CAN:Baud=Auto',0,0,0): ERR_HARDWARE_NOT_RESPONDING
Tue Dec 13 17:12:55.969 - [10316] RP1210_ClientConnect(0,1,'CAN:Baud=Auto',0,0,0): ERR_HARDWARE_NOT_RESPONDING
Tue Dec 13 17:12:55.976 - [10316] RP1210_ClientConnect(0,1,'CAN:Baud=Auto',0,0,0): ERR_HARDWARE_NOT_RESPONDING
Tue Dec 13 17:12:55.985 - [10316] RP1210_ClientConnect(0,1,'CAN:Baud=Auto',0,0,0): ERR_HARDWARE_NOT_RESPONDING
Tue Dec 13 17:12:55.992 - [10316] RP1210_ClientConnect(0,1,'CAN:Baud=Auto',0,0,0): ERR_HARDWARE_NOT_RESPONDING
Tue Dec 13 17:12:56.004 - [10316] RP1210_ClientConnect(0,1,'CAN:Baud=Auto',0,0,0): ERR_HARDWARE_NOT_RESPONDING
Tue Dec 13 17:12:56.010 - [10316] RP1210_ClientConnect(0,1,'CAN:Baud=Auto',0,0,0): ERR_HARDWARE_NOT_RESPONDING
Tue Dec 13 17:12:56.021 - [10316] RP1210_ClientConnect(0,1,'CAN:Baud=Auto',0,0,0): ERR_HARDWARE_NOT_RESPONDING
Tue Dec 13 17:12:56.027 - [10316] RP1210_ClientConnect(0,1,'CAN:Baud=Auto',0,0,0): ERR_HARDWARE_NOT_RESPONDING
Tue Dec 13 17:12:56.036 - [10316] RP1210_ClientConnect(0,1,'CAN:Baud=Auto',0,0,0): ERR_HARDWARE_NOT_RESPONDING
Tue Dec 13 17:12:56.042 - [10316] RP1210_ClientConnect(0,1,'CAN:Baud=Auto',0,0,0): ERR_HARDWARE_NOT_RESPONDING
Tue Dec 13 17:12:56.051 - [10316] RP1210_ClientConnect(0,1,'CAN:Baud=Auto',0,0,0): ERR_HARDWARE_NOT_RESPONDING
Tue Dec 13 17:12:56.058 - [10316] RP1210_ClientConnect(0,1,'CAN:Baud=Auto',0,0,0): ERR_HARDWARE_NOT_RESPONDING
Tue Dec 13 17:12:56.065 - [10316] RP1210_ClientConnect(0,1,'CAN:Baud=Auto',0,0,0): ERR_HARDWARE_NOT_RESPONDING
Tue Dec 13 17:12:56.074 - [10316] RP1210_ClientConnect(0,1,'CAN:Baud=Auto',0,0,0): ERR_HARDWARE_NOT_RESPONDING
Tue Dec 13 17:12:56.079 - [10316] RP1210_ClientConnect(0,1,'CAN:Baud=Auto',0,0,0): ERR_HARDWARE_NOT_RESPONDING
Tue Dec 13 17:12:56.089 - [10316] RP1210_ClientConnect(0,1,'CAN:Baud=Auto',0,0,0): ERR_HARDWARE_NOT_RESPONDING
Tue Dec 13 17:12:56.095 - [10316] RP1210_ClientConnect(0,1,'CAN:Baud=Auto',0,0,0): ERR_HARDWARE_NOT_RESPONDING
Tue Dec 13 17:12:56.107 - [10316] RP1210_ClientConnect(0,1,'CAN:Baud=Auto',0,0,0): ERR_HARDWARE_NOT_RESPONDING
Tue Dec 13 17:12:56.112 - [10316] RP1210_ClientConnect(0,1,'CAN:Baud=Auto',0,0,0): ERR_HARDWARE_NOT_RESPONDING
Tue Dec 13 17:12:56.121 - [10316] RP1210_ClientConnect(0,1,'CAN:Baud=Auto',0,0,0): ERR_HARDWARE_NOT_RESPONDING
Tue Dec 13 17:12:56.126 - [10316] RP1210_ClientConnect(0,1,'CAN:Baud=Auto',0,0,0): ERR_HARDWARE_NOT_RESPONDING
Tue Dec 13 17:12:56.136 - [10316] RP1210_ClientConnect(0,1,'CAN:Baud=Auto',0,0,0): ERR_HARDWARE_NOT_RESPONDING
Tue Dec 13 17:12:56.143 - [10316] RP1210_ClientConnect(0,1,'CAN:Baud=Auto',0,0,0): ERR_HARDWARE_NOT_RESPONDING
Tue Dec 13 17:12:56.152 - [10316] RP1210_ClientConnect(0,1,'CAN:Baud=Auto',0,0,0): ERR_HARDWARE_NOT_RESPONDING
Tue Dec 13 17:12:56.158 - [10316] RP1210_ClientConnect(0,1,'CAN:Baud=Auto',0,0,0): ERR_HARDWARE_NOT_RESPONDING
Tue Dec 13 17:12:56.163 - [10316] RP1210_ClientConnect(0,1,'CAN:Baud=Auto',0,0,0): ERR_HARDWARE_NOT_RESPONDING
Tue Dec 13 17:12:56.175 - [10316] RP1210_ClientConnect(0,1,'CAN:Baud=Auto',0,0,0): ERR_HARDWARE_NOT_RESPONDING
Tue Dec 13 17:12:56.183 - [10316] RP1210_ClientConnect(0,1,'CAN:Baud=Auto',0,0,0): ERR_HARDWARE_NOT_RESPONDING
Tue Dec 13 17:12:56.191 - [10316] RP1210_ClientConnect(0,1,'CAN:Baud=Auto',0,0,0): ERR_HARDWARE_NOT_RESPONDING
Tue Dec 13 17:12:56.199 - [10316] RP1210_ClientConnect(0,1,'CAN:Baud=Auto',0,0,0): ERR_HARDWARE_NOT_RESPONDING
Tue Dec 13 17:12:56.208 - [10316] RP1210_ClientConnect(0,1,'CAN:Baud=Auto',0,0,0): ERR_HARDWARE_NOT_RESPONDING
Tue Dec 13 17:12:56.215 - [10316] RP1210_ClientConnect(0,1,'CAN:Baud=Auto',0,0,0): ERR_HARDWARE_NOT_RESPONDING
Tue Dec 13 17:12:56.224 - [10316] RP1210_ClientConnect(0,1,'CAN:Baud=Auto',0,0,0): ERR_HARDWARE_NOT_RESPONDING
Tue Dec 13 17:12:56.229 - [10316] RP1210_ClientConnect(0,1,'CAN:Baud=Auto',0,0,0): ERR_HARDWARE_NOT_RESPONDING
Tue Dec 13 17:12:56.237 - [10316] RP1210_ClientConnect(0,1,'CAN:Baud=Auto',0,0,0): ERR_HARDWARE_NOT_RESPONDING
Tue Dec 13 17:12:56.242 - [10316] RP1210_ClientConnect(0,1,'CAN:Baud=Auto',0,0,0): ERR_HARDWARE_NOT_RESPONDING
Tue Dec 13 17:12:56.252 - [10316] RP1210_ClientConnect(0,1,'CAN:Baud=Auto',0,0,0): ERR_HARDWARE_NOT_RESPONDING
Tue Dec 13 17:12:56.257 - [10316] RP1210_ClientConnect(0,1,'CAN:Baud=Auto',0,0,0): ERR_HARDWARE_NOT_RESPONDING
Tue Dec 13 17:12:56.263 - [10316] RP1210_ClientConnect(0,1,'CAN:Baud=Auto',0,0,0): ERR_HARDWARE_NOT_RESPONDING
Tue Dec 13 17:12:56.273 - [10316] RP1210_ClientConnect(0,1,'CAN:Baud=Auto',0,0,0): ERR_HARDWARE_NOT_RESPONDING
Tue Dec 13 17:12:56.278 - [10316] RP1210_ClientConnect(0,1,'CAN:Baud=Auto',0,0,0): ERR_HARDWARE_NOT_RESPONDING
Tue Dec 13 17:12:56.289 - [10316] RP1210_ClientConnect(0,1,'CAN:Baud=Auto',0,0,0): ERR_HARDWARE_NOT_RESPONDING
Tue Dec 13 17:12:56.294 - [10316] RP1210_ClientConnect(0,1,'CAN:Baud=Auto',0,0,0): ERR_HARDWARE_NOT_RESPONDING
Tue Dec 13 17:12:56.302 - [10316] RP1210_ClientConnect(0,1,'CAN:Baud=Auto',0,0,0): ERR_HARDWARE_NOT_RESPONDING
Tue Dec 13 17:12:56.308 - [10316] RP1210_ClientConnect(0,1,'CAN:Baud=Auto',0,0,0): ERR_HARDWARE_NOT_RESPONDING
Tue Dec 13 17:12:56.315 - [10316] RP1210_ClientConnect(0,1,'CAN:Baud=Auto',0,0,0): ERR_HARDWARE_NOT_RESPONDING
Tue Dec 13 17:12:56.323 - [10316] RP1210_ClientConnect(0,1,'CAN:Baud=Auto',0,0,0): ERR_HARDWARE_NOT_RESPONDING
Tue Dec 13 17:12:56.328 - [10316] RP1210_ClientConnect(0,1,'CAN:Baud=Auto',0,0,0): ERR_HARDWARE_NOT_RESPONDING
Tue Dec 13 17:12:56.337 - [10316] RP1210_ClientConnect(0,1,'CAN:Baud=Auto',0,0,0): ERR_HARDWARE_NOT_RESPONDING
Tue Dec 13 17:12:56.342 - [10316] RP1210_ClientConnect(0,1,'CAN:Baud=Auto',0,0,0): ERR_HARDWARE_NOT_RESPONDING
Tue Dec 13 17:12:56.350 - [10316] RP1210_ClientConnect(0,1,'CAN:Baud=Auto',0,0,0): ERR_HARDWARE_NOT_RESPONDING
Tue Dec 13 17:12:56.357 - [10316] RP1210_ClientConnect(0,1,'CAN:Baud=Auto',0,0,0): ERR_HARDWARE_NOT_RESPONDING
Tue Dec 13 17:12:56.362 - [10316] RP1210_ClientConnect(0,1,'CAN:Baud=Auto',0,0,0): ERR_HARDWARE_NOT_RESPONDING
Tue Dec 13 17:12:56.370 - [10316] RP1210_ClientConnect(0,1,'CAN:Baud=Auto',0,0,0): ERR_HARDWARE_NOT_RESPONDING
Tue Dec 13 17:12:56.375 - [10316] RP1210_ClientConnect(0,1,'CAN:Baud=Auto',0,0,0): ERR_HARDWARE_NOT_RESPONDING
Tue Dec 13 17:12:56.383 - [10316] RP1210_ClientConnect(0,1,'CAN:Baud=Auto',0,0,0): ERR_HARDWARE_NOT_RESPONDING
Tue Dec 13 17:12:56.389 - [10316] RP1210_ClientConnect(0,1,'CAN:Baud=Auto',0,0,0): ERR_HARDWARE_NOT_RESPONDING
Tue Dec 13 17:12:56.394 - [10316] RP1210_ClientConnect(0,1,'CAN:Baud=Auto',0,0,0): ERR_HARDWARE_NOT_RESPONDING
Tue Dec 13 17:12:56.405 - [10316] RP1210_ClientConnect(0,1,'CAN:Baud=Auto',0,0,0): ERR_HARDWARE_NOT_RESPONDING
Tue Dec 13 17:12:56.411 - [10316] RP1210_ClientConnect(0,1,'CAN:Baud=Auto',0,0,0): ERR_HARDWARE_NOT_RESPONDING
Tue Dec 13 17:12:56.421 - [10316] RP1210_ClientConnect(0,1,'CAN:Baud=Auto',0,0,0): ERR_HARDWARE_NOT_RESPONDING
Tue Dec 13 17:12:56.427 - [10316] RP1210_ClientConnect(0,1,'CAN:Baud=Auto',0,0,0): ERR_HARDWARE_NOT_RESPONDING
Tue Dec 13 17:12:56.435 - [10316] RP1210_ClientConnect(0,1,'CAN:Baud=Auto',0,0,0): ERR_HARDWARE_NOT_RESPONDING
Tue Dec 13 17:12:56.440 - [10316] RP1210_ClientConnect(0,1,'CAN:Baud=Auto',0,0,0): ERR_HARDWARE_NOT_RESPONDING
Tue Dec 13 17:12:56.445 - [10316] RP1210_ClientConnect(0,1,'CAN:Baud=Auto',0,0,0): ERR_HARDWARE_NOT_RESPONDING
Tue Dec 13 17:12:56.453 - [10316] RP1210_ClientConnect(0,1,'CAN:Baud=Auto',0,0,0): ERR_HARDWARE_NOT_RESPONDING
Tue Dec 13 17:12:56.458 - [10316] RP1210_ClientConnect(0,1,'CAN:Baud=Auto',0,0,0): ERR_HARDWARE_NOT_RESPONDING
Tue Dec 13 17:12:56.463 - [10316] RP1210_ClientConnect(0,1,'CAN:Baud=Auto',0,0,0): ERR_HARDWARE_NOT_RESPONDING
Tue Dec 13 17:12:56.473 - [10316] RP1210_ClientConnect(0,1,'CAN:Baud=Auto',0,0,0): ERR_HARDWARE_NOT_RESPONDING
Tue Dec 13 17:12:56.479 - [10316] RP1210_ClientConnect(0,1,'CAN:Baud=Auto',0,0,0): ERR_HARDWARE_NOT_RESPONDING
Tue Dec 13 17:12:56.489 - [10316] RP1210_ClientConnect(0,1,'CAN:Baud=Auto',0,0,0): ERR_HARDWARE_NOT_RESPONDING
Tue Dec 13 17:12:56.495 - [10316] RP1210_ClientConnect(0,1,'CAN:Baud=Auto',0,0,0): ERR_HARDWARE_NOT_RESPONDING
Tue Dec 13 17:12:56.503 - [10316] RP1210_ClientConnect(0,1,'CAN:Baud=Auto',0,0,0): ERR_HARDWARE_NOT_RESPONDING
Tue Dec 13 17:12:56.508 - [10316] RP1210_ClientConnect(0,1,'CAN:Baud=Auto',0,0,0): ERR_HARDWARE_NOT_RESPONDING
Tue Dec 13 17:12:56.513 - [10316] RP1210_ClientConnect(0,1,'CAN:Baud=Auto',0,0,0): ERR_HARDWARE_NOT_RESPONDING
Tue Dec 13 17:12:56.522 - [10316] RP1210_ClientConnect(0,1,'CAN:Baud=Auto',0,0,0): ERR_HARDWARE_NOT_RESPONDING
Tue Dec 13 17:12:56.527 - [10316] RP1210_ClientConnect(0,1,'CAN:Baud=Auto',0,0,0): ERR_HARDWARE_NOT_RESPONDING
Tue Dec 13 17:12:56.539 - [10316] RP1210_ClientConnect(0,1,'CAN:Baud=Auto',0,0,0): ERR_HARDWARE_NOT_RESPONDING
Tue Dec 13 17:12:56.545 - [10316] RP1210_ClientConnect(0,1,'CAN:Baud=Auto',0,0,0): ERR_HARDWARE_NOT_RESPONDING
Tue Dec 13 17:12:56.554 - [10316] RP1210_ClientConnect(0,1,'CAN:Baud=Auto',0,0,0): ERR_HARDWARE_NOT_RESPONDING
Tue Dec 13 17:12:56.563 - [10316] RP1210_ClientConnect(0,1,'CAN:Baud=Auto',0,0,0): ERR_HARDWARE_NOT_RESPONDING
Tue Dec 13 17:12:56.571 - [10316] RP1210_ClientConnect(0,1,'CAN:Baud=Auto',0,0,0): ERR_HARDWARE_NOT_RESPONDING
Tue Dec 13 17:12:56.576 - [10316] RP1210_ClientConnect(0,1,'CAN:Baud=Auto',0,0,0): ERR_HARDWARE_NOT_RESPONDING
Tue Dec 13 17:12:56.585 - [10316] RP1210_ClientConnect(0,1,'CAN:Baud=Auto',0,0,0): ERR_HARDWARE_NOT_RESPONDING
Tue Dec 13 17:12:56.591 - [10316] RP1210_ClientConnect(0,1,'CAN:Baud=Auto',0,0,0): ERR_HARDWARE_NOT_RESPONDING
Tue Dec 13 17:12:56.596 - [10316] RP1210_ClientConnect(0,1,'CAN:Baud=Auto',0,0,0): ERR_HARDWARE_NOT_RESPONDING
Tue Dec 13 17:12:56.607 - [10316] RP1210_ClientConnect(0,1,'CAN:Baud=Auto',0,0,0): ERR_HARDWARE_NOT_RESPONDING
Tue Dec 13 17:12:56.612 - [10316] RP1210_ClientConnect(0,1,'CAN:Baud=Auto',0,0,0): ERR_HARDWARE_NOT_RESPONDING
Tue Dec 13 17:12:56.623 - [10316] RP1210_ClientConnect(0,1,'CAN:Baud=Auto',0,0,0): ERR_HARDWARE_NOT_RESPONDING
Tue Dec 13 17:12:56.628 - [10316] RP1210_ClientConnect(0,1,'CAN:Baud=Auto',0,0,0): ERR_HARDWARE_NOT_RESPONDING
Tue Dec 13 17:12:56.635 - [10316] RP1210_ClientConnect(0,1,'CAN:Baud=Auto',0,0,0): ERR_HARDWARE_NOT_RESPONDING
Tue Dec 13 17:12:56.671 - [10316] RP1210_ClientConnect(0,1,'CAN:Baud=Auto',0,0,0): ERR_HARDWARE_NOT_RESPONDING
Tue Dec 13 17:12:56.677 - [10316] RP1210_ClientConnect(0,1,'CAN:Baud=Auto',0,0,0): ERR_HARDWARE_NOT_RESPONDING
Tue Dec 13 17:12:56.686 - [10316] RP1210_ClientConnect(0,1,'CAN:Baud=Auto',0,0,0): ERR_HARDWARE_NOT_RESPONDING
Tue Dec 13 17:12:56.692 - [10316] RP1210_ClientConnect(0,1,'CAN:Baud=Auto',0,0,0): ERR_HARDWARE_NOT_RESPONDING
Tue Dec 13 17:12:56.697 - [10316] RP1210_ClientConnect(0,1,'CAN:Baud=Auto',0,0,0): ERR_HARDWARE_NOT_RESPONDING
Tue Dec 13 17:12:56.705 - [10316] RP1210_ClientConnect(0,1,'CAN:Baud=Auto',0,0,0): ERR_HARDWARE_NOT_RESPONDING
Tue Dec 13 17:12:56.710 - [10316] RP1210_ClientConnect(0,1,'CAN:Baud=Auto',0,0,0): ERR_HARDWARE_NOT_RESPONDING
Tue Dec 13 17:12:56.720 - [10316] RP1210_ClientConnect(0,1,'CAN:Baud=Auto',0,0,0): ERR_HARDWARE_NOT_RESPONDING
Tue Dec 13 17:12:56.725 - [10316] RP1210_ClientConnect(0,1,'CAN:Baud=Auto',0,0,0): ERR_HARDWARE_NOT_RESPONDING
Tue Dec 13 17:12:56.730 - [10316] RP1210_ClientConnect(0,1,'CAN:Baud=Auto',0,0,0): ERR_HARDWARE_NOT_RESPONDING
Tue Dec 13 17:12:56.741 - [10316] RP1210_ClientConnect(0,1,'CAN:Baud=Auto',0,0,0): ERR_HARDWARE_NOT_RESPONDING
Tue Dec 13 17:12:56.746 - [10316] RP1210_ClientConnect(0,1,'CAN:Baud=Auto',0,0,0): ERR_HARDWARE_NOT_RESPONDING
Tue Dec 13 17:12:56.756 - [10316] RP1210_ClientConnect(0,1,'CAN:Baud=Auto',0,0,0): ERR_HARDWARE_NOT_RESPONDING
Tue Dec 13 17:12:56.761 - [10316] RP1210_ClientConnect(0,1,'CAN:Baud=Auto',0,0,0): ERR_HARDWARE_NOT_RESPONDING
Tue Dec 13 17:12:56.769 - [10316] RP1210_ClientConnect(0,1,'CAN:Baud=Auto',0,0,0): ERR_HARDWARE_NOT_RESPONDING
Tue Dec 13 17:12:56.774 - [10316] RP1210_ClientConnect(0,1,'CAN:Baud=Auto',0,0,0): ERR_HARDWARE_NOT_RESPONDING
Tue Dec 13 17:12:56.779 - [10316] RP1210_ClientConnect(0,1,'CAN:Baud=Auto',0,0,0): ERR_HARDWARE_NOT_RESPONDING
Tue Dec 13 17:12:56.788 - [10316] RP1210_ClientConnect(0,1,'CAN:Baud=Auto',0,0,0): ERR_HARDWARE_NOT_RESPONDING
Tue Dec 13 17:12:56.793 - [10316] RP1210_ClientConnect(0,1,'CAN:Baud=Auto',0,0,0): ERR_HARDWARE_NOT_RESPONDING
Tue Dec 13 17:12:56.801 - [10316] RP1210_ClientConnect(0,1,'CAN:Baud=Auto',0,0,0): ERR_HARDWARE_NOT_RESPONDING
Tue Dec 13 17:12:56.808 - [10316] RP1210_ClientConnect(0,1,'CAN:Baud=Auto',0,0,0): ERR_HARDWARE_NOT_RESPONDING
Tue Dec 13 17:12:56.813 - [10316] RP1210_ClientConnect(0,1,'CAN:Baud=Auto',0,0,0): ERR_HARDWARE_NOT_RESPONDING
Tue Dec 13 17:12:56.824 - [10316] RP1210_ClientConnect(0,1,'CAN:Baud=Auto',0,0,0): ERR_HARDWARE_NOT_RESPONDING
Tue Dec 13 17:12:56.830 - [10316] RP1210_ClientConnect(0,1,'CAN:Baud=Auto',0,0,0): ERR_HARDWARE_NOT_RESPONDING
Tue Dec 13 17:12:56.838 - [10316] RP1210_ClientConnect(0,1,'CAN:Baud=Auto',0,0,0): ERR_HARDWARE_NOT_RESPONDING
Tue Dec 13 17:12:56.843 - [10316] RP1210_ClientConnect(0,1,'CAN:Baud=Auto',0,0,0): ERR_HARDWARE_NOT_RESPONDING
Tue Dec 13 17:12:56.851 - [10316] RP1210_ClientConnect(0,1,'CAN:Baud=Auto',0,0,0): ERR_HARDWARE_NOT_RESPONDING
Tue Dec 13 17:12:56.857 - [10316] RP1210_ClientConnect(0,1,'CAN:Baud=Auto',0,0,0): ERR_HARDWARE_NOT_RESPONDING
Tue Dec 13 17:12:56.862 - [10316] RP1210_ClientConnect(0,1,'CAN:Baud=Auto',0,0,0): ERR_HARDWARE_NOT_RESPONDING
Tue Dec 13 17:12:56.872 - [10316] RP1210_ClientConnect(0,1,'CAN:Baud=Auto',0,0,0): ERR_HARDWARE_NOT_RESPONDING
Tue Dec 13 17:12:56.878 - [10316] RP1210_ClientConnect(0,1,'CAN:Baud=Auto',0,0,0): ERR_HARDWARE_NOT_RESPONDING
Tue Dec 13 17:12:56.888 - [10316] RP1210_ClientConnect(0,1,'CAN:Baud=Auto',0,0,0): ERR_HARDWARE_NOT_RESPONDING
Tue Dec 13 17:12:56.893 - [10316] RP1210_ClientConnect(0,1,'CAN:Baud=Auto',0,0,0): ERR_HARDWARE_NOT_RESPONDING
Tue Dec 13 17:12:56.901 - [10316] RP1210_ClientConnect(0,1,'CAN:Baud=Auto',0,0,0): ERR_HARDWARE_NOT_RESPONDING
Tue Dec 13 17:12:56.907 - [10316] RP1210_ClientConnect(0,1,'CAN:Baud=Auto',0,0,0): ERR_HARDWARE_NOT_RESPONDING
Tue Dec 13 17:12:56.913 - [10316] RP1210_ClientConnect(0,1,'CAN:Baud=Auto',0,0,0): ERR_HARDWARE_NOT_RESPONDING
Tue Dec 13 17:12:56.923 - [10316] RP1210_ClientConnect(0,1,'CAN:Baud=Auto',0,0,0): ERR_HARDWARE_NOT_RESPONDING
Tue Dec 13 17:12:56.929 - [10316] RP1210_ClientConnect(0,1,'CAN:Baud=Auto',0,0,0): ERR_HARDWARE_NOT_RESPONDING
Tue Dec 13 17:12:56.941 - [10316] RP1210_ClientConnect(0,1,'CAN:Baud=Auto',0,0,0): ERR_HARDWARE_NOT_RESPONDING
Tue Dec 13 17:12:56.947 - [10316] RP1210_ClientConnect(0,1,'CAN:Baud=Auto',0,0,0): ERR_HARDWARE_NOT_RESPONDING
Tue Dec 13 17:12:56.956 - [10316] RP1210_ClientConnect(0,1,'CAN:Baud=Auto',0,0,0): ERR_HARDWARE_NOT_RESPONDING
Tue Dec 13 17:12:56.961 - [10316] RP1210_ClientConnect(0,1,'CAN:Baud=Auto',0,0,0): ERR_HARDWARE_NOT_RESPONDING
Tue Dec 13 17:12:56.970 - [10316] RP1210_ClientConnect(0,1,'CAN:Baud=Auto',0,0,0): ERR_HARDWARE_NOT_RESPONDING
Tue Dec 13 17:12:56.976 - [10316] RP1210_ClientConnect(0,1,'CAN:Baud=Auto',0,0,0): ERR_HARDWARE_NOT_RESPONDING
Tue Dec 13 17:12:56.984 - [10316] RP1210_ClientConnect(0,1,'CAN:Baud=Auto',0,0,0): ERR_HARDWARE_NOT_RESPONDING
Tue Dec 13 17:12:56.989 - [10316] RP1210_ClientConnect(0,1,'CAN:Baud=Auto',0,0,0): ERR_HARDWARE_NOT_RESPONDING
Tue Dec 13 17:12:56.995 - [10316] RP1210_ClientConnect(0,1,'CAN:Baud=Auto',0,0,0): ERR_HARDWARE_NOT_RESPONDING
Tue Dec 13 17:12:57.006 - [10316] RP1210_ClientConnect(0,1,'CAN:Baud=Auto',0,0,0): ERR_HARDWARE_NOT_RESPONDING
Tue Dec 13 17:12:57.011 - [10316] RP1210_ClientConnect(0,1,'CAN:Baud=Auto',0,0,0): ERR_HARDWARE_NOT_RESPONDING
Tue Dec 13 17:12:57.021 - [10316] RP1210_ClientConnect(0,1,'CAN:Baud=Auto',0,0,0): ERR_HARDWARE_NOT_RESPONDING
Tue Dec 13 17:12:57.026 - [10316] RP1210_ClientConnect(0,1,'CAN:Baud=Auto',0,0,0): ERR_HARDWARE_NOT_RESPONDING
Tue Dec 13 17:12:57.033 - [10316] RP1210_ClientConnect(0,1,'CAN:Baud=Auto',0,0,0): ERR_HARDWARE_NOT_RESPONDING
Tue Dec 13 17:12:57.043 - [10316] RP1210_ClientConnect(0,1,'CAN:Baud=Auto',0,0,0): ERR_HARDWARE_NOT_RESPONDING
Tue Dec 13 17:12:57.048 - [10316] RP1210_ClientConnect(0,1,'CAN:Baud=Auto',0,0,0): ERR_HARDWARE_NOT_RESPONDING
Tue Dec 13 17:12:57.058 - [10316] RP1210_ClientConnect(0,1,'CAN:Baud=Auto',0,0,0): ERR_HARDWARE_NOT_RESPONDING
Tue Dec 13 17:12:57.064 - [10316] RP1210_ClientConnect(0,1,'CAN:Baud=Auto',0,0,0): ERR_HARDWARE_NOT_RESPONDING
Tue Dec 13 17:12:57.076 - [10316] RP1210_ClientConnect(0,1,'CAN:Baud=Auto',0,0,0): ERR_HARDWARE_NOT_RESPONDING
Tue Dec 13 17:12:57.084 - [10316] RP1210_ClientConnect(0,1,'CAN:Baud=Auto',0,0,0): ERR_HARDWARE_NOT_RESPONDING
Tue Dec 13 17:12:57.091 - [10316] RP1210_ClientConnect(0,1,'CAN:Baud=Auto',0,0,0): ERR_HARDWARE_NOT_RESPONDING
Tue Dec 13 17:12:57.096 - [10316] RP1210_ClientConnect(0,1,'CAN:Baud=Auto',0,0,0): ERR_HARDWARE_NOT_RESPONDING
Tue Dec 13 17:12:57.162 - [10316] RP1210_ClientConnect(0,1,'CAN:Baud=Auto',0,0,0): ERR_HARDWARE_NOT_RESPONDING
Tue Dec 13 17:12:57.173 - [10316] RP1210_ClientConnect(0,1,'CAN:Baud=Auto',0,0,0): ERR_HARDWARE_NOT_RESPONDING
[-----------------------------------------]
[ PEAK RP1210(C) LOG
[ Record start: Tue Dec 13 17:14:21 2022
[-----------------------------------------]
Tue Dec 13 17:14:21.956 - [03244] RP1210_ClientConnect(0,1,'CAN:Baud=Auto',0,0,0): 1
Tue Dec 13 17:14:26.772 - [07412] RP1210_ClientConnect(0,1,'CAN:Baud=Auto',0,0,0): 2
Tue Dec 13 17:14:36.675 - [18668] RP1210_ClientConnect(0,1,'CAN:Baud=Auto',0,0,0): 3
Tue Dec 13 17:14:36.682 - [18668] RP1210_ClientConnect(0,1,'CAN:Baud=Auto',0,0,0): 4
Tue Dec 13 17:14:36.692 - [18668] RP1210_ClientConnect(0,1,'CAN:Baud=Auto',0,0,0): 5
Tue Dec 13 17:14:36.699 - [18668] RP1210_ClientConnect(0,1,'CAN:Baud=Auto',0,0,0): 6
Tue Dec 13 17:14:36.708 - [18668] RP1210_ClientConnect(0,1,'CAN:Baud=Auto',0,0,0): 7
Tue Dec 13 17:14:36.715 - [18668] RP1210_ClientConnect(0,1,'CAN:Baud=Auto',0,0,0): 8
Tue Dec 13 17:14:36.725 - [18668] RP1210_ClientConnect(0,1,'CAN:Baud=Auto',0,0,0): 9
Tue Dec 13 17:14:36.731 - [18668] RP1210_ClientConnect(0,1,'CAN:Baud=Auto',0,0,0): 10
Tue Dec 13 17:14:36.741 - [18668] RP1210_ClientConnect(0,1,'CAN:Baud=Auto',0,0,0): 11
Tue Dec 13 17:14:36.748 - [18668] RP1210_ClientConnect(0,1,'CAN:Baud=Auto',0,0,0): 12
Tue Dec 13 17:14:36.757 - [18668] RP1210_ClientConnect(0,1,'CAN:Baud=Auto',0,0,0): 13
Tue Dec 13 17:14:36.764 - [18668] RP1210_ClientConnect(0,1,'CAN:Baud=Auto',0,0,0): 14
Tue Dec 13 17:14:36.772 - [18668] RP1210_ClientConnect(0,1,'CAN:Baud=Auto',0,0,0): 15
Tue Dec 13 17:14:36.780 - [18668] RP1210_ClientConnect(0,1,'CAN:Baud=Auto',0,0,0): 16
Tue Dec 13 17:14:36.787 - [18668] RP1210_ClientConnect(0,1,'CAN:Baud=Auto',0,0,0): 17
Tue Dec 13 17:14:36.794 - [18668] RP1210_ClientConnect(0,1,'CAN:Baud=Auto',0,0,0): 18
Tue Dec 13 17:14:36.801 - [18668] RP1210_ClientConnect(0,1,'CAN:Baud=Auto',0,0,0): 19
Tue Dec 13 17:14:36.809 - [18668] RP1210_ClientConnect(0,1,'CAN:Baud=Auto',0,0,0): 20
Tue Dec 13 17:14:36.816 - [18668] RP1210_ClientConnect(0,1,'CAN:Baud=Auto',0,0,0): 21
Tue Dec 13 17:14:36.824 - [18668] RP1210_ClientConnect(0,1,'CAN:Baud=Auto',0,0,0): 22
Tue Dec 13 17:14:36.831 - [18668] RP1210_ClientConnect(0,1,'CAN:Baud=Auto',0,0,0): 23
Tue Dec 13 17:14:36.839 - [18668] RP1210_ClientConnect(0,1,'CAN:Baud=Auto',0,0,0): 24
Tue Dec 13 17:14:36.846 - [18668] RP1210_ClientConnect(0,1,'CAN:Baud=Auto',0,0,0): 25
Tue Dec 13 17:14:36.852 - [18668] RP1210_ClientConnect(0,1,'CAN:Baud=Auto',0,0,0): 26
Tue Dec 13 17:14:36.860 - [18668] RP1210_ClientConnect(0,1,'CAN:Baud=Auto',0,0,0): 27
Tue Dec 13 17:14:36.866 - [18668] RP1210_ClientConnect(0,1,'CAN:Baud=Auto',0,0,0): 28
Tue Dec 13 17:14:36.872 - [18668] RP1210_ClientConnect(0,1,'CAN:Baud=Auto',0,0,0): 29
Tue Dec 13 17:14:36.878 - [18668] RP1210_ClientConnect(0,1,'CAN:Baud=Auto',0,0,0): 30
Tue Dec 13 17:14:36.884 - [18668] RP1210_ClientConnect(0,1,'CAN:Baud=Auto',0,0,0): 31
Tue Dec 13 17:14:36.891 - [18668] RP1210_ClientConnect(0,1,'CAN:Baud=Auto',0,0,0): 32
Tue Dec 13 17:14:36.898 - [18668] RP1210_ClientConnect(0,1,'CAN:Baud=Auto',0,0,0): 33
Tue Dec 13 17:14:36.905 - [18668] RP1210_ClientConnect(0,1,'CAN:Baud=Auto',0,0,0): 34
Tue Dec 13 17:14:36.911 - [18668] RP1210_ClientConnect(0,1,'CAN:Baud=Auto',0,0,0): 35
Tue Dec 13 17:14:36.917 - [18668] RP1210_ClientConnect(0,1,'CAN:Baud=Auto',0,0,0): 36
Tue Dec 13 17:14:36.925 - [18668] RP1210_ClientConnect(0,1,'CAN:Baud=Auto',0,0,0): 37
Tue Dec 13 17:14:36.931 - [18668] RP1210_ClientConnect(0,1,'CAN:Baud=Auto',0,0,0): 38
Tue Dec 13 17:14:36.938 - [18668] RP1210_ClientConnect(0,1,'CAN:Baud=Auto',0,0,0): 39
Tue Dec 13 17:14:36.946 - [18668] RP1210_ClientConnect(0,1,'CAN:Baud=Auto',0,0,0): 40
Tue Dec 13 17:14:36.953 - [18668] RP1210_ClientConnect(0,1,'CAN:Baud=Auto',0,0,0): 41
Tue Dec 13 17:14:36.963 - [18668] RP1210_ClientConnect(0,1,'CAN:Baud=Auto',0,0,0): 42
Tue Dec 13 17:14:36.971 - [18668] RP1210_ClientConnect(0,1,'CAN:Baud=Auto',0,0,0): 43
Tue Dec 13 17:14:36.978 - [18668] RP1210_ClientConnect(0,1,'CAN:Baud=Auto',0,0,0): 44
Tue Dec 13 17:14:36.984 - [18668] RP1210_ClientConnect(0,1,'CAN:Baud=Auto',0,0,0): 45
Tue Dec 13 17:14:36.992 - [18668] RP1210_ClientConnect(0,1,'CAN:Baud=Auto',0,0,0): 46
Tue Dec 13 17:14:36.998 - [18668] RP1210_ClientConnect(0,1,'CAN:Baud=Auto',0,0,0): 47
Tue Dec 13 17:14:37.005 - [18668] RP1210_ClientConnect(0,1,'CAN:Baud=Auto',0,0,0): 48
Tue Dec 13 17:14:37.012 - [18668] RP1210_ClientConnect(0,1,'CAN:Baud=Auto',0,0,0): 49
Tue Dec 13 17:14:37.018 - [18668] RP1210_ClientConnect(0,1,'CAN:Baud=Auto',0,0,0): 50
Tue Dec 13 17:14:37.026 - [18668] RP1210_ClientConnect(0,1,'CAN:Baud=Auto',0,0,0): 51
Tue Dec 13 17:14:37.032 - [18668] RP1210_ClientConnect(0,1,'CAN:Baud=Auto',0,0,0): 52
Tue Dec 13 17:14:37.038 - [18668] RP1210_ClientConnect(0,1,'CAN:Baud=Auto',0,0,0): 53
Tue Dec 13 17:14:37.045 - [18668] RP1210_ClientConnect(0,1,'CAN:Baud=Auto',0,0,0): 54
Tue Dec 13 17:14:37.051 - [18668] RP1210_ClientConnect(0,1,'CAN:Baud=Auto',0,0,0): 55
Tue Dec 13 17:14:37.058 - [18668] RP1210_ClientConnect(0,1,'CAN:Baud=Auto',0,0,0): 56
Tue Dec 13 17:14:37.064 - [18668] RP1210_ClientConnect(0,1,'CAN:Baud=Auto',0,0,0): 57
Tue Dec 13 17:14:37.072 - [18668] RP1210_ClientConnect(0,1,'CAN:Baud=Auto',0,0,0): 58
Tue Dec 13 17:14:37.079 - [18668] RP1210_ClientConnect(0,1,'CAN:Baud=Auto',0,0,0): 59
Tue Dec 13 17:14:37.085 - [18668] RP1210_ClientConnect(0,1,'CAN:Baud=Auto',0,0,0): 60
Tue Dec 13 17:14:37.092 - [18668] RP1210_ClientConnect(0,1,'CAN:Baud=Auto',0,0,0): 61
Tue Dec 13 17:14:37.098 - [18668] RP1210_ClientConnect(0,1,'CAN:Baud=Auto',0,0,0): 62
Tue Dec 13 17:14:37.106 - [18668] RP1210_ClientConnect(0,1,'CAN:Baud=Auto',0,0,0): 63
Tue Dec 13 17:14:37.113 - [18668] RP1210_ClientConnect(0,1,'CAN:Baud=Auto',0,0,0): ERR_HARDWARE_NOT_RESPONDING
Tue Dec 13 17:14:37.118 - [18668] RP1210_ClientConnect(0,1,'CAN:Baud=Auto',0,0,0): ERR_HARDWARE_NOT_RESPONDING
Tue Dec 13 17:14:37.126 - [18668] RP1210_ClientConnect(0,1,'CAN:Baud=Auto',0,0,0): ERR_HARDWARE_NOT_RESPONDING
Tue Dec 13 17:14:37.131 - [18668] RP1210_ClientConnect(0,1,'CAN:Baud=Auto',0,0,0): ERR_HARDWARE_NOT_RESPONDING
Tue Dec 13 17:14:37.139 - [18668] RP1210_ClientConnect(0,1,'CAN:Baud=Auto',0,0,0): ERR_HARDWARE_NOT_RESPONDING
Tue Dec 13 17:14:37.146 - [18668] RP1210_ClientConnect(0,1,'CAN:Baud=Auto',0,0,0): ERR_HARDWARE_NOT_RESPONDING
Tue Dec 13 17:14:37.151 - [18668] RP1210_ClientConnect(0,1,'CAN:Baud=Auto',0,0,0): ERR_HARDWARE_NOT_RESPONDING
Tue Dec 13 17:14:37.160 - [18668] RP1210_ClientConnect(0,1,'CAN:Baud=Auto',0,0,0): ERR_HARDWARE_NOT_RESPONDING
Tue Dec 13 17:14:37.166 - [18668] RP1210_ClientConnect(0,1,'CAN:Baud=Auto',0,0,0): ERR_HARDWARE_NOT_RESPONDING
Tue Dec 13 17:14:37.173 - [18668] RP1210_ClientConnect(0,1,'CAN:Baud=Auto',0,0,0): ERR_HARDWARE_NOT_RESPONDING
Tue Dec 13 17:14:37.179 - [18668] RP1210_ClientConnect(0,1,'CAN:Baud=Auto',0,0,0): ERR_HARDWARE_NOT_RESPONDING
Tue Dec 13 17:14:37.185 - [18668] RP1210_ClientConnect(0,1,'CAN:Baud=Auto',0,0,0): ERR_HARDWARE_NOT_RESPONDING
Tue Dec 13 17:14:37.193 - [18668] RP1210_ClientConnect(0,1,'CAN:Baud=Auto',0,0,0): ERR_HARDWARE_NOT_RESPONDING
Tue Dec 13 17:14:37.198 - [18668] RP1210_ClientConnect(0,1,'CAN:Baud=Auto',0,0,0): ERR_HARDWARE_NOT_RESPONDING
Tue Dec 13 17:14:37.204 - [18668] RP1210_ClientConnect(0,1,'CAN:Baud=Auto',0,0,0): ERR_HARDWARE_NOT_RESPONDING
Tue Dec 13 17:14:37.210 - [18668] RP1210_ClientConnect(0,1,'CAN:Baud=Auto',0,0,0): ERR_HARDWARE_NOT_RESPONDING
Tue Dec 13 17:14:37.216 - [18668] RP1210_ClientConnect(0,1,'CAN:Baud=Auto',0,0,0): ERR_HARDWARE_NOT_RESPONDING
Tue Dec 13 17:14:37.222 - [18668] RP1210_ClientConnect(0,1,'CAN:Baud=Auto',0,0,0): ERR_HARDWARE_NOT_RESPONDING
Tue Dec 13 17:14:37.228 - [18668] RP1210_ClientConnect(0,1,'CAN:Baud=Auto',0,0,0): ERR_HARDWARE_NOT_RESPONDING
Tue Dec 13 17:14:37.234 - [18668] RP1210_ClientConnect(0,1,'CAN:Baud=Auto',0,0,0): ERR_HARDWARE_NOT_RESPONDING
Tue Dec 13 17:14:37.245 - [18668] RP1210_ClientConnect(0,1,'CAN:Baud=Auto',0,0,0): ERR_HARDWARE_NOT_RESPONDING
Tue Dec 13 17:14:37.253 - [18668] RP1210_ClientConnect(0,1,'CAN:Baud=Auto',0,0,0): ERR_HARDWARE_NOT_RESPONDING
Tue Dec 13 17:14:37.261 - [18668] RP1210_ClientConnect(0,1,'CAN:Baud=Auto',0,0,0): ERR_HARDWARE_NOT_RESPONDING
Tue Dec 13 17:14:37.267 - [18668] RP1210_ClientConnect(0,1,'CAN:Baud=Auto',0,0,0): ERR_HARDWARE_NOT_RESPONDING
Tue Dec 13 17:14:37.273 - [18668] RP1210_ClientConnect(0,1,'CAN:Baud=Auto',0,0,0): ERR_HARDWARE_NOT_RESPONDING
Tue Dec 13 17:14:37.279 - [18668] RP1210_ClientConnect(0,1,'CAN:Baud=Auto',0,0,0): ERR_HARDWARE_NOT_RESPONDING
Tue Dec 13 17:14:37.285 - [18668] RP1210_ClientConnect(0,1,'CAN:Baud=Auto',0,0,0): ERR_HARDWARE_NOT_RESPONDING
Tue Dec 13 17:14:37.292 - [18668] RP1210_ClientConnect(0,1,'CAN:Baud=Auto',0,0,0): ERR_HARDWARE_NOT_RESPONDING
Tue Dec 13 17:14:37.298 - [18668] RP1210_ClientConnect(0,1,'CAN:Baud=Auto',0,0,0): ERR_HARDWARE_NOT_RESPONDING
Tue Dec 13 17:14:37.304 - [18668] RP1210_ClientConnect(0,1,'CAN:Baud=Auto',0,0,0): ERR_HARDWARE_NOT_RESPONDING
Tue Dec 13 17:14:37.310 - [18668] RP1210_ClientConnect(0,1,'CAN:Baud=Auto',0,0,0): ERR_HARDWARE_NOT_RESPONDING
Tue Dec 13 17:14:37.316 - [18668] RP1210_ClientConnect(0,1,'CAN:Baud=Auto',0,0,0): ERR_HARDWARE_NOT_RESPONDING
Tue Dec 13 17:14:37.322 - [18668] RP1210_ClientConnect(0,1,'CAN:Baud=Auto',0,0,0): ERR_HARDWARE_NOT_RESPONDING
Tue Dec 13 17:14:37.328 - [18668] RP1210_ClientConnect(0,1,'CAN:Baud=Auto',0,0,0): ERR_HARDWARE_NOT_RESPONDING
Tue Dec 13 17:14:37.334 - [18668] RP1210_ClientConnect(0,1,'CAN:Baud=Auto',0,0,0): ERR_HARDWARE_NOT_RESPONDING
Tue Dec 13 17:14:37.341 - [18668] RP1210_ClientConnect(0,1,'CAN:Baud=Auto',0,0,0): ERR_HARDWARE_NOT_RESPONDING
Tue Dec 13 17:14:37.347 - [18668] RP1210_ClientConnect(0,1,'CAN:Baud=Auto',0,0,0): ERR_HARDWARE_NOT_RESPONDING
Tue Dec 13 17:14:37.352 - [18668] RP1210_ClientConnect(0,1,'CAN:Baud=Auto',0,0,0): ERR_HARDWARE_NOT_RESPONDING
Tue Dec 13 17:14:37.358 - [18668] RP1210_ClientConnect(0,1,'CAN:Baud=Auto',0,0,0): ERR_HARDWARE_NOT_RESPONDING
Tue Dec 13 17:14:37.364 - [18668] RP1210_ClientConnect(0,1,'CAN:Baud=Auto',0,0,0): ERR_HARDWARE_NOT_RESPONDING
Tue Dec 13 17:14:37.370 - [18668] RP1210_ClientConnect(0,1,'CAN:Baud=Auto',0,0,0): ERR_HARDWARE_NOT_RESPONDING
Tue Dec 13 17:14:37.377 - [18668] RP1210_ClientConnect(0,1,'CAN:Baud=Auto',0,0,0): ERR_HARDWARE_NOT_RESPONDING
Tue Dec 13 17:14:37.383 - [18668] RP1210_ClientConnect(0,1,'CAN:Baud=Auto',0,0,0): ERR_HARDWARE_NOT_RESPONDING
Tue Dec 13 17:14:37.389 - [18668] RP1210_ClientConnect(0,1,'CAN:Baud=Auto',0,0,0): ERR_HARDWARE_NOT_RESPONDING
Tue Dec 13 17:14:37.395 - [18668] RP1210_ClientConnect(0,1,'CAN:Baud=Auto',0,0,0): ERR_HARDWARE_NOT_RESPONDING
Tue Dec 13 17:14:37.400 - [18668] RP1210_ClientConnect(0,1,'CAN:Baud=Auto',0,0,0): ERR_HARDWARE_NOT_RESPONDING
Tue Dec 13 17:14:37.407 - [18668] RP1210_ClientConnect(0,1,'CAN:Baud=Auto',0,0,0): ERR_HARDWARE_NOT_RESPONDING
Tue Dec 13 17:14:37.412 - [18668] RP1210_ClientConnect(0,1,'CAN:Baud=Auto',0,0,0): ERR_HARDWARE_NOT_RESPONDING
Tue Dec 13 17:14:37.417 - [18668] RP1210_ClientConnect(0,1,'CAN:Baud=Auto',0,0,0): ERR_HARDWARE_NOT_RESPONDING
Tue Dec 13 17:14:37.423 - [18668] RP1210_ClientConnect(0,1,'CAN:Baud=Auto',0,0,0): ERR_HARDWARE_NOT_RESPONDING
Tue Dec 13 17:14:37.428 - [18668] RP1210_ClientConnect(0,1,'CAN:Baud=Auto',0,0,0): ERR_HARDWARE_NOT_RESPONDING
Tue Dec 13 17:14:37.433 - [18668] RP1210_ClientConnect(0,1,'CAN:Baud=Auto',0,0,0): ERR_HARDWARE_NOT_RESPONDING
Tue Dec 13 17:14:37.439 - [18668] RP1210_ClientConnect(0,1,'CAN:Baud=Auto',0,0,0): ERR_HARDWARE_NOT_RESPONDING
Tue Dec 13 17:14:37.444 - [18668] RP1210_ClientConnect(0,1,'CAN:Baud=Auto',0,0,0): ERR_HARDWARE_NOT_RESPONDING
Tue Dec 13 17:14:37.450 - [18668] RP1210_ClientConnect(0,1,'CAN:Baud=Auto',0,0,0): ERR_HARDWARE_NOT_RESPONDING
Tue Dec 13 17:14:37.456 - [18668] RP1210_ClientConnect(0,1,'CAN:Baud=Auto',0,0,0): ERR_HARDWARE_NOT_RESPONDING
Tue Dec 13 17:14:37.462 - [18668] RP1210_ClientConnect(0,1,'CAN:Baud=Auto',0,0,0): ERR_HARDWARE_NOT_RESPONDING
Tue Dec 13 17:14:37.467 - [18668] RP1210_ClientConnect(0,1,'CAN:Baud=Auto',0,0,0): ERR_HARDWARE_NOT_RESPONDING
Tue Dec 13 17:14:37.473 - [18668] RP1210_ClientConnect(0,1,'CAN:Baud=Auto',0,0,0): ERR_HARDWARE_NOT_RESPONDING
Tue Dec 13 17:14:37.478 - [18668] RP1210_ClientConnect(0,1,'CAN:Baud=Auto',0,0,0): ERR_HARDWARE_NOT_RESPONDING
Tue Dec 13 17:14:37.483 - [18668] RP1210_ClientConnect(0,1,'CAN:Baud=Auto',0,0,0): ERR_HARDWARE_NOT_RESPONDING
Tue Dec 13 17:14:37.489 - [18668] RP1210_ClientConnect(0,1,'CAN:Baud=Auto',0,0,0): ERR_HARDWARE_NOT_RESPONDING
Tue Dec 13 17:14:37.494 - [18668] RP1210_ClientConnect(0,1,'CAN:Baud=Auto',0,0,0): ERR_HARDWARE_NOT_RESPONDING
Tue Dec 13 17:14:37.499 - [18668] RP1210_ClientConnect(0,1,'CAN:Baud=Auto',0,0,0): ERR_HARDWARE_NOT_RESPONDING
Tue Dec 13 17:14:37.507 - [18668] RP1210_ClientConnect(0,1,'CAN:Baud=Auto',0,0,0): ERR_HARDWARE_NOT_RESPONDING
Tue Dec 13 17:14:37.514 - [18668] RP1210_ClientConnect(0,1,'CAN:Baud=Auto',0,0,0): ERR_HARDWARE_NOT_RESPONDING
Tue Dec 13 17:14:37.519 - [18668] RP1210_ClientConnect(0,1,'CAN:Baud=Auto',0,0,0): ERR_HARDWARE_NOT_RESPONDING
Tue Dec 13 17:14:37.527 - [18668] RP1210_ClientConnect(0,1,'CAN:Baud=Auto',0,0,0): ERR_HARDWARE_NOT_RESPONDING
Tue Dec 13 17:14:37.533 - [18668] RP1210_ClientConnect(0,1,'CAN:Baud=Auto',0,0,0): ERR_HARDWARE_NOT_RESPONDING
Tue Dec 13 17:14:37.540 - [18668] RP1210_ClientConnect(0,1,'CAN:Baud=Auto',0,0,0): ERR_HARDWARE_NOT_RESPONDING
Tue Dec 13 17:14:37.546 - [18668] RP1210_ClientConnect(0,1,'CAN:Baud=Auto',0,0,0): ERR_HARDWARE_NOT_RESPONDING
Tue Dec 13 17:14:37.551 - [18668] RP1210_ClientConnect(0,1,'CAN:Baud=Auto',0,0,0): ERR_HARDWARE_NOT_RESPONDING
Tue Dec 13 17:14:37.558 - [18668] RP1210_ClientConnect(0,1,'CAN:Baud=Auto',0,0,0): ERR_HARDWARE_NOT_RESPONDING
Tue Dec 13 17:14:37.563 - [18668] RP1210_ClientConnect(0,1,'CAN:Baud=Auto',0,0,0): ERR_HARDWARE_NOT_RESPONDING
Tue Dec 13 17:14:37.569 - [18668] RP1210_ClientConnect(0,1,'CAN:Baud=Auto',0,0,0): ERR_HARDWARE_NOT_RESPONDING
Tue Dec 13 17:14:37.576 - [18668] RP1210_ClientConnect(0,1,'CAN:Baud=Auto',0,0,0): ERR_HARDWARE_NOT_RESPONDING
Tue Dec 13 17:14:37.582 - [18668] RP1210_ClientConnect(0,1,'CAN:Baud=Auto',0,0,0): ERR_HARDWARE_NOT_RESPONDING
Tue Dec 13 17:14:37.589 - [18668] RP1210_ClientConnect(0,1,'CAN:Baud=Auto',0,0,0): ERR_HARDWARE_NOT_RESPONDING
Tue Dec 13 17:14:37.595 - [18668] RP1210_ClientConnect(0,1,'CAN:Baud=Auto',0,0,0): ERR_HARDWARE_NOT_RESPONDING
Tue Dec 13 17:14:37.600 - [18668] RP1210_ClientConnect(0,1,'CAN:Baud=Auto',0,0,0): ERR_HARDWARE_NOT_RESPONDING
Tue Dec 13 17:14:37.607 - [18668] RP1210_ClientConnect(0,1,'CAN:Baud=Auto',0,0,0): ERR_HARDWARE_NOT_RESPONDING
Tue Dec 13 17:14:37.612 - [18668] RP1210_ClientConnect(0,1,'CAN:Baud=Auto',0,0,0): ERR_HARDWARE_NOT_RESPONDING
Tue Dec 13 17:14:37.618 - [18668] RP1210_ClientConnect(0,1,'CAN:Baud=Auto',0,0,0): ERR_HARDWARE_NOT_RESPONDING
Tue Dec 13 17:14:37.625 - [18668] RP1210_ClientConnect(0,1,'CAN:Baud=Auto',0,0,0): ERR_HARDWARE_NOT_RESPONDING
Tue Dec 13 17:14:37.631 - [18668] RP1210_ClientConnect(0,1,'CAN:Baud=Auto',0,0,0): ERR_HARDWARE_NOT_RESPONDING
Tue Dec 13 17:14:37.636 - [18668] RP1210_ClientConnect(0,1,'CAN:Baud=Auto',0,0,0): ERR_HARDWARE_NOT_RESPONDING
Tue Dec 13 17:14:37.644 - [18668] RP1210_ClientConnect(0,1,'CAN:Baud=Auto',0,0,0): ERR_HARDWARE_NOT_RESPONDING
Tue Dec 13 17:14:37.649 - [18668] RP1210_ClientConnect(0,1,'CAN:Baud=Auto',0,0,0): ERR_HARDWARE_NOT_RESPONDING
Tue Dec 13 17:14:37.656 - [18668] RP1210_ClientConnect(0,1,'CAN:Baud=Auto',0,0,0): ERR_HARDWARE_NOT_RESPONDING
Tue Dec 13 17:14:37.662 - [18668] RP1210_ClientConnect(0,1,'CAN:Baud=Auto',0,0,0): ERR_HARDWARE_NOT_RESPONDING
Tue Dec 13 17:14:37.667 - [18668] RP1210_ClientConnect(0,1,'CAN:Baud=Auto',0,0,0): ERR_HARDWARE_NOT_RESPONDING
Tue Dec 13 17:14:37.674 - [18668] RP1210_ClientConnect(0,1,'CAN:Baud=Auto',0,0,0): ERR_HARDWARE_NOT_RESPONDING
Tue Dec 13 17:14:37.680 - [18668] RP1210_ClientConnect(0,1,'CAN:Baud=Auto',0,0,0): ERR_HARDWARE_NOT_RESPONDING
Tue Dec 13 17:14:37.686 - [18668] RP1210_ClientConnect(0,1,'CAN:Baud=Auto',0,0,0): ERR_HARDWARE_NOT_RESPONDING
Tue Dec 13 17:14:37.693 - [18668] RP1210_ClientConnect(0,1,'CAN:Baud=Auto',0,0,0): ERR_HARDWARE_NOT_RESPONDING
Tue Dec 13 17:14:37.698 - [18668] RP1210_ClientConnect(0,1,'CAN:Baud=Auto',0,0,0): ERR_HARDWARE_NOT_RESPONDING
Tue Dec 13 17:14:37.704 - [18668] RP1210_ClientConnect(0,1,'CAN:Baud=Auto',0,0,0): ERR_HARDWARE_NOT_RESPONDING
Tue Dec 13 17:14:37.711 - [18668] RP1210_ClientConnect(0,1,'CAN:Baud=Auto',0,0,0): ERR_HARDWARE_NOT_RESPONDING
Tue Dec 13 17:14:37.716 - [18668] RP1210_ClientConnect(0,1,'CAN:Baud=Auto',0,0,0): ERR_HARDWARE_NOT_RESPONDING
Tue Dec 13 17:14:37.723 - [18668] RP1210_ClientConnect(0,1,'CAN:Baud=Auto',0,0,0): ERR_HARDWARE_NOT_RESPONDING
Tue Dec 13 17:14:37.729 - [18668] RP1210_ClientConnect(0,1,'CAN:Baud=Auto',0,0,0): ERR_HARDWARE_NOT_RESPONDING
Tue Dec 13 17:14:37.734 - [18668] RP1210_ClientConnect(0,1,'CAN:Baud=Auto',0,0,0): ERR_HARDWARE_NOT_RESPONDING
Tue Dec 13 17:14:37.742 - [18668] RP1210_ClientConnect(0,1,'CAN:Baud=Auto',0,0,0): ERR_HARDWARE_NOT_RESPONDING
Tue Dec 13 17:14:37.748 - [18668] RP1210_ClientConnect(0,1,'CAN:Baud=Auto',0,0,0): ERR_HARDWARE_NOT_RESPONDING
Tue Dec 13 17:14:37.753 - [18668] RP1210_ClientConnect(0,1,'CAN:Baud=Auto',0,0,0): ERR_HARDWARE_NOT_RESPONDING
Tue Dec 13 17:14:37.759 - [18668] RP1210_ClientConnect(0,1,'CAN:Baud=Auto',0,0,0): ERR_HARDWARE_NOT_RESPONDING
Tue Dec 13 17:14:37.765 - [18668] RP1210_ClientConnect(0,1,'CAN:Baud=Auto',0,0,0): ERR_HARDWARE_NOT_RESPONDING
Tue Dec 13 17:14:37.770 - [18668] RP1210_ClientConnect(0,1,'CAN:Baud=Auto',0,0,0): ERR_HARDWARE_NOT_RESPONDING
Tue Dec 13 17:14:37.777 - [18668] RP1210_ClientConnect(0,1,'CAN:Baud=Auto',0,0,0): ERR_HARDWARE_NOT_RESPONDING
Tue Dec 13 17:14:37.782 - [18668] RP1210_ClientConnect(0,1,'CAN:Baud=Auto',0,0,0): ERR_HARDWARE_NOT_RESPONDING
Tue Dec 13 17:14:37.787 - [18668] RP1210_ClientConnect(0,1,'CAN:Baud=Auto',0,0,0): ERR_HARDWARE_NOT_RESPONDING
Tue Dec 13 17:14:37.795 - [18668] RP1210_ClientConnect(0,1,'CAN:Baud=Auto',0,0,0): ERR_HARDWARE_NOT_RESPONDING
Tue Dec 13 17:14:37.802 - [18668] RP1210_ClientConnect(0,1,'CAN:Baud=Auto',0,0,0): ERR_HARDWARE_NOT_RESPONDING
Tue Dec 13 17:14:37.809 - [18668] RP1210_ClientConnect(0,1,'CAN:Baud=Auto',0,0,0): ERR_HARDWARE_NOT_RESPONDING
Tue Dec 13 17:14:37.814 - [18668] RP1210_ClientConnect(0,1,'CAN:Baud=Auto',0,0,0): ERR_HARDWARE_NOT_RESPONDING
Tue Dec 13 17:14:37.820 - [18668] RP1210_ClientConnect(0,1,'CAN:Baud=Auto',0,0,0): ERR_HARDWARE_NOT_RESPONDING
Tue Dec 13 17:14:37.827 - [18668] RP1210_ClientConnect(0,1,'CAN:Baud=Auto',0,0,0): ERR_HARDWARE_NOT_RESPONDING
Tue Dec 13 17:14:37.832 - [18668] RP1210_ClientConnect(0,1,'CAN:Baud=Auto',0,0,0): ERR_HARDWARE_NOT_RESPONDING
Tue Dec 13 17:14:37.837 - [18668] RP1210_ClientConnect(0,1,'CAN:Baud=Auto',0,0,0): ERR_HARDWARE_NOT_RESPONDING
Tue Dec 13 17:14:37.844 - [18668] RP1210_ClientConnect(0,1,'CAN:Baud=Auto',0,0,0): ERR_HARDWARE_NOT_RESPONDING
Tue Dec 13 17:14:37.849 - [18668] RP1210_ClientConnect(0,1,'CAN:Baud=Auto',0,0,0): ERR_HARDWARE_NOT_RESPONDING
Tue Dec 13 17:14:37.855 - [18668] RP1210_ClientConnect(0,1,'CAN:Baud=Auto',0,0,0): ERR_HARDWARE_NOT_RESPONDING
Tue Dec 13 17:14:37.861 - [18668] RP1210_ClientConnect(0,1,'CAN:Baud=Auto',0,0,0): ERR_HARDWARE_NOT_RESPONDING
Tue Dec 13 17:14:37.869 - [18668] RP1210_ClientConnect(0,1,'CAN:Baud=Auto',0,0,0): ERR_HARDWARE_NOT_RESPONDING
Tue Dec 13 17:14:37.877 - [18668] RP1210_ClientConnect(0,1,'CAN:Baud=Auto',0,0,0): ERR_HARDWARE_NOT_RESPONDING
Tue Dec 13 17:14:37.885 - [18668] RP1210_ClientConnect(0,1,'CAN:Baud=Auto',0,0,0): ERR_HARDWARE_NOT_RESPONDING
Tue Dec 13 17:14:37.892 - [18668] RP1210_ClientConnect(0,1,'CAN:Baud=Auto',0,0,0): ERR_HARDWARE_NOT_RESPONDING
Tue Dec 13 17:14:37.897 - [18668] RP1210_ClientConnect(0,1,'CAN:Baud=Auto',0,0,0): ERR_HARDWARE_NOT_RESPONDING
Tue Dec 13 17:14:37.904 - [18668] RP1210_ClientConnect(0,1,'CAN:Baud=Auto',0,0,0): ERR_HARDWARE_NOT_RESPONDING
Tue Dec 13 17:14:37.928 - [18668] RP1210_ClientConnect(0,1,'CAN:Baud=Auto',0,0,0): ERR_HARDWARE_NOT_RESPONDING
Tue Dec 13 17:14:37.935 - [18668] RP1210_ClientConnect(0,1,'CAN:Baud=Auto',0,0,0): ERR_HARDWARE_NOT_RESPONDING
Tue Dec 13 17:14:37.980 - [18668] RP1210_ClientConnect(0,1,'CAN:Baud=Auto',0,0,0): ERR_HARDWARE_NOT_RESPONDING
Tue Dec 13 17:14:38.013 - [18668] RP1210_ClientConnect(0,1,'CAN:Baud=Auto',0,0,0): ERR_HARDWARE_NOT_RESPONDING
Tue Dec 13 17:14:38.044 - [18668] RP1210_ClientConnect(0,1,'CAN:Baud=Auto',0,0,0): ERR_HARDWARE_NOT_RESPONDING
Tue Dec 13 17:14:38.053 - [18668] RP1210_ClientConnect(0,1,'CAN:Baud=Auto',0,0,0): ERR_HARDWARE_NOT_RESPONDING
Tue Dec 13 17:14:38.079 - [18668] RP1210_ClientConnect(0,1,'CAN:Baud=Auto',0,0,0): ERR_HARDWARE_NOT_RESPONDING
Tue Dec 13 17:14:38.094 - [18668] RP1210_ClientConnect(0,1,'CAN:Baud=Auto',0,0,0): ERR_HARDWARE_NOT_RESPONDING
Tue Dec 13 17:14:38.110 - [18668] RP1210_ClientConnect(0,1,'CAN:Baud=Auto',0,0,0): ERR_HARDWARE_NOT_RESPONDING
Tue Dec 13 17:14:38.121 - [18668] RP1210_ClientConnect(0,1,'CAN:Baud=Auto',0,0,0): ERR_HARDWARE_NOT_RESPONDING
Tue Dec 13 17:14:38.132 - [18668] RP1210_ClientConnect(0,1,'CAN:Baud=Auto',0,0,0): ERR_HARDWARE_NOT_RESPONDING
Tue Dec 13 17:14:38.149 - [18668] RP1210_ClientConnect(0,1,'CAN:Baud=Auto',0,0,0): ERR_HARDWARE_NOT_RESPONDING
Tue Dec 13 17:14:38.154 - [18668] RP1210_ClientConnect(0,1,'CAN:Baud=Auto',0,0,0): ERR_HARDWARE_NOT_RESPONDING
Tue Dec 13 17:14:38.164 - [18668] RP1210_ClientConnect(0,1,'CAN:Baud=Auto',0,0,0): ERR_HARDWARE_NOT_RESPONDING
Tue Dec 13 17:14:38.170 - [18668] RP1210_ClientConnect(0,1,'CAN:Baud=Auto',0,0,0): ERR_HARDWARE_NOT_RESPONDING
Tue Dec 13 17:14:38.179 - [18668] RP1210_ClientConnect(0,1,'CAN:Baud=Auto',0,0,0): ERR_HARDWARE_NOT_RESPONDING
Tue Dec 13 17:14:38.185 - [18668] RP1210_ClientConnect(0,1,'CAN:Baud=Auto',0,0,0): ERR_HARDWARE_NOT_RESPONDING
Tue Dec 13 17:14:38.192 - [18668] RP1210_ClientConnect(0,1,'CAN:Baud=Auto',0,0,0): ERR_HARDWARE_NOT_RESPONDING
Tue Dec 13 17:14:38.199 - [18668] RP1210_ClientConnect(0,1,'CAN:Baud=Auto',0,0,0): ERR_HARDWARE_NOT_RESPONDING
Tue Dec 13 17:14:38.204 - [18668] RP1210_ClientConnect(0,1,'CAN:Baud=Auto',0,0,0): ERR_HARDWARE_NOT_RESPONDING
Tue Dec 13 17:14:38.213 - [18668] RP1210_ClientConnect(0,1,'CAN:Baud=Auto',0,0,0): ERR_HARDWARE_NOT_RESPONDING
Tue Dec 13 17:14:38.219 - [18668] RP1210_ClientConnect(0,1,'CAN:Baud=Auto',0,0,0): ERR_HARDWARE_NOT_RESPONDING
Tue Dec 13 17:14:38.229 - [18668] RP1210_ClientConnect(0,1,'CAN:Baud=Auto',0,0,0): ERR_HARDWARE_NOT_RESPONDING
Tue Dec 13 17:14:38.234 - [18668] RP1210_ClientConnect(0,1,'CAN:Baud=Auto',0,0,0): ERR_HARDWARE_NOT_RESPONDING
Tue Dec 13 17:14:38.243 - [18668] RP1210_ClientConnect(0,1,'CAN:Baud=Auto',0,0,0): ERR_HARDWARE_NOT_RESPONDING
Tue Dec 13 17:14:38.252 - [18668] RP1210_ClientConnect(0,1,'CAN:Baud=Auto',0,0,0): ERR_HARDWARE_NOT_RESPONDING
Tue Dec 13 17:14:38.264 - [18668] RP1210_ClientConnect(0,1,'CAN:Baud=Auto',0,0,0): ERR_HARDWARE_NOT_RESPONDING
Tue Dec 13 17:14:38.269 - [18668] RP1210_ClientConnect(0,1,'CAN:Baud=Auto',0,0,0): ERR_HARDWARE_NOT_RESPONDING
Tue Dec 13 17:14:38.278 - [18668] RP1210_ClientConnect(0,1,'CAN:Baud=Auto',0,0,0): ERR_HARDWARE_NOT_RESPONDING
Tue Dec 13 17:14:38.284 - [18668] RP1210_ClientConnect(0,1,'CAN:Baud=Auto',0,0,0): ERR_HARDWARE_NOT_RESPONDING
Tue Dec 13 17:14:38.292 - [18668] RP1210_ClientConnect(0,1,'CAN:Baud=Auto',0,0,0): ERR_HARDWARE_NOT_RESPONDING
Tue Dec 13 17:14:38.299 - [18668] RP1210_ClientConnect(0,1,'CAN:Baud=Auto',0,0,0): ERR_HARDWARE_NOT_RESPONDING
Tue Dec 13 17:14:38.304 - [18668] RP1210_ClientConnect(0,1,'CAN:Baud=Auto',0,0,0): ERR_HARDWARE_NOT_RESPONDING
Tue Dec 13 17:14:38.314 - [18668] RP1210_ClientConnect(0,1,'CAN:Baud=Auto',0,0,0): ERR_HARDWARE_NOT_RESPONDING
Tue Dec 13 17:14:38.319 - [18668] RP1210_ClientConnect(0,1,'CAN:Baud=Auto',0,0,0): ERR_HARDWARE_NOT_RESPONDING
Tue Dec 13 17:14:38.327 - [18668] RP1210_ClientConnect(0,1,'CAN:Baud=Auto',0,0,0): ERR_HARDWARE_NOT_RESPONDING
Tue Dec 13 17:14:38.333 - [18668] RP1210_ClientConnect(0,1,'CAN:Baud=Auto',0,0,0): ERR_HARDWARE_NOT_RESPONDING
Tue Dec 13 17:14:38.343 - [18668] RP1210_ClientConnect(0,1,'CAN:Baud=Auto',0,0,0): ERR_HARDWARE_NOT_RESPONDING
Tue Dec 13 17:14:38.351 - [18668] RP1210_ClientConnect(0,1,'CAN:Baud=Auto',0,0,0): ERR_HARDWARE_NOT_RESPONDING
Tue Dec 13 17:14:38.359 - [18668] RP1210_ClientConnect(0,1,'CAN:Baud=Auto',0,0,0): ERR_HARDWARE_NOT_RESPONDING
Tue Dec 13 17:14:38.366 - [18668] RP1210_ClientConnect(0,1,'CAN:Baud=Auto',0,0,0): ERR_HARDWARE_NOT_RESPONDING
Tue Dec 13 17:14:38.373 - [18668] RP1210_ClientConnect(0,1,'CAN:Baud=Auto',0,0,0): ERR_HARDWARE_NOT_RESPONDING
Tue Dec 13 17:14:38.381 - [18668] RP1210_ClientConnect(0,1,'CAN:Baud=Auto',0,0,0): ERR_HARDWARE_NOT_RESPONDING
Tue Dec 13 17:14:38.386 - [18668] RP1210_ClientConnect(0,1,'CAN:Baud=Auto',0,0,0): ERR_HARDWARE_NOT_RESPONDING
Tue Dec 13 17:14:38.395 - [18668] RP1210_ClientConnect(0,1,'CAN:Baud=Auto',0,0,0): ERR_HARDWARE_NOT_RESPONDING
Tue Dec 13 17:14:38.400 - [18668] RP1210_ClientConnect(0,1,'CAN:Baud=Auto',0,0,0): ERR_HARDWARE_NOT_RESPONDING
Tue Dec 13 17:14:38.408 - [18668] RP1210_ClientConnect(0,1,'CAN:Baud=Auto',0,0,0): ERR_HARDWARE_NOT_RESPONDING
Tue Dec 13 17:14:38.415 - [18668] RP1210_ClientConnect(0,1,'CAN:Baud=Auto',0,0,0): ERR_HARDWARE_NOT_RESPONDING
Tue Dec 13 17:14:38.420 - [18668] RP1210_ClientConnect(0,1,'CAN:Baud=Auto',0,0,0): ERR_HARDWARE_NOT_RESPONDING
Tue Dec 13 17:14:38.431 - [18668] RP1210_ClientConnect(0,1,'CAN:Baud=Auto',0,0,0): ERR_HARDWARE_NOT_RESPONDING
Tue Dec 13 17:14:38.436 - [18668] RP1210_ClientConnect(0,1,'CAN:Baud=Auto',0,0,0): ERR_HARDWARE_NOT_RESPONDING
Tue Dec 13 17:14:38.448 - [18668] RP1210_ClientConnect(0,1,'CAN:Baud=Auto',0,0,0): ERR_HARDWARE_NOT_RESPONDING
Tue Dec 13 17:14:38.453 - [18668] RP1210_ClientConnect(0,1,'CAN:Baud=Auto',0,0,0): ERR_HARDWARE_NOT_RESPONDING
Tue Dec 13 17:14:38.464 - [18668] RP1210_ClientConnect(0,1,'CAN:Baud=Auto',0,0,0): ERR_HARDWARE_NOT_RESPONDING
Tue Dec 13 17:14:38.470 - [18668] RP1210_ClientConnect(0,1,'CAN:Baud=Auto',0,0,0): ERR_HARDWARE_NOT_RESPONDING
Tue Dec 13 17:14:38.481 - [18668] RP1210_ClientConnect(0,1,'CAN:Baud=Auto',0,0,0): ERR_HARDWARE_NOT_RESPONDING
Tue Dec 13 17:14:38.486 - [18668] RP1210_ClientConnect(0,1,'CAN:Baud=Auto',0,0,0): ERR_HARDWARE_NOT_RESPONDING
Tue Dec 13 17:14:38.493 - [18668] RP1210_ClientConnect(0,1,'CAN:Baud=Auto',0,0,0): ERR_HARDWARE_NOT_RESPONDING
Tue Dec 13 17:14:38.500 - [18668] RP1210_ClientConnect(0,1,'CAN:Baud=Auto',0,0,0): ERR_HARDWARE_NOT_RESPONDING
Tue Dec 13 17:14:38.505 - [18668] RP1210_ClientConnect(0,1,'CAN:Baud=Auto',0,0,0): ERR_HARDWARE_NOT_RESPONDING
Tue Dec 13 17:14:38.517 - [18668] RP1210_ClientConnect(0,1,'CAN:Baud=Auto',0,0,0): ERR_HARDWARE_NOT_RESPONDING
Tue Dec 13 17:14:38.524 - [18668] RP1210_ClientConnect(0,1,'CAN:Baud=Auto',0,0,0): ERR_HARDWARE_NOT_RESPONDING
Tue Dec 13 17:14:38.533 - [18668] RP1210_ClientConnect(0,1,'CAN:Baud=Auto',0,0,0): ERR_HARDWARE_NOT_RESPONDING
Tue Dec 13 17:14:38.540 - [18668] RP1210_ClientConnect(0,1,'CAN:Baud=Auto',0,0,0): ERR_HARDWARE_NOT_RESPONDING
Tue Dec 13 17:14:38.549 - [18668] RP1210_ClientConnect(0,1,'CAN:Baud=Auto',0,0,0): ERR_HARDWARE_NOT_RESPONDING
Tue Dec 13 17:14:38.554 - [18668] RP1210_ClientConnect(0,1,'CAN:Baud=Auto',0,0,0): ERR_HARDWARE_NOT_RESPONDING
Tue Dec 13 17:14:38.565 - [18668] RP1210_ClientConnect(0,1,'CAN:Baud=Auto',0,0,0): ERR_HARDWARE_NOT_RESPONDING
Tue Dec 13 17:14:38.570 - [18668] RP1210_ClientConnect(0,1,'CAN:Baud=Auto',0,0,0): ERR_HARDWARE_NOT_RESPONDING
Tue Dec 13 17:14:38.584 - [18668] RP1210_ClientConnect(0,1,'CAN:Baud=Auto',0,0,0): ERR_HARDWARE_NOT_RESPONDING
Tue Dec 13 17:14:38.590 - [18668] RP1210_ClientConnect(0,1,'CAN:Baud=Auto',0,0,0): ERR_HARDWARE_NOT_RESPONDING
Tue Dec 13 17:14:38.597 - [18668] RP1210_ClientConnect(0,1,'CAN:Baud=Auto',0,0,0): ERR_HARDWARE_NOT_RESPONDING
Tue Dec 13 17:14:38.602 - [18668] RP1210_ClientConnect(0,1,'CAN:Baud=Auto',0,0,0): ERR_HARDWARE_NOT_RESPONDING
Tue Dec 13 17:14:38.611 - [18668] RP1210_ClientConnect(0,1,'CAN:Baud=Auto',0,0,0): ERR_HARDWARE_NOT_RESPONDING
Tue Dec 13 17:14:38.618 - [18668] RP1210_ClientConnect(0,1,'CAN:Baud=Auto',0,0,0): ERR_HARDWARE_NOT_RESPONDING
Tue Dec 13 17:14:38.630 - [18668] RP1210_ClientConnect(0,1,'CAN:Baud=Auto',0,0,0): ERR_HARDWARE_NOT_RESPONDING
Tue Dec 13 17:14:38.664 - [18668] RP1210_ClientConnect(0,1,'CAN:Baud=Auto',0,0,0): ERR_HARDWARE_NOT_RESPONDING
Tue Dec 13 17:14:38.671 - [18668] RP1210_ClientConnect(0,1,'CAN:Baud=Auto',0,0,0): ERR_HARDWARE_NOT_RESPONDING
Tue Dec 13 17:14:38.694 - [18668] RP1210_ClientConnect(0,1,'CAN:Baud=Auto',0,0,0): ERR_HARDWARE_NOT_RESPONDING
Tue Dec 13 17:14:38.712 - [18668] RP1210_ClientConnect(0,1,'CAN:Baud=Auto',0,0,0): ERR_HARDWARE_NOT_RESPONDING
Tue Dec 13 17:14:38.718 - [18668] RP1210_ClientConnect(0,1,'CAN:Baud=Auto',0,0,0): ERR_HARDWARE_NOT_RESPONDING
Tue Dec 13 17:14:38.734 - [18668] RP1210_ClientConnect(0,1,'CAN:Baud=Auto',0,0,0): ERR_HARDWARE_NOT_RESPONDING
Tue Dec 13 17:14:38.743 - [18668] RP1210_ClientConnect(0,1,'CAN:Baud=Auto',0,0,0): ERR_HARDWARE_NOT_RESPONDING
Tue Dec 13 17:14:38.750 - [18668] RP1210_ClientConnect(0,1,'CAN:Baud=Auto',0,0,0): ERR_HARDWARE_NOT_RESPONDING
Tue Dec 13 17:14:38.758 - [18668] RP1210_ClientConnect(0,1,'CAN:Baud=Auto',0,0,0): ERR_HARDWARE_NOT_RESPONDING
Tue Dec 13 17:14:38.764 - [18668] RP1210_ClientConnect(0,1,'CAN:Baud=Auto',0,0,0): ERR_HARDWARE_NOT_RESPONDING
Tue Dec 13 17:14:38.769 - [18668] RP1210_ClientConnect(0,1,'CAN:Baud=Auto',0,0,0): ERR_HARDWARE_NOT_RESPONDING
Tue Dec 13 17:14:38.776 - [18668] RP1210_ClientConnect(0,1,'CAN:Baud=Auto',0,0,0): ERR_HARDWARE_NOT_RESPONDING
Tue Dec 13 17:14:38.782 - [18668] RP1210_ClientConnect(0,1,'CAN:Baud=Auto',0,0,0): ERR_HARDWARE_NOT_RESPONDING
Tue Dec 13 17:14:38.787 - [18668] RP1210_ClientConnect(0,1,'CAN:Baud=Auto',0,0,0): ERR_HARDWARE_NOT_RESPONDING
Tue Dec 13 17:14:38.794 - [18668] RP1210_ClientConnect(0,1,'CAN:Baud=Auto',0,0,0): ERR_HARDWARE_NOT_RESPONDING
Tue Dec 13 17:14:38.800 - [18668] RP1210_ClientConnect(0,1,'CAN:Baud=Auto',0,0,0): ERR_HARDWARE_NOT_RESPONDING
Tue Dec 13 17:14:38.805 - [18668] RP1210_ClientConnect(0,1,'CAN:Baud=Auto',0,0,0): ERR_HARDWARE_NOT_RESPONDING
Tue Dec 13 17:14:38.813 - [18668] RP1210_ClientConnect(0,1,'CAN:Baud=Auto',0,0,0): ERR_HARDWARE_NOT_RESPONDING
Tue Dec 13 17:14:38.819 - [18668] RP1210_ClientConnect(0,1,'CAN:Baud=Auto',0,0,0): ERR_HARDWARE_NOT_RESPONDING
Tue Dec 13 17:14:38.826 - [18668] RP1210_ClientConnect(0,1,'CAN:Baud=Auto',0,0,0): ERR_HARDWARE_NOT_RESPONDING
Tue Dec 13 17:14:38.831 - [18668] RP1210_ClientConnect(0,1,'CAN:Baud=Auto',0,0,0): ERR_HARDWARE_NOT_RESPONDING
Tue Dec 13 17:14:38.837 - [18668] RP1210_ClientConnect(0,1,'CAN:Baud=Auto',0,0,0): ERR_HARDWARE_NOT_RESPONDING
Tue Dec 13 17:14:38.846 - [18668] RP1210_ClientConnect(0,1,'CAN:Baud=Auto',0,0,0): ERR_HARDWARE_NOT_RESPONDING
Tue Dec 13 17:14:38.853 - [18668] RP1210_ClientConnect(0,1,'CAN:Baud=Auto',0,0,0): ERR_HARDWARE_NOT_RESPONDING
Tue Dec 13 17:14:38.859 - [18668] RP1210_ClientConnect(0,1,'CAN:Baud=Auto',0,0,0): ERR_HARDWARE_NOT_RESPONDING
Tue Dec 13 17:14:38.865 - [18668] RP1210_ClientConnect(0,1,'CAN:Baud=Auto',0,0,0): ERR_HARDWARE_NOT_RESPONDING
Tue Dec 13 17:14:38.871 - [18668] RP1210_ClientConnect(0,1,'CAN:Baud=Auto',0,0,0): ERR_HARDWARE_NOT_RESPONDING
Tue Dec 13 17:14:38.878 - [18668] RP1210_ClientConnect(0,1,'CAN:Baud=Auto',0,0,0): ERR_HARDWARE_NOT_RESPONDING
Tue Dec 13 17:14:38.884 - [18668] RP1210_ClientConnect(0,1,'CAN:Baud=Auto',0,0,0): ERR_HARDWARE_NOT_RESPONDING
Tue Dec 13 17:14:38.892 - [18668] RP1210_ClientConnect(0,1,'CAN:Baud=Auto',0,0,0): ERR_HARDWARE_NOT_RESPONDING
Tue Dec 13 17:14:38.898 - [18668] RP1210_ClientConnect(0,1,'CAN:Baud=Auto',0,0,0): ERR_HARDWARE_NOT_RESPONDING
Tue Dec 13 17:14:38.904 - [18668] RP1210_ClientConnect(0,1,'CAN:Baud=Auto',0,0,0): ERR_HARDWARE_NOT_RESPONDING
Tue Dec 13 17:14:38.911 - [18668] RP1210_ClientConnect(0,1,'CAN:Baud=Auto',0,0,0): ERR_HARDWARE_NOT_RESPONDING
Tue Dec 13 17:14:38.917 - [18668] RP1210_ClientConnect(0,1,'CAN:Baud=Auto',0,0,0): ERR_HARDWARE_NOT_RESPONDING
Tue Dec 13 17:14:38.922 - [18668] RP1210_ClientConnect(0,1,'CAN:Baud=Auto',0,0,0): ERR_HARDWARE_NOT_RESPONDING
Tue Dec 13 17:14:38.929 - [18668] RP1210_ClientConnect(0,1,'CAN:Baud=Auto',0,0,0): ERR_HARDWARE_NOT_RESPONDING
Tue Dec 13 17:14:38.934 - [18668] RP1210_ClientConnect(0,1,'CAN:Baud=Auto',0,0,0): ERR_HARDWARE_NOT_RESPONDING
Tue Dec 13 17:14:38.942 - [18668] RP1210_ClientConnect(0,1,'CAN:Baud=Auto',0,0,0): ERR_HARDWARE_NOT_RESPONDING
Tue Dec 13 17:14:38.947 - [18668] RP1210_ClientConnect(0,1,'CAN:Baud=Auto',0,0,0): ERR_HARDWARE_NOT_RESPONDING
Tue Dec 13 17:14:38.953 - [18668] RP1210_ClientConnect(0,1,'CAN:Baud=Auto',0,0,0): ERR_HARDWARE_NOT_RESPONDING
Tue Dec 13 17:14:38.960 - [18668] RP1210_ClientConnect(0,1,'CAN:Baud=Auto',0,0,0): ERR_HARDWARE_NOT_RESPONDING
Tue Dec 13 17:14:38.966 - [18668] RP1210_ClientConnect(0,1,'CAN:Baud=Auto',0,0,0): ERR_HARDWARE_NOT_RESPONDING
Tue Dec 13 17:14:38.971 - [18668] RP1210_ClientConnect(0,1,'CAN:Baud=Auto',0,0,0): ERR_HARDWARE_NOT_RESPONDING
Tue Dec 13 17:14:38.979 - [18668] RP1210_ClientConnect(0,1,'CAN:Baud=Auto',0,0,0): ERR_HARDWARE_NOT_RESPONDING
Tue Dec 13 17:14:38.984 - [18668] RP1210_ClientConnect(0,1,'CAN:Baud=Auto',0,0,0): ERR_HARDWARE_NOT_RESPONDING
Tue Dec 13 17:14:38.991 - [18668] RP1210_ClientConnect(0,1,'CAN:Baud=Auto',0,0,0): ERR_HARDWARE_NOT_RESPONDING
Tue Dec 13 17:14:38.996 - [18668] RP1210_ClientConnect(0,1,'CAN:Baud=Auto',0,0,0): ERR_HARDWARE_NOT_RESPONDING
Tue Dec 13 17:14:39.002 - [18668] RP1210_ClientConnect(0,1,'CAN:Baud=Auto',0,0,0): ERR_HARDWARE_NOT_RESPONDING
Tue Dec 13 17:14:39.009 - [18668] RP1210_ClientConnect(0,1,'CAN:Baud=Auto',0,0,0): ERR_HARDWARE_NOT_RESPONDING
Tue Dec 13 17:14:39.014 - [18668] RP1210_ClientConnect(0,1,'CAN:Baud=Auto',0,0,0): ERR_HARDWARE_NOT_RESPONDING
Tue Dec 13 17:14:39.020 - [18668] RP1210_ClientConnect(0,1,'CAN:Baud=Auto',0,0,0): ERR_HARDWARE_NOT_RESPONDING
Tue Dec 13 17:14:39.027 - [18668] RP1210_ClientConnect(0,1,'CAN:Baud=Auto',0,0,0): ERR_HARDWARE_NOT_RESPONDING
Tue Dec 13 17:14:39.033 - [18668] RP1210_ClientConnect(0,1,'CAN:Baud=Auto',0,0,0): ERR_HARDWARE_NOT_RESPONDING
Tue Dec 13 17:14:39.039 - [18668] RP1210_ClientConnect(0,1,'CAN:Baud=Auto',0,0,0): ERR_HARDWARE_NOT_RESPONDING
Tue Dec 13 17:14:39.046 - [18668] RP1210_ClientConnect(0,1,'CAN:Baud=Auto',0,0,0): ERR_HARDWARE_NOT_RESPONDING
Tue Dec 13 17:14:39.051 - [18668] RP1210_ClientConnect(0,1,'CAN:Baud=Auto',0,0,0): ERR_HARDWARE_NOT_RESPONDING
Tue Dec 13 17:14:39.057 - [18668] RP1210_ClientConnect(0,1,'CAN:Baud=Auto',0,0,0): ERR_HARDWARE_NOT_RESPONDING
Tue Dec 13 17:14:39.063 - [18668] RP1210_ClientConnect(0,1,'CAN:Baud=Auto',0,0,0): ERR_HARDWARE_NOT_RESPONDING
Tue Dec 13 17:14:39.068 - [18668] RP1210_ClientConnect(0,1,'CAN:Baud=Auto',0,0,0): ERR_HARDWARE_NOT_RESPONDING
Tue Dec 13 17:14:39.075 - [18668] RP1210_ClientConnect(0,1,'CAN:Baud=Auto',0,0,0): ERR_HARDWARE_NOT_RESPONDING
Tue Dec 13 17:14:39.080 - [18668] RP1210_ClientConnect(0,1,'CAN:Baud=Auto',0,0,0): ERR_HARDWARE_NOT_RESPONDING
Tue Dec 13 17:14:39.085 - [18668] RP1210_ClientConnect(0,1,'CAN:Baud=Auto',0,0,0): ERR_HARDWARE_NOT_RESPONDING
Tue Dec 13 17:14:39.093 - [18668] RP1210_ClientConnect(0,1,'CAN:Baud=Auto',0,0,0): ERR_HARDWARE_NOT_RESPONDING
Tue Dec 13 17:14:39.099 - [18668] RP1210_ClientConnect(0,1,'CAN:Baud=Auto',0,0,0): ERR_HARDWARE_NOT_RESPONDING
Tue Dec 13 17:14:39.105 - [18668] RP1210_ClientConnect(0,1,'CAN:Baud=Auto',0,0,0): ERR_HARDWARE_NOT_RESPONDING
Tue Dec 13 17:14:39.114 - [18668] RP1210_ClientConnect(0,1,'CAN:Baud=Auto',0,0,0): ERR_HARDWARE_NOT_RESPONDING
Tue Dec 13 17:14:39.120 - [18668] RP1210_ClientConnect(0,1,'CAN:Baud=Auto',0,0,0): ERR_HARDWARE_NOT_RESPONDING
Tue Dec 13 17:14:39.128 - [18668] RP1210_ClientConnect(0,1,'CAN:Baud=Auto',0,0,0): ERR_HARDWARE_NOT_RESPONDING
Tue Dec 13 17:14:39.133 - [18668] RP1210_ClientConnect(0,1,'CAN:Baud=Auto',0,0,0): ERR_HARDWARE_NOT_RESPONDING
Tue Dec 13 17:14:39.138 - [18668] RP1210_ClientConnect(0,1,'CAN:Baud=Auto',0,0,0): ERR_HARDWARE_NOT_RESPONDING
Tue Dec 13 17:14:39.145 - [18668] RP1210_ClientConnect(0,1,'CAN:Baud=Auto',0,0,0): ERR_HARDWARE_NOT_RESPONDING
Tue Dec 13 17:14:39.150 - [18668] RP1210_ClientConnect(0,1,'CAN:Baud=Auto',0,0,0): ERR_HARDWARE_NOT_RESPONDING
Tue Dec 13 17:14:39.155 - [18668] RP1210_ClientConnect(0,1,'CAN:Baud=Auto',0,0,0): ERR_HARDWARE_NOT_RESPONDING
Tue Dec 13 17:14:39.162 - [18668] RP1210_ClientConnect(0,1,'CAN:Baud=Auto',0,0,0): ERR_HARDWARE_NOT_RESPONDING
Tue Dec 13 17:14:39.167 - [18668] RP1210_ClientConnect(0,1,'CAN:Baud=Auto',0,0,0): ERR_HARDWARE_NOT_RESPONDING
Tue Dec 13 17:14:39.172 - [18668] RP1210_ClientConnect(0,1,'CAN:Baud=Auto',0,0,0): ERR_HARDWARE_NOT_RESPONDING
Tue Dec 13 17:14:39.179 - [18668] RP1210_ClientConnect(0,1,'CAN:Baud=Auto',0,0,0): ERR_HARDWARE_NOT_RESPONDING
Tue Dec 13 17:14:39.184 - [18668] RP1210_ClientConnect(0,1,'CAN:Baud=Auto',0,0,0): ERR_HARDWARE_NOT_RESPONDING
Tue Dec 13 17:14:39.192 - [18668] RP1210_ClientConnect(0,1,'CAN:Baud=Auto',0,0,0): ERR_HARDWARE_NOT_RESPONDING
Tue Dec 13 17:14:39.197 - [18668] RP1210_ClientConnect(0,1,'CAN:Baud=Auto',0,0,0): ERR_HARDWARE_NOT_RESPONDING
Tue Dec 13 17:14:39.203 - [18668] RP1210_ClientConnect(0,1,'CAN:Baud=Auto',0,0,0): ERR_HARDWARE_NOT_RESPONDING
Tue Dec 13 17:14:39.209 - [18668] RP1210_ClientConnect(0,1,'CAN:Baud=Auto',0,0,0): ERR_HARDWARE_NOT_RESPONDING
Tue Dec 13 17:14:39.215 - [18668] RP1210_ClientConnect(0,1,'CAN:Baud=Auto',0,0,0): ERR_HARDWARE_NOT_RESPONDING
Tue Dec 13 17:14:39.220 - [18668] RP1210_ClientConnect(0,1,'CAN:Baud=Auto',0,0,0): ERR_HARDWARE_NOT_RESPONDING
Tue Dec 13 17:14:39.228 - [18668] RP1210_ClientConnect(0,1,'CAN:Baud=Auto',0,0,0): ERR_HARDWARE_NOT_RESPONDING
Tue Dec 13 17:14:39.233 - [18668] RP1210_ClientConnect(0,1,'CAN:Baud=Auto',0,0,0): ERR_HARDWARE_NOT_RESPONDING
Tue Dec 13 17:14:39.238 - [18668] RP1210_ClientConnect(0,1,'CAN:Baud=Auto',0,0,0): ERR_HARDWARE_NOT_RESPONDING
Tue Dec 13 17:14:39.245 - [18668] RP1210_ClientConnect(0,1,'CAN:Baud=Auto',0,0,0): ERR_HARDWARE_NOT_RESPONDING
Tue Dec 13 17:14:39.249 - [18668] RP1210_ClientConnect(0,1,'CAN:Baud=Auto',0,0,0): ERR_HARDWARE_NOT_RESPONDING
Tue Dec 13 17:14:39.254 - [18668] RP1210_ClientConnect(0,1,'CAN:Baud=Auto',0,0,0): ERR_HARDWARE_NOT_RESPONDING
Tue Dec 13 17:14:39.261 - [18668] RP1210_ClientConnect(0,1,'CAN:Baud=Auto',0,0,0): ERR_HARDWARE_NOT_RESPONDING
Tue Dec 13 17:14:39.266 - [18668] RP1210_ClientConnect(0,1,'CAN:Baud=Auto',0,0,0): ERR_HARDWARE_NOT_RESPONDING
Tue Dec 13 17:14:39.271 - [18668] RP1210_ClientConnect(0,1,'CAN:Baud=Auto',0,0,0): ERR_HARDWARE_NOT_RESPONDING
Tue Dec 13 17:14:39.277 - [18668] RP1210_ClientConnect(0,1,'CAN:Baud=Auto',0,0,0): ERR_HARDWARE_NOT_RESPONDING
Tue Dec 13 17:14:39.284 - [18668] RP1210_ClientConnect(0,1,'CAN:Baud=Auto',0,0,0): ERR_HARDWARE_NOT_RESPONDING
Tue Dec 13 17:14:39.294 - [18668] RP1210_ClientConnect(0,1,'CAN:Baud=Auto',0,0,0): ERR_HARDWARE_NOT_RESPONDING
Tue Dec 13 17:14:39.300 - [18668] RP1210_ClientConnect(0,1,'CAN:Baud=Auto',0,0,0): ERR_HARDWARE_NOT_RESPONDING
Tue Dec 13 17:14:39.309 - [18668] RP1210_ClientConnect(0,1,'CAN:Baud=Auto',0,0,0): ERR_HARDWARE_NOT_RESPONDING
Tue Dec 13 17:14:39.315 - [18668] RP1210_ClientConnect(0,1,'CAN:Baud=Auto',0,0,0): ERR_HARDWARE_NOT_RESPONDING
Tue Dec 13 17:14:39.320 - [18668] RP1210_ClientConnect(0,1,'CAN:Baud=Auto',0,0,0): ERR_HARDWARE_NOT_RESPONDING
Tue Dec 13 17:14:39.326 - [18668] RP1210_ClientConnect(0,1,'CAN:Baud=Auto',0,0,0): ERR_HARDWARE_NOT_RESPONDING
Tue Dec 13 17:14:39.331 - [18668] RP1210_ClientConnect(0,1,'CAN:Baud=Auto',0,0,0): ERR_HARDWARE_NOT_RESPONDING
Tue Dec 13 17:14:39.336 - [18668] RP1210_ClientConnect(0,1,'CAN:Baud=Auto',0,0,0): ERR_HARDWARE_NOT_RESPONDING
Tue Dec 13 17:14:39.343 - [18668] RP1210_ClientConnect(0,1,'CAN:Baud=Auto',0,0,0): ERR_HARDWARE_NOT_RESPONDING
Tue Dec 13 17:14:39.349 - [18668] RP1210_ClientConnect(0,1,'CAN:Baud=Auto',0,0,0): ERR_HARDWARE_NOT_RESPONDING
Tue Dec 13 17:14:39.354 - [18668] RP1210_ClientConnect(0,1,'CAN:Baud=Auto',0,0,0): ERR_HARDWARE_NOT_RESPONDING
Tue Dec 13 17:14:39.361 - [18668] RP1210_ClientConnect(0,1,'CAN:Baud=Auto',0,0,0): ERR_HARDWARE_NOT_RESPONDING
Tue Dec 13 17:14:39.366 - [18668] RP1210_ClientConnect(0,1,'CAN:Baud=Auto',0,0,0): ERR_HARDWARE_NOT_RESPONDING
Tue Dec 13 17:14:39.371 - [18668] RP1210_ClientConnect(0,1,'CAN:Baud=Auto',0,0,0): ERR_HARDWARE_NOT_RESPONDING
Tue Dec 13 17:14:39.378 - [18668] RP1210_ClientConnect(0,1,'CAN:Baud=Auto',0,0,0): ERR_HARDWARE_NOT_RESPONDING
Tue Dec 13 17:14:39.385 - [18668] RP1210_ClientConnect(0,1,'CAN:Baud=Auto',0,0,0): ERR_HARDWARE_NOT_RESPONDING
Tue Dec 13 17:14:39.392 - [18668] RP1210_ClientConnect(0,1,'CAN:Baud=Auto',0,0,0): ERR_HARDWARE_NOT_RESPONDING
Tue Dec 13 17:14:39.397 - [18668] RP1210_ClientConnect(0,1,'CAN:Baud=Auto',0,0,0): ERR_HARDWARE_NOT_RESPONDING
Tue Dec 13 17:14:39.403 - [18668] RP1210_ClientConnect(0,1,'CAN:Baud=Auto',0,0,0): ERR_HARDWARE_NOT_RESPONDING
Tue Dec 13 17:14:39.409 - [18668] RP1210_ClientConnect(0,1,'CAN:Baud=Auto',0,0,0): ERR_HARDWARE_NOT_RESPONDING
Tue Dec 13 17:14:39.414 - [18668] RP1210_ClientConnect(0,1,'CAN:Baud=Auto',0,0,0): ERR_HARDWARE_NOT_RESPONDING
Tue Dec 13 17:14:39.420 - [18668] RP1210_ClientConnect(0,1,'CAN:Baud=Auto',0,0,0): ERR_HARDWARE_NOT_RESPONDING
Tue Dec 13 17:14:39.426 - [18668] RP1210_ClientConnect(0,1,'CAN:Baud=Auto',0,0,0): ERR_HARDWARE_NOT_RESPONDING
Tue Dec 13 17:14:39.431 - [18668] RP1210_ClientConnect(0,1,'CAN:Baud=Auto',0,0,0): ERR_HARDWARE_NOT_RESPONDING
Tue Dec 13 17:14:39.436 - [18668] RP1210_ClientConnect(0,1,'CAN:Baud=Auto',0,0,0): ERR_HARDWARE_NOT_RESPONDING
Tue Dec 13 17:14:39.445 - [18668] RP1210_ClientConnect(0,1,'CAN:Baud=Auto',0,0,0): ERR_HARDWARE_NOT_RESPONDING
Tue Dec 13 17:14:39.455 - [18668] RP1210_ClientConnect(0,1,'CAN:Baud=Auto',0,0,0): ERR_HARDWARE_NOT_RESPONDING
Tue Dec 13 17:14:39.469 - [18668] RP1210_ClientConnect(0,1,'CAN:Baud=Auto',0,0,0): ERR_HARDWARE_NOT_RESPONDING
Tue Dec 13 17:14:39.480 - [18668] RP1210_ClientConnect(0,1,'CAN:Baud=Auto',0,0,0): ERR_HARDWARE_NOT_RESPONDING
Tue Dec 13 17:14:39.490 - [18668] RP1210_ClientConnect(0,1,'CAN:Baud=Auto',0,0,0): ERR_HARDWARE_NOT_RESPONDING
Tue Dec 13 17:14:39.500 - [18668] RP1210_ClientConnect(0,1,'CAN:Baud=Auto',0,0,0): ERR_HARDWARE_NOT_RESPONDING
Tue Dec 13 17:14:39.509 - [18668] RP1210_ClientConnect(0,1,'CAN:Baud=Auto',0,0,0): ERR_HARDWARE_NOT_RESPONDING
Tue Dec 13 17:14:39.515 - [18668] RP1210_ClientConnect(0,1,'CAN:Baud=Auto',0,0,0): ERR_HARDWARE_NOT_RESPONDING
Tue Dec 13 17:14:39.522 - [18668] RP1210_ClientConnect(0,1,'CAN:Baud=Auto',0,0,0): ERR_HARDWARE_NOT_RESPONDING
Tue Dec 13 17:14:39.530 - [18668] RP1210_ClientConnect(0,1,'CAN:Baud=Auto',0,0,0): ERR_HARDWARE_NOT_RESPONDING
Tue Dec 13 17:14:39.535 - [18668] RP1210_ClientConnect(0,1,'CAN:Baud=Auto',0,0,0): ERR_HARDWARE_NOT_RESPONDING
Tue Dec 13 17:14:39.540 - [18668] RP1210_ClientConnect(0,1,'CAN:Baud=Auto',0,0,0): ERR_HARDWARE_NOT_RESPONDING
Tue Dec 13 17:14:39.546 - [18668] RP1210_ClientConnect(0,1,'CAN:Baud=Auto',0,0,0): ERR_HARDWARE_NOT_RESPONDING
Tue Dec 13 17:14:39.551 - [18668] RP1210_ClientConnect(0,1,'CAN:Baud=Auto',0,0,0): ERR_HARDWARE_NOT_RESPONDING
Tue Dec 13 17:14:39.557 - [18668] RP1210_ClientConnect(0,1,'CAN:Baud=Auto',0,0,0): ERR_HARDWARE_NOT_RESPONDING
Tue Dec 13 17:14:39.562 - [18668] RP1210_ClientConnect(0,1,'CAN:Baud=Auto',0,0,0): ERR_HARDWARE_NOT_RESPONDING
Tue Dec 13 17:14:39.569 - [18668] RP1210_ClientConnect(0,1,'CAN:Baud=Auto',0,0,0): ERR_HARDWARE_NOT_RESPONDING
Tue Dec 13 17:14:39.575 - [18668] RP1210_ClientConnect(0,1,'CAN:Baud=Auto',0,0,0): ERR_HARDWARE_NOT_RESPONDING
Tue Dec 13 17:14:39.580 - [18668] RP1210_ClientConnect(0,1,'CAN:Baud=Auto',0,0,0): ERR_HARDWARE_NOT_RESPONDING
Tue Dec 13 17:14:39.586 - [18668] RP1210_ClientConnect(0,1,'CAN:Baud=Auto',0,0,0): ERR_HARDWARE_NOT_RESPONDING
Tue Dec 13 17:14:39.592 - [18668] RP1210_ClientConnect(0,1,'CAN:Baud=Auto',0,0,0): ERR_HARDWARE_NOT_RESPONDING
Tue Dec 13 17:14:39.597 - [18668] RP1210_ClientConnect(0,1,'CAN:Baud=Auto',0,0,0): ERR_HARDWARE_NOT_RESPONDING
Tue Dec 13 17:14:39.601 - [18668] RP1210_ClientConnect(0,1,'CAN:Baud=Auto',0,0,0): ERR_HARDWARE_NOT_RESPONDING
Tue Dec 13 17:14:39.606 - [18668] RP1210_ClientConnect(0,1,'CAN:Baud=Auto',0,0,0): ERR_HARDWARE_NOT_RESPONDING
Tue Dec 13 17:14:39.612 - [18668] RP1210_ClientConnect(0,1,'CAN:Baud=Auto',0,0,0): ERR_HARDWARE_NOT_RESPONDING
Tue Dec 13 17:14:39.618 - [18668] RP1210_ClientConnect(0,1,'CAN:Baud=Auto',0,0,0): ERR_HARDWARE_NOT_RESPONDING
Tue Dec 13 17:14:39.623 - [18668] RP1210_ClientConnect(0,1,'CAN:Baud=Auto',0,0,0): ERR_HARDWARE_NOT_RESPONDING
Tue Dec 13 17:14:39.629 - [18668] RP1210_ClientConnect(0,1,'CAN:Baud=Auto',0,0,0): ERR_HARDWARE_NOT_RESPONDING
Tue Dec 13 17:14:39.634 - [18668] RP1210_ClientConnect(0,1,'CAN:Baud=Auto',0,0,0): ERR_HARDWARE_NOT_RESPONDING
Tue Dec 13 17:14:39.639 - [18668] RP1210_ClientConnect(0,1,'CAN:Baud=Auto',0,0,0): ERR_HARDWARE_NOT_RESPONDING
Tue Dec 13 17:14:39.646 - [18668] RP1210_ClientConnect(0,1,'CAN:Baud=Auto',0,0,0): ERR_HARDWARE_NOT_RESPONDING
Tue Dec 13 17:14:39.651 - [18668] RP1210_ClientConnect(0,1,'CAN:Baud=Auto',0,0,0): ERR_HARDWARE_NOT_RESPONDING
Tue Dec 13 17:14:39.656 - [18668] RP1210_ClientConnect(0,1,'CAN:Baud=Auto',0,0,0): ERR_HARDWARE_NOT_RESPONDING
Tue Dec 13 17:14:39.662 - [18668] RP1210_ClientConnect(0,1,'CAN:Baud=Auto',0,0,0): ERR_HARDWARE_NOT_RESPONDING
Tue Dec 13 17:14:39.667 - [18668] RP1210_ClientConnect(0,1,'CAN:Baud=Auto',0,0,0): ERR_HARDWARE_NOT_RESPONDING
Tue Dec 13 17:14:39.673 - [18668] RP1210_ClientConnect(0,1,'CAN:Baud=Auto',0,0,0): ERR_HARDWARE_NOT_RESPONDING
Tue Dec 13 17:14:39.680 - [18668] RP1210_ClientConnect(0,1,'CAN:Baud=Auto',0,0,0): ERR_HARDWARE_NOT_RESPONDING
Tue Dec 13 17:14:39.685 - [18668] RP1210_ClientConnect(0,1,'CAN:Baud=Auto',0,0,0): ERR_HARDWARE_NOT_RESPONDING
Tue Dec 13 17:14:39.692 - [18668] RP1210_ClientConnect(0,1,'CAN:Baud=Auto',0,0,0): ERR_HARDWARE_NOT_RESPONDING
Tue Dec 13 17:14:39.698 - [18668] RP1210_ClientConnect(0,1,'CAN:Baud=Auto',0,0,0): ERR_HARDWARE_NOT_RESPONDING
Tue Dec 13 17:14:39.703 - [18668] RP1210_ClientConnect(0,1,'CAN:Baud=Auto',0,0,0): ERR_HARDWARE_NOT_RESPONDING
Tue Dec 13 17:14:39.709 - [18668] RP1210_ClientConnect(0,1,'CAN:Baud=Auto',0,0,0): ERR_HARDWARE_NOT_RESPONDING
Tue Dec 13 17:14:39.715 - [18668] RP1210_ClientConnect(0,1,'CAN:Baud=Auto',0,0,0): ERR_HARDWARE_NOT_RESPONDING
Tue Dec 13 17:14:39.722 - [18668] RP1210_ClientConnect(0,1,'CAN:Baud=Auto',0,0,0): ERR_HARDWARE_NOT_RESPONDING
Tue Dec 13 17:14:39.728 - [18668] RP1210_ClientConnect(0,1,'CAN:Baud=Auto',0,0,0): ERR_HARDWARE_NOT_RESPONDING
Tue Dec 13 17:14:39.734 - [18668] RP1210_ClientConnect(0,1,'CAN:Baud=Auto',0,0,0): ERR_HARDWARE_NOT_RESPONDING
Tue Dec 13 17:14:39.739 - [18668] RP1210_ClientConnect(0,1,'CAN:Baud=Auto',0,0,0): ERR_HARDWARE_NOT_RESPONDING
Tue Dec 13 17:14:39.746 - [18668] RP1210_ClientConnect(0,1,'CAN:Baud=Auto',0,0,0): ERR_HARDWARE_NOT_RESPONDING
Tue Dec 13 17:14:39.752 - [18668] RP1210_ClientConnect(0,1,'CAN:Baud=Auto',0,0,0): ERR_HARDWARE_NOT_RESPONDING
Tue Dec 13 17:14:39.758 - [18668] RP1210_ClientConnect(0,1,'CAN:Baud=Auto',0,0,0): ERR_HARDWARE_NOT_RESPONDING
Tue Dec 13 17:14:39.764 - [18668] RP1210_ClientConnect(0,1,'CAN:Baud=Auto',0,0,0): ERR_HARDWARE_NOT_RESPONDING
Tue Dec 13 17:14:39.769 - [18668] RP1210_ClientConnect(0,1,'CAN:Baud=Auto',0,0,0): ERR_HARDWARE_NOT_RESPONDING
Tue Dec 13 17:14:39.775 - [18668] RP1210_ClientConnect(0,1,'CAN:Baud=Auto',0,0,0): ERR_HARDWARE_NOT_RESPONDING
Tue Dec 13 17:14:39.780 - [18668] RP1210_ClientConnect(0,1,'CAN:Baud=Auto',0,0,0): ERR_HARDWARE_NOT_RESPONDING
Tue Dec 13 17:14:39.786 - [18668] RP1210_ClientConnect(0,1,'CAN:Baud=Auto',0,0,0): ERR_HARDWARE_NOT_RESPONDING
Tue Dec 13 17:14:39.792 - [18668] RP1210_ClientConnect(0,1,'CAN:Baud=Auto',0,0,0): ERR_HARDWARE_NOT_RESPONDING
Tue Dec 13 17:14:39.797 - [18668] RP1210_ClientConnect(0,1,'CAN:Baud=Auto',0,0,0): ERR_HARDWARE_NOT_RESPONDING
Tue Dec 13 17:14:39.803 - [18668] RP1210_ClientConnect(0,1,'CAN:Baud=Auto',0,0,0): ERR_HARDWARE_NOT_RESPONDING
Tue Dec 13 17:14:39.809 - [18668] RP1210_ClientConnect(0,1,'CAN:Baud=Auto',0,0,0): ERR_HARDWARE_NOT_RESPONDING
Tue Dec 13 17:14:39.814 - [18668] RP1210_ClientConnect(0,1,'CAN:Baud=Auto',0,0,0): ERR_HARDWARE_NOT_RESPONDING
Tue Dec 13 17:14:39.820 - [18668] RP1210_ClientConnect(0,1,'CAN:Baud=Auto',0,0,0): ERR_HARDWARE_NOT_RESPONDING
Tue Dec 13 17:14:39.827 - [18668] RP1210_ClientConnect(0,1,'CAN:Baud=Auto',0,0,0): ERR_HARDWARE_NOT_RESPONDING
Tue Dec 13 17:14:39.833 - [18668] RP1210_ClientConnect(0,1,'CAN:Baud=Auto',0,0,0): ERR_HARDWARE_NOT_RESPONDING
Tue Dec 13 17:14:39.838 - [18668] RP1210_ClientConnect(0,1,'CAN:Baud=Auto',0,0,0): ERR_HARDWARE_NOT_RESPONDING
Tue Dec 13 17:14:39.845 - [18668] RP1210_ClientConnect(0,1,'CAN:Baud=Auto',0,0,0): ERR_HARDWARE_NOT_RESPONDING
Tue Dec 13 17:14:39.850 - [18668] RP1210_ClientConnect(0,1,'CAN:Baud=Auto',0,0,0): ERR_HARDWARE_NOT_RESPONDING
Tue Dec 13 17:14:39.855 - [18668] RP1210_ClientConnect(0,1,'CAN:Baud=Auto',0,0,0): ERR_HARDWARE_NOT_RESPONDING
Tue Dec 13 17:14:39.862 - [18668] RP1210_ClientConnect(0,1,'CAN:Baud=Auto',0,0,0): ERR_HARDWARE_NOT_RESPONDING
Tue Dec 13 17:14:39.868 - [18668] RP1210_ClientConnect(0,1,'CAN:Baud=Auto',0,0,0): ERR_HARDWARE_NOT_RESPONDING
Tue Dec 13 17:14:39.874 - [18668] RP1210_ClientConnect(0,1,'CAN:Baud=Auto',0,0,0): ERR_HARDWARE_NOT_RESPONDING
Tue Dec 13 17:14:39.882 - [18668] RP1210_ClientConnect(0,1,'CAN:Baud=Auto',0,0,0): ERR_HARDWARE_NOT_RESPONDING
Tue Dec 13 17:14:39.888 - [18668] RP1210_ClientConnect(0,1,'CAN:Baud=Auto',0,0,0): ERR_HARDWARE_NOT_RESPONDING
Tue Dec 13 17:14:39.894 - [18668] RP1210_ClientConnect(0,1,'CAN:Baud=Auto',0,0,0): ERR_HARDWARE_NOT_RESPONDING
Tue Dec 13 17:14:39.899 - [18668] RP1210_ClientConnect(0,1,'CAN:Baud=Auto',0,0,0): ERR_HARDWARE_NOT_RESPONDING
Tue Dec 13 17:14:39.904 - [18668] RP1210_ClientConnect(0,1,'CAN:Baud=Auto',0,0,0): ERR_HARDWARE_NOT_RESPONDING
Tue Dec 13 17:14:39.911 - [18668] RP1210_ClientConnect(0,1,'CAN:Baud=Auto',0,0,0): ERR_HARDWARE_NOT_RESPONDING
Tue Dec 13 17:14:39.917 - [18668] RP1210_ClientConnect(0,1,'CAN:Baud=Auto',0,0,0): ERR_HARDWARE_NOT_RESPONDING
Tue Dec 13 17:14:39.922 - [18668] RP1210_ClientConnect(0,1,'CAN:Baud=Auto',0,0,0): ERR_HARDWARE_NOT_RESPONDING
Tue Dec 13 17:14:39.929 - [18668] RP1210_ClientConnect(0,1,'CAN:Baud=Auto',0,0,0): ERR_HARDWARE_NOT_RESPONDING
Tue Dec 13 17:14:39.934 - [18668] RP1210_ClientConnect(0,1,'CAN:Baud=Auto',0,0,0): ERR_HARDWARE_NOT_RESPONDING
Tue Dec 13 17:14:39.939 - [18668] RP1210_ClientConnect(0,1,'CAN:Baud=Auto',0,0,0): ERR_HARDWARE_NOT_RESPONDING
Tue Dec 13 17:14:39.946 - [18668] RP1210_ClientConnect(0,1,'CAN:Baud=Auto',0,0,0): ERR_HARDWARE_NOT_RESPONDING
Tue Dec 13 17:14:39.951 - [18668] RP1210_ClientConnect(0,1,'CAN:Baud=Auto',0,0,0): ERR_HARDWARE_NOT_RESPONDING
Tue Dec 13 17:14:39.956 - [18668] RP1210_ClientConnect(0,1,'CAN:Baud=Auto',0,0,0): ERR_HARDWARE_NOT_RESPONDING
Tue Dec 13 17:14:39.963 - [18668] RP1210_ClientConnect(0,1,'CAN:Baud=Auto',0,0,0): ERR_HARDWARE_NOT_RESPONDING
Tue Dec 13 17:14:39.968 - [18668] RP1210_ClientConnect(0,1,'CAN:Baud=Auto',0,0,0): ERR_HARDWARE_NOT_RESPONDING
Tue Dec 13 17:14:39.975 - [18668] RP1210_ClientConnect(0,1,'CAN:Baud=Auto',0,0,0): ERR_HARDWARE_NOT_RESPONDING
Tue Dec 13 17:14:39.980 - [18668] RP1210_ClientConnect(0,1,'CAN:Baud=Auto',0,0,0): ERR_HARDWARE_NOT_RESPONDING
Tue Dec 13 17:14:39.986 - [18668] RP1210_ClientConnect(0,1,'CAN:Baud=Auto',0,0,0): ERR_HARDWARE_NOT_RESPONDING
Tue Dec 13 17:14:39.991 - [18668] RP1210_ClientConnect(0,1,'CAN:Baud=Auto',0,0,0): ERR_HARDWARE_NOT_RESPONDING
Tue Dec 13 17:14:39.997 - [18668] RP1210_ClientConnect(0,1,'CAN:Baud=Auto',0,0,0): ERR_HARDWARE_NOT_RESPONDING
Tue Dec 13 17:14:40.002 - [18668] RP1210_ClientConnect(0,1,'CAN:Baud=Auto',0,0,0): ERR_HARDWARE_NOT_RESPONDING
Tue Dec 13 17:14:40.009 - [18668] RP1210_ClientConnect(0,1,'CAN:Baud=Auto',0,0,0): ERR_HARDWARE_NOT_RESPONDING
Tue Dec 13 17:14:40.014 - [18668] RP1210_ClientConnect(0,1,'CAN:Baud=Auto',0,0,0): ERR_HARDWARE_NOT_RESPONDING
Tue Dec 13 17:14:40.020 - [18668] RP1210_ClientConnect(0,1,'CAN:Baud=Auto',0,0,0): ERR_HARDWARE_NOT_RESPONDING
Tue Dec 13 17:14:40.026 - [18668] RP1210_ClientConnect(0,1,'CAN:Baud=Auto',0,0,0): ERR_HARDWARE_NOT_RESPONDING
Tue Dec 13 17:14:40.031 - [18668] RP1210_ClientConnect(0,1,'CAN:Baud=Auto',0,0,0): ERR_HARDWARE_NOT_RESPONDING
Tue Dec 13 17:14:40.036 - [18668] RP1210_ClientConnect(0,1,'CAN:Baud=Auto',0,0,0): ERR_HARDWARE_NOT_RESPONDING
Tue Dec 13 17:14:40.042 - [18668] RP1210_ClientConnect(0,1,'CAN:Baud=Auto',0,0,0): ERR_HARDWARE_NOT_RESPONDING
Tue Dec 13 17:14:40.047 - [18668] RP1210_ClientConnect(0,1,'CAN:Baud=Auto',0,0,0): ERR_HARDWARE_NOT_RESPONDING
Tue Dec 13 17:14:40.052 - [18668] RP1210_ClientConnect(0,1,'CAN:Baud=Auto',0,0,0): ERR_HARDWARE_NOT_RESPONDING
Tue Dec 13 17:14:40.057 - [18668] RP1210_ClientConnect(0,1,'CAN:Baud=Auto',0,0,0): ERR_HARDWARE_NOT_RESPONDING
Tue Dec 13 17:14:40.063 - [18668] RP1210_ClientConnect(0,1,'CAN:Baud=Auto',0,0,0): ERR_HARDWARE_NOT_RESPONDING
Tue Dec 13 17:14:40.068 - [18668] RP1210_ClientConnect(0,1,'CAN:Baud=Auto',0,0,0): ERR_HARDWARE_NOT_RESPONDING
Tue Dec 13 17:14:40.073 - [18668] RP1210_ClientConnect(0,1,'CAN:Baud=Auto',0,0,0): ERR_HARDWARE_NOT_RESPONDING
Tue Dec 13 17:14:40.081 - [18668] RP1210_ClientConnect(0,1,'CAN:Baud=Auto',0,0,0): ERR_HARDWARE_NOT_RESPONDING
Tue Dec 13 17:14:40.086 - [18668] RP1210_ClientConnect(0,1,'CAN:Baud=Auto',0,0,0): ERR_HARDWARE_NOT_RESPONDING
Tue Dec 13 17:14:40.092 - [18668] RP1210_ClientConnect(0,1,'CAN:Baud=Auto',0,0,0): ERR_HARDWARE_NOT_RESPONDING
Tue Dec 13 17:14:40.097 - [18668] RP1210_ClientConnect(0,1,'CAN:Baud=Auto',0,0,0): ERR_HARDWARE_NOT_RESPONDING
Tue Dec 13 17:14:40.102 - [18668] RP1210_ClientConnect(0,1,'CAN:Baud=Auto',0,0,0): ERR_HARDWARE_NOT_RESPONDING
Tue Dec 13 17:14:40.108 - [18668] RP1210_ClientConnect(0,1,'CAN:Baud=Auto',0,0,0): ERR_HARDWARE_NOT_RESPONDING
Tue Dec 13 17:14:40.114 - [18668] RP1210_ClientConnect(0,1,'CAN:Baud=Auto',0,0,0): ERR_HARDWARE_NOT_RESPONDING
Tue Dec 13 17:14:40.119 - [18668] RP1210_ClientConnect(0,1,'CAN:Baud=Auto',0,0,0): ERR_HARDWARE_NOT_RESPONDING
Tue Dec 13 17:14:40.125 - [18668] RP1210_ClientConnect(0,1,'CAN:Baud=Auto',0,0,0): ERR_HARDWARE_NOT_RESPONDING
Tue Dec 13 17:14:40.131 - [18668] RP1210_ClientConnect(0,1,'CAN:Baud=Auto',0,0,0): ERR_HARDWARE_NOT_RESPONDING
Tue Dec 13 17:14:40.136 - [18668] RP1210_ClientConnect(0,1,'CAN:Baud=Auto',0,0,0): ERR_HARDWARE_NOT_RESPONDING
Tue Dec 13 17:14:40.142 - [18668] RP1210_ClientConnect(0,1,'CAN:Baud=Auto',0,0,0): ERR_HARDWARE_NOT_RESPONDING
Tue Dec 13 17:14:40.147 - [18668] RP1210_ClientConnect(0,1,'CAN:Baud=Auto',0,0,0): ERR_HARDWARE_NOT_RESPONDING
Tue Dec 13 17:14:40.153 - [18668] RP1210_ClientConnect(0,1,'CAN:Baud=Auto',0,0,0): ERR_HARDWARE_NOT_RESPONDING
Tue Dec 13 17:14:40.159 - [18668] RP1210_ClientConnect(0,1,'CAN:Baud=Auto',0,0,0): ERR_HARDWARE_NOT_RESPONDING
Tue Dec 13 17:14:40.165 - [18668] RP1210_ClientConnect(0,1,'CAN:Baud=Auto',0,0,0): ERR_HARDWARE_NOT_RESPONDING
Tue Dec 13 17:14:40.170 - [18668] RP1210_ClientConnect(0,1,'CAN:Baud=Auto',0,0,0): ERR_HARDWARE_NOT_RESPONDING
Tue Dec 13 17:14:40.186 - [18668] RP1210_ClientConnect(0,1,'CAN:Baud=Auto',0,0,0): ERR_HARDWARE_NOT_RESPONDING
Tue Dec 13 17:14:40.197 - [18668] RP1210_ClientConnect(0,1,'CAN:Baud=Auto',0,0,0): ERR_HARDWARE_NOT_RESPONDING
Tue Dec 13 17:14:40.206 - [18668] RP1210_ClientConnect(0,1,'CAN:Baud=Auto',0,0,0): ERR_HARDWARE_NOT_RESPONDING
Tue Dec 13 17:14:40.215 - [18668] RP1210_ClientConnect(0,1,'CAN:Baud=Auto',0,0,0): ERR_HARDWARE_NOT_RESPONDING
Tue Dec 13 17:14:40.221 - [18668] RP1210_ClientConnect(0,1,'CAN:Baud=Auto',0,0,0): ERR_HARDWARE_NOT_RESPONDING
[-----------------------------------------]
[ PEAK RP1210(C) LOG
[ Record start: Tue Dec 13 17:14:58 2022
[-----------------------------------------]
Tue Dec 13 17:14:58.176 - [20076] RP1210_ClientConnect(0,1,'CAN:Baud=Auto',0,0,0): 1
Tue Dec 13 17:14:58.186 - [20076] RP1210_ClientConnect(0,1,'CAN:Baud=Auto',0,0,0): 2
Tue Dec 13 17:15:07.633 - [10176] RP1210_ClientConnect(0,1,'CAN:Baud=Auto',0,0,0): 3
Tue Dec 13 17:15:08.473 - [01792] RP1210_ClientConnect(0,1,'CAN:Baud=Auto',0,0,0): 4
[-----------------------------------------]
[ PEAK RP1210(C) LOG
[ Record start: Tue Dec 13 17:24:57 2022
[-----------------------------------------]
Tue Dec 13 17:24:57.023 - [18444] RP1210_ClientConnect(0,1,'CAN:Baud=Auto',0,0,0): 1
Tue Dec 13 17:24:58.142 - [16400] RP1210_ClientConnect(0,1,'CAN:Baud=Auto',0,0,0): 2

[-----------------------------------------]
[ PEAK RP1210(C) LOG
[ Record start: Tue Dec 13 17:26:11 2022
[-----------------------------------------]
Tue Dec 13 17:26:11.800 - [19748] RP1210_ClientConnect(0,1,'CAN:Baud=Auto',0,0,0): 1
Tue Dec 13 17:26:11.807 - [19748] RP1210_ClientConnect(0,1,'CAN:Baud=Auto',0,0,0): 2
Tue Dec 13 17:26:12.678 - [16280] RP1210_ClientConnect(0,1,'CAN:Baud=Auto',0,0,0): 3
Tue Dec 13 17:26:13.437 - [07016] RP1210_ClientConnect(0,1,'CAN:Baud=Auto',0,0,0): 4
[-----------------------------------------]
[ PEAK RP1210(C) LOG
[ Record start: Tue Dec 13 17:28:30 2022
[-----------------------------------------]
Tue Dec 13 17:28:30.863 - [18156] RP1210_ClientConnect(0,1,'CAN:Baud=Auto',0,0,0): 1
Tue Dec 13 17:28:30.872 - [18156] RP1210_ClientConnect(0,1,'CAN:Baud=Auto',0,0,0): 2

[-----------------------------------------]
[ PEAK RP1210(C) LOG
[ Record start: Tue Dec 13 17:28:31 2022
[-----------------------------------------]
[-----------------------------------------]
[ PEAK RP1210(C) LOG
[ Record start: Tue Dec 13 17:29:27 2022
[-----------------------------------------]
Tue Dec 13 17:29:27.838 - [00768] RP1210_ClientConnect(0,1,'CAN:Baud=Auto',0,0,0): 1
Tue Dec 13 17:29:27.845 - [00768] RP1210_ClientConnect(0,1,'CAN:Baud=Auto',0,0,0): 2
[-----------------------------------------]
[ PEAK RP1210(C) LOG
[ Record start: Tue Dec 13 17:51:02 2022
[-----------------------------------------]
Tue Dec 13 17:51:02.475 - [12908] RP1210_ClientConnect(0,1,'CAN:Baud=Auto',0,0,0): 1
Tue Dec 13 17:51:02.489 - [12908] RP1210_ClientConnect(0,1,'CAN:Baud=Auto',0,0,0): 2
[-----------------------------------------]
[ PEAK RP1210(C) LOG
[ Record start: Tue Dec 13 17:51:47 2022
[-----------------------------------------]
Tue Dec 13 17:51:47.802 - [19080] RP1210_ClientConnect(0,1,'CAN:Baud=Auto',0,0,0): ERR_HARDWARE_NOT_RESPONDING

[-----------------------------------------]
[ PEAK RP1210(C) LOG
[ Record start: Tue Dec 13 17:55:25 2022
[-----------------------------------------]
Tue Dec 13 17:55:25.261 - [10688] RP1210_ClientConnect(0,1,'CAN:Baud=Auto',0,0,0): ERR_HARDWARE_NOT_RESPONDING

[-----------------------------------------]
[ PEAK RP1210(C) LOG
[ Record start: Tue Dec 13 17:55:36 2022
[-----------------------------------------]
Tue Dec 13 17:55:36.691 - [15412] RP1210_ClientConnect(0,1,'CAN:Baud=Auto',0,0,0): 1
Tue Dec 13 17:55:36.699 - [15412] RP1210_ClientConnect(0,1,'CAN:Baud=Auto',0,0,0): 2
Tue Dec 13 17:55:39.337 - [18288] RP1210_ClientConnect(0,1,'CAN:Baud=Auto',0,0,0): 3
Tue Dec 13 17:55:40.066 - [06528] RP1210_ClientConnect(0,1,'CAN:Baud=Auto',0,0,0): 4
Tue Dec 13 17:55:40.710 - [13180] RP1210_ClientConnect(0,1,'CAN:Baud=Auto',0,0,0): 5
Tue Dec 13 17:55:41.210 - [12124] RP1210_ClientConnect(0,1,'CAN:Baud=Auto',0,0,0): 6
Tue Dec 13 17:55:47.804 - [15384] RP1210_ClientConnect(0,1,'CAN:Baud=Auto',0,0,0): ERR_HARDWARE_NOT_RESPONDING
Tue Dec 13 17:55:48.731 - [17704] RP1210_ClientConnect(0,1,'CAN:Baud=Auto',0,0,0): ERR_HARDWARE_NOT_RESPONDING
Tue Dec 13 17:56:03.506 - [17136] RP1210_ClientConnect(0,1,'CAN:Baud=Auto',0,0,0): ERR_HARDWARE_NOT_RESPONDING
Tue Dec 13 17:56:03.831 - [18288] RP1210_ClientConnect(0,1,'CAN:Baud=Auto',0,0,0): ERR_HARDWARE_NOT_RESPONDING
Tue Dec 13 17:56:04.221 - [13180] RP1210_ClientConnect(0,1,'CAN:Baud=Auto',0,0,0): ERR_HARDWARE_NOT_RESPONDING
Tue Dec 13 17:56:04.644 - [15384] RP1210_ClientConnect(0,1,'CAN:Baud=Auto',0,0,0): ERR_HARDWARE_NOT_RESPONDING
Tue Dec 13 17:56:05.122 - [17704] RP1210_ClientConnect(0,1,'CAN:Baud=Auto',0,0,0): ERR_HARDWARE_NOT_RESPONDING
Tue Dec 13 17:56:05.611 - [17136] RP1210_ClientConnect(0,1,'CAN:Baud=Auto',0,0,0): ERR_HARDWARE_NOT_RESPONDING
Tue Dec 13 17:56:16.166 - [18288] RP1210_ClientConnect(0,1,'CAN:Baud=Auto',0,0,0): 7
Tue Dec 13 17:56:16.615 - [06528] RP1210_ClientConnect(0,1,'CAN:Baud=Auto',0,0,0): 8
Tue Dec 13 17:56:16.972 - [13180] RP1210_ClientConnect(0,1,'CAN:Baud=Auto',0,0,0): 9
Tue Dec 13 17:56:17.435 - [12124] RP1210_ClientConnect(0,1,'CAN:Baud=Auto',0,0,0): 10
Tue Dec 13 17:56:19.371 - [15384] RP1210_ClientConnect(0,1,'CAN:Baud=Auto',0,0,0): 11
Tue Dec 13 17:56:19.867 - [12988] RP1210_ClientConnect(0,1,'CAN:Baud=Auto',0,0,0): 12
Tue Dec 13 17:56:21.755 - [17704] RP1210_ClientConnect(0,1,'CAN:Baud=Auto',0,0,0): 13
Tue Dec 13 17:56:22.250 - [10688] RP1210_ClientConnect(0,1,'CAN:Baud=Auto',0,0,0): 14
[-----------------------------------------]
[ PEAK RP1210(C) LOG
[ Record start: Tue Dec 13 17:57:58 2022
[-----------------------------------------]
Tue Dec 13 17:57:58.675 - [20420] RP1210_ClientConnect(0,1,'CAN:Baud=Auto',0,0,0): 1
Tue Dec 13 17:57:58.689 - [20420] RP1210_ClientConnect(0,1,'CAN:Baud=Auto',0,0,0): 2

[-----------------------------------------]
[ PEAK RP1210(C) LOG
[ Record start: Tue Dec 13 17:57:59 2022
[-----------------------------------------]
Tue Dec 13 17:57:59.671 - [09904] RP1210_ClientConnect(0,1,'CAN:Baud=Auto',0,0,0): 1
Tue Dec 13 17:57:59.678 - [09904] RP1210_ClientConnect(0,1,'CAN:Baud=Auto',0,0,0): 2
Tue Dec 13 17:58:00.529 - [15228] RP1210_ClientConnect(0,1,'CAN:Baud=Auto',0,0,0): 3
Tue Dec 13 17:58:01.266 - [14988] RP1210_ClientConnect(0,1,'CAN:Baud=Auto',0,0,0): 4
[-----------------------------------------]
[ PEAK RP1210(C) LOG
[ Record start: Tue Dec 13 17:59:07 2022
[-----------------------------------------]
Tue Dec 13 17:59:07.347 - [05752] RP1210_ClientConnect(0,1,'CAN:Baud=Auto',0,0,0): 1
Tue Dec 13 17:59:07.355 - [05752] RP1210_ClientConnect(0,1,'CAN:Baud=Auto',0,0,0): 2
Tue Dec 13 17:59:08.119 - [03624] RP1210_ClientConnect(0,1,'CAN:Baud=Auto',0,0,0): 3
Tue Dec 13 17:59:08.767 - [07076] RP1210_ClientConnect(0,1,'CAN:Baud=Auto',0,0,0): 4
Tue Dec 13 17:59:09.422 - [00604] RP1210_ClientConnect(0,1,'CAN:Baud=Auto',0,0,0): 5
Tue Dec 13 17:59:10.068 - [19908] RP1210_ClientConnect(0,1,'CAN:Baud=Auto',0,0,0): 6
Tue Dec 13 17:59:10.734 - [16936] RP1210_ClientConnect(0,1,'CAN:Baud=Auto',0,0,0): 7
Tue Dec 13 17:59:11.421 - [18284] RP1210_ClientConnect(0,1,'CAN:Baud=Auto',0,0,0): 8
Tue Dec 13 18:15:45.119 - [11788] RP1210_ClientConnect(0,1,'CAN:Baud=Auto',0,0,0): 9
Tue Dec 13 18:19:06.837 - [07076] RP1210_ClientConnect(0,1,'CAN:Baud=Auto',0,0,0): 10
Tue Dec 13 18:19:07.692 - [00604] RP1210_ClientConnect(0,1,'CAN:Baud=Auto',0,0,0): 11
